passenger_id,first_name,last_name,full_name,gender,date_of_birth,email,phone,passport_number,nationality
PS00001,Ayush,Jani,Ayush Jani,MALE,1968-11-29,sgaba@example.net,4655973494,XD3684279,AMERICAN
PS00002,Gavin,Iyengar,Gavin Iyengar,MALE,1974-01-11,hcheema@example.net,913164337623,QS1627200,GERMAN
PS00003,Nachiket,Balan,Nachiket Balan,MALE,1998-01-07,tripti71@example.com,911082355620,KG0147908,FRENCH
PS00004,Wishi,Kale,Wishi Kale,FEMALE,1982-08-28,omalhotra@example.com,6774997587,IZ7953746,FRENCH
PS00005,Eesha,Vyas,Eesha Vyas,FEMALE,2002-12-07,lmore@example.org,9076984147,UA5300999,SINGAPOREAN
PS00006,Advika,Mane,Advika Mane,FEMALE,1963-07-25,turvi24@example.net,7267082674,PA2472350,BRITISH
PS00007,Ayush,Viswanathan,Ayush Viswanathan,MALE,2001-03-31,cheemanisha@example.net,7925775937,CC3685375,SINGAPOREAN
PS00008,Fiyaz,Muni,Fiyaz Muni,MALE,1978-06-20,anthony93@example.org,2119384635,SO7487530,UAE
PS00009,Yashasvi,Saxena,Yashasvi Saxena,FEMALE,2008-03-25,dinanvi@example.com,5870522211,XH9346589,UAE
PS00010,Janya,Balay,Janya Balay,FEMALE,1963-11-01,bumbupkaar@example.com,918941076162,VY2274886,BRITISH
PS00011,Charles,Bhat,Charles Bhat,MALE,1991-04-04,theodore46@example.com,4472649188,YY1430083,FRENCH
PS00012,Baghyawati,Tak,Baghyawati Tak,FEMALE,1956-07-26,hviswanathan@example.net,919496249282,SS8179914,AUSTRALIAN
PS00013,Manthan,Guha,Manthan Guha,MALE,1975-11-04,abassi@example.com,1916037917,AL5695705,BRITISH
PS00014,Tanveer,Ramanathan,Tanveer Ramanathan,MALE,2007-03-27,prabhujagrati@example.com,8657493472,GD1311024,INDIAN
PS00015,Lopa,Bir,Lopa Bir,FEMALE,1957-07-23,chaudharyhemal@example.org,9909174421,LZ4815154,INDIAN
PS00016,Vaishnavi,Gole,Vaishnavi Gole,FEMALE,1986-12-25,keya86@example.net,918132587793,GA1101163,SINGAPOREAN
PS00017,Mugdha,Kota,Mugdha Kota,FEMALE,1978-01-18,roywishi@example.com,2794480847,DU3674764,AUSTRALIAN
PS00018,Anay,Subramaniam,Anay Subramaniam,MALE,1991-12-10,nehachawla@example.com,7864107028,TE0150854,UAE
PS00019,Ekansh,Banerjee,Ekansh Banerjee,MALE,1996-01-26,warhinadkarni@example.com,919465010,BW2341265,FRENCH
PS00020,Viraj,Sule,Viraj Sule,MALE,1963-03-07,ksengupta@example.net,911739080337,MH9723367,GERMAN
PS00021,Orinder,Gole,Orinder Gole,MALE,1976-09-09,gsolanki@example.org,3748525547,HT4889203,SINGAPOREAN
PS00022,Hemani,Nadkarni,Hemani Nadkarni,FEMALE,1966-05-01,kashvi73@example.com,910475022284,FD9144889,SINGAPOREAN
PS00023,Anamika,Sem,Anamika Sem,FEMALE,1973-02-25,badamirachita@example.com,919183678334,QF4028870,AMERICAN
PS00024,Patrick,Ganesh,Patrick Ganesh,MALE,1957-10-30,vvenkataraman@example.org,7696352521,KN5933133,AMERICAN
PS00025,Gaurika,Jhaveri,Gaurika Jhaveri,FEMALE,1980-08-01,okala@example.org,913655732902,FD8715151,GERMAN
PS00026,Michael,Konda,Michael Konda,MALE,1973-10-20,vwali@example.org,1776900826,QA1311752,AUSTRALIAN
PS00027,Parth,Sheth,Parth Sheth,MALE,2003-08-05,shettyethan@example.com,8963874337,GH9056784,JAPANESE
PS00028,Nidhi,Chawla,Nidhi Chawla,FEMALE,2004-09-22,udant06@example.net,5279896400,YZ2869061,GERMAN
PS00029,Nihal,Singhal,Nihal Singhal,MALE,1980-03-09,mandaltanmayi@example.org,912032401614,LN6407858,SINGAPOREAN
PS00030,Sachi,Borde,Sachi Borde,FEMALE,1965-10-15,gsavant@example.org,2708954296,JI9422566,CANADIAN
PS00031,Lipika,Bera,Lipika Bera,FEMALE,1964-07-01,kashvi08@example.com,9140481105,UN4312266,JAPANESE
PS00032,Vihaan,Pau,Vihaan Pau,MALE,1994-04-16,osha14@example.com,912270451885,XY5754006,CANADIAN
PS00033,Onveer,Parekh,Onveer Parekh,MALE,1990-04-09,gagan79@example.com,918382925882,RR0647156,CANADIAN
PS00034,Andrew,Nayak,Andrew Nayak,MALE,1975-10-14,comarkritika@example.com,2232078777,LW4726155,CANADIAN
PS00035,Hiral,Halder,Hiral Halder,FEMALE,1974-12-17,niteshgulati@example.com,4659309257,DD4994562,AMERICAN
PS00036,Nidhi,Chakrabarti,Nidhi Chakrabarti,FEMALE,1974-08-14,unarayan@example.org,913614035644,QI7995166,GERMAN
PS00037,Michael,Prakash,Michael Prakash,MALE,1979-06-12,tamanna50@example.net,919172327322,ZY2767013,BRITISH
PS00038,Wakeeta,Saha,Wakeeta Saha,FEMALE,2001-10-07,jsant@example.org,640217519,RJ4169819,UAE
PS00039,Vinaya,Barad,Vinaya Barad,FEMALE,1983-12-29,ubika05@example.net,5362747640,IH7602161,UAE
PS00040,Pratyush,Kadakia,Pratyush Kadakia,MALE,1977-07-30,lbajaj@example.com,915925317819,YT4672721,FRENCH
PS00041,Lohit,Krishnan,Lohit Krishnan,MALE,1975-02-12,ojas88@example.net,913388926051,EQ6439779,GERMAN
PS00042,Ojas,Ratti,Ojas Ratti,MALE,1964-04-08,reva47@example.org,919655761958,AX9931460,UAE
PS00043,Ishani,Basak,Ishani Basak,FEMALE,1996-07-04,zayan18@example.com,9958385010,KJ2307255,JAPANESE
PS00044,Kashvi,Boase,Kashvi Boase,FEMALE,1995-07-21,lsamra@example.org,2739095590,IG4232181,INDIAN
PS00045,Libni,Sarkar,Libni Sarkar,FEMALE,1966-12-27,arjunvarghese@example.com,915293291839,IX0185167,FRENCH
PS00046,Hemangini,Amble,Hemangini Amble,FEMALE,1977-04-10,jbuch@example.net,4429844555,WJ7390516,FRENCH
PS00047,Jagdish,Sathe,Jagdish Sathe,MALE,2002-11-06,yashvinadkarni@example.com,919769693727,CG0616120,BRITISH
PS00048,Isaac,Loke,Isaac Loke,MALE,1963-12-29,pbakshi@example.com,918766093758,PQ6575845,UAE
PS00049,Sudiksha,Mishra,Sudiksha Mishra,FEMALE,1976-02-20,asetty@example.net,4409646503,PX2076705,UAE
PS00050,Ishita,Thakur,Ishita Thakur,FEMALE,1966-01-28,eiravati79@example.net,9429209091,IX2989943,FRENCH
PS00051,Megha,Natt,Megha Natt,FEMALE,1996-07-18,ibahri@example.com,914642797828,YO7390918,JAPANESE
PS00052,Sathvik,Dhingra,Sathvik Dhingra,MALE,1991-11-29,ishwar52@example.org,7819629809,ZQ5488159,INDIAN
PS00053,Agastya,Narayanan,Agastya Narayanan,MALE,1969-08-31,dhruv72@example.org,913255551137,AP9277056,BRITISH
PS00054,Bishakha,Vaidya,Bishakha Vaidya,FEMALE,1977-06-18,chakrabartijanuja@example.com,8070463150,UN5220240,AUSTRALIAN
PS00055,Laban,Toor,Laban Toor,MALE,1995-01-27,advikadas@example.org,917877529765,YF3232031,GERMAN
PS00056,Netra,Viswanathan,Netra Viswanathan,FEMALE,1997-11-07,unnati48@example.com,7619386475,AX2783570,JAPANESE
PS00057,Neha,Bassi,Neha Bassi,FEMALE,1968-07-19,kreddy@example.net,5672517097,NA1460561,CANADIAN
PS00058,Warinder,Buch,Warinder Buch,MALE,2000-12-12,xkeer@example.org,4144751960,MA9685614,SINGAPOREAN
PS00059,Lavanya,Oak,Lavanya Oak,FEMALE,1958-10-31,falan69@example.net,1316596238,ZY3699730,AMERICAN
PS00060,Anay,Barad,Anay Barad,MALE,1981-05-26,tanay50@example.com,4480625668,NY7341836,BRITISH
PS00061,Zansi,Sachdev,Zansi Sachdev,FEMALE,2005-07-23,brindapingle@example.org,4948472506,ET7240819,FRENCH
PS00062,Lopa,Sandhu,Lopa Sandhu,FEMALE,1967-10-08,hrau@example.net,1266106872,TE6586632,FRENCH
PS00063,Chanchal,Pingle,Chanchal Pingle,FEMALE,1963-10-30,jason32@example.org,917096028877,FM7943455,INDIAN
PS00064,Daksha,Murty,Daksha Murty,FEMALE,1999-08-08,yashawini86@example.com,4003680987,RB1785073,AUSTRALIAN
PS00065,Teerth,Sethi,Teerth Sethi,MALE,2007-07-08,gaurijain@example.net,559628558,XK8824485,SINGAPOREAN
PS00066,Ekanta,Lad,Ekanta Lad,FEMALE,1987-10-08,contractorirya@example.org,4640637947,XR3361507,CANADIAN
PS00067,Samar,Varkey,Samar Varkey,MALE,1986-08-02,nazarethqabil@example.com,5748366643,MT5354736,CANADIAN
PS00068,Leena,Rattan,Leena Rattan,FEMALE,1959-10-14,niteshreddy@example.org,827146279,IX0773343,AUSTRALIAN
PS00069,Samuel,Das,Samuel Das,MALE,1998-07-13,samuel62@example.com,3560733037,MI8385690,INDIAN
PS00070,Aashi,Chaudhary,Aashi Chaudhary,FEMALE,2001-07-14,gsankar@example.org,917992342396,SR0756802,INDIAN
PS00071,Vaishnavi,Minhas,Vaishnavi Minhas,FEMALE,1994-11-30,raaginidani@example.org,917325738294,EF5349541,INDIAN
PS00072,Mahika,Wali,Mahika Wali,FEMALE,1963-09-03,vohraurvashi@example.net,916099086831,WT4182451,AUSTRALIAN
PS00073,Aashi,Saran,Aashi Saran,FEMALE,2003-01-26,niharika17@example.com,8291208451,ME4415710,GERMAN
PS00074,Adya,Nagi,Adya Nagi,FEMALE,1956-04-17,borrageorge@example.net,7353726690,GD8267543,AUSTRALIAN
PS00075,Radha,Pathak,Radha Pathak,FEMALE,2006-05-03,pillaysamar@example.org,9284286576,ML8858135,FRENCH
PS00076,Barkha,Shere,Barkha Shere,FEMALE,1995-09-19,joshiwyatt@example.org,914623661639,JN0784317,UAE
PS00077,Lajita,Sha,Lajita Sha,FEMALE,1970-07-22,tanish06@example.org,8880508610,MD1502450,GERMAN
PS00078,Benjamin,Thakkar,Benjamin Thakkar,MALE,1956-03-19,ztank@example.com,5103219827,GJ6798837,CANADIAN
PS00079,Megha,Lala,Megha Lala,FEMALE,2008-06-23,daminiraju@example.org,2562169388,DU1500062,FRENCH
PS00080,Wriddhish,Borah,Wriddhish Borah,MALE,2008-06-07,vkarpe@example.com,3733548246,NE3631262,JAPANESE
PS00081,Geetika,Kalla,Geetika Kalla,FEMALE,1993-10-24,vasana51@example.com,916852872115,AS7613789,GERMAN
PS00082,Sarthak,Kadakia,Sarthak Kadakia,MALE,1991-12-14,rdhaliwal@example.com,4279437633,AW8602054,AMERICAN
PS00083,Bhavani,Bhat,Bhavani Bhat,FEMALE,1971-03-04,finn41@example.org,3371809631,HJ0817895,GERMAN
PS00084,Isaiah,Raval,Isaiah Raval,MALE,1973-07-18,bailabhimanyu@example.net,632121743,ZO2162047,SINGAPOREAN
PS00085,Ayush,Kanda,Ayush Kanda,MALE,1979-04-27,ladli29@example.com,4210184252,NJ9971273,CANADIAN
PS00086,Chaitanya,Patla,Chaitanya Patla,MALE,1963-04-01,sudikshachand@example.net,9321727913,KH4465033,AUSTRALIAN
PS00087,Advaith,Dugal,Advaith Dugal,MALE,1969-08-08,kashishhora@example.com,5186262557,JX5338389,FRENCH
PS00088,Vaishnavi,Mander,Vaishnavi Mander,FEMALE,1997-09-09,walidhriti@example.org,8781397186,TW7970143,AUSTRALIAN
PS00089,Bhavya,Vala,Bhavya Vala,FEMALE,1975-07-25,orinder20@example.com,3542255407,SV4902808,GERMAN
PS00090,Aashi,Brar,Aashi Brar,FEMALE,1975-06-17,banikdaksha@example.net,8754073319,UR1320026,GERMAN
PS00091,Girik,Mani,Girik Mani,MALE,1969-04-09,vasatika26@example.net,913357518592,YX9792465,AUSTRALIAN
PS00092,Janaki,Dube,Janaki Dube,FEMALE,1987-06-24,bkari@example.net,915476472509,JH7807581,JAPANESE
PS00093,Urvashi,Saini,Urvashi Saini,FEMALE,1981-09-26,ramarushil@example.com,9883026378,LK1143407,BRITISH
PS00094,Leela,Narayan,Leela Narayan,FEMALE,1960-01-15,vermapallavi@example.com,919326590767,FK2057227,GERMAN
PS00095,Neha,Buch,Neha Buch,FEMALE,2001-11-12,ira52@example.net,6448009612,CD4038616,SINGAPOREAN
PS00096,Darpan,Kulkarni,Darpan Kulkarni,MALE,1977-03-23,esengupta@example.net,1803241092,NI8656489,FRENCH
PS00097,Yasti,Murthy,Yasti Murthy,FEMALE,1995-09-17,kraval@example.org,9673050043,AS7461722,SINGAPOREAN
PS00098,Bahadurjit,Balakrishnan,Bahadurjit Balakrishnan,MALE,1989-04-15,kurianfarhan@example.org,9677734589,KI6212633,CANADIAN
PS00099,Gopal,Hayer,Gopal Hayer,MALE,1960-05-29,hemangpadmanabhan@example.net,911061046820,WK6653000,UAE
PS00100,Chakrika,Sane,Chakrika Sane,FEMALE,1995-11-23,waglexavier@example.net,5070141393,SD8364492,GERMAN
PS00101,Aarav,Das,Aarav Das,MALE,1961-06-20,madanpahal@example.net,919698119044,NU7554358,FRENCH
PS00102,Kiaan,Ben,Kiaan Ben,MALE,1985-02-14,aayushkrishnan@example.com,910232259556,MR3104977,GERMAN
PS00103,Tanmayi,Sharaf,Tanmayi Sharaf,FEMALE,1974-04-17,hsodhi@example.org,1347446236,VT0941721,CANADIAN
PS00104,Oviya,Lalla,Oviya Lalla,FEMALE,1964-09-14,nshetty@example.org,915155960946,ZM6073014,UAE
PS00105,Nirja,Bose,Nirja Bose,FEMALE,1995-11-30,bgokhale@example.org,9530943186,FL3368459,GERMAN
PS00106,Vrishti,Subramaniam,Vrishti Subramaniam,FEMALE,2005-04-20,imanne@example.net,4861796433,RO5263013,JAPANESE
PS00107,Lekha,Narayan,Lekha Narayan,FEMALE,1991-10-10,jacobbarman@example.com,912594556895,YL9368410,CANADIAN
PS00108,Yachana,Bobal,Yachana Bobal,FEMALE,1990-11-19,rgarde@example.net,3755047538,PP2600065,INDIAN
PS00109,Jatin,Dugal,Jatin Dugal,MALE,1985-08-16,ychand@example.com,1911594493,QJ2861182,BRITISH
PS00110,Siddharth,Pandey,Siddharth Pandey,MALE,2007-10-09,yochana06@example.com,6195453226,FW1903566,BRITISH
PS00111,Wyatt,Chada,Wyatt Chada,MALE,2002-04-10,ukarnik@example.com,918933507997,KJ8729051,SINGAPOREAN
PS00112,Oviya,Sahota,Oviya Sahota,FEMALE,1991-03-18,nandinibawa@example.com,8723913179,WW1144026,FRENCH
PS00113,Upma,Sane,Upma Sane,FEMALE,2008-01-12,lmohanty@example.net,1925058813,FB1383398,UAE
PS00114,Abhiram,Savant,Abhiram Savant,MALE,1983-08-06,joshua90@example.org,916338702,NI2520803,UAE
PS00115,Yatin,Patil,Yatin Patil,MALE,2000-04-23,daliaethan@example.org,5660602063,GT0723133,UAE
PS00116,Meghana,Ganesh,Meghana Ganesh,FEMALE,1995-02-07,ekapad09@example.org,1328823282,RH1361604,INDIAN
PS00117,Tarak,Saraf,Tarak Saraf,MALE,2005-09-22,omya23@example.net,917633119606,UA1703496,AUSTRALIAN
PS00118,Aashi,Wagle,Aashi Wagle,FEMALE,1956-01-11,devika13@example.org,3301780059,FX3516064,AMERICAN
PS00119,Rachit,Kuruvilla,Rachit Kuruvilla,MALE,1959-11-06,ira02@example.net,8131452972,WA6485230,CANADIAN
PS00120,Divya,Tara,Divya Tara,FEMALE,1963-07-07,saanvi85@example.net,5499020305,ZR0834988,AMERICAN
PS00121,Ojasvi,Sood,Ojasvi Sood,FEMALE,1984-09-05,aarnasarna@example.net,8412362692,HB8435908,AMERICAN
PS00122,Aahana,Banik,Aahana Banik,FEMALE,2003-09-03,jeremiah78@example.com,2646372282,RT0438456,JAPANESE
PS00123,Dhriti,Karnik,Dhriti Karnik,FEMALE,1986-06-11,dalbirdass@example.org,3197081532,UV5085464,GERMAN
PS00124,Kala,Kari,Kala Kari,FEMALE,1995-10-20,ekanta36@example.org,915003132211,WF3674294,JAPANESE
PS00125,Neha,Patil,Neha Patil,FEMALE,1995-09-16,jmani@example.net,7145558812,XL4047254,AMERICAN
PS00126,Jonathan,Shankar,Jonathan Shankar,MALE,1970-06-16,ydey@example.org,916994275043,CQ2524272,BRITISH
PS00127,Vihaan,Agrawal,Vihaan Agrawal,MALE,1976-01-08,timothybose@example.org,7202404906,CY6010409,JAPANESE
PS00128,Frederick,Karnik,Frederick Karnik,MALE,1999-06-04,keyachaudhuri@example.net,918284190556,YK2195006,GERMAN
PS00129,Viraj,Bhatia,Viraj Bhatia,MALE,1959-07-30,fmodi@example.com,7215568916,NG4952127,AUSTRALIAN
PS00130,Charan,Kalla,Charan Kalla,MALE,2005-04-16,siyanarula@example.net,916428547870,LX7968062,INDIAN
PS00131,Dalaja,Deshpande,Dalaja Deshpande,FEMALE,1987-05-28,zehaanchana@example.net,9979189667,GX0150362,FRENCH
PS00132,Veer,Singhal,Veer Singhal,MALE,1997-10-06,umangbrar@example.com,9908562180,BI3807588,UAE
PS00133,Yashoda,Rege,Yashoda Rege,FEMALE,1970-11-12,kuriantarak@example.org,8953932612,VR7535937,SINGAPOREAN
PS00134,Zayyan,Prashad,Zayyan Prashad,MALE,1984-04-06,chandyashvi@example.com,3267558909,OB9725430,AMERICAN
PS00135,Hredhaan,Anne,Hredhaan Anne,MALE,1980-05-24,surathomas@example.com,6648568407,BR8088835,INDIAN
PS00136,Nachiket,Saran,Nachiket Saran,MALE,1958-09-16,radhika77@example.org,4989544750,GI2405332,SINGAPOREAN
PS00137,Luke,Kibe,Luke Kibe,MALE,1961-03-26,farhan55@example.com,2827847590,AA1115211,AUSTRALIAN
PS00138,Arunima,Tandon,Arunima Tandon,FEMALE,1971-01-16,aganesh@example.net,2741559626,XO8985801,AUSTRALIAN
PS00139,Vanya,Soni,Vanya Soni,FEMALE,2003-02-11,badaminoah@example.net,6556870071,BE7981572,CANADIAN
PS00140,Radha,Vohra,Radha Vohra,FEMALE,1978-12-29,nachiketsaran@example.org,1327284682,OV4830575,GERMAN
PS00141,Lekha,Saxena,Lekha Saxena,FEMALE,1994-11-21,naksh07@example.org,8815411152,GY2870449,AUSTRALIAN
PS00142,Timothy,Bala,Timothy Bala,MALE,1990-02-27,ijaya01@example.org,6235456821,XQ5019425,AUSTRALIAN
PS00143,Adweta,Taneja,Adweta Taneja,FEMALE,1979-09-04,gabriel23@example.net,1281644702,FM1031354,CANADIAN
PS00144,Abha,Gola,Abha Gola,FEMALE,1999-12-25,ikar@example.org,7897846979,CK7746463,AUSTRALIAN
PS00145,Samarth,Venkataraman,Samarth Venkataraman,MALE,1968-08-03,bhavya77@example.org,330914459,MW4684796,AMERICAN
PS00146,Veer,Rana,Veer Rana,MALE,1975-09-05,aryan18@example.net,8790734380,ZK8548065,GERMAN
PS00147,Janaki,Sangha,Janaki Sangha,FEMALE,1974-05-08,desaikrishna@example.net,918690746359,OR3610048,FRENCH
PS00148,Sanaya,Sodhi,Sanaya Sodhi,FEMALE,1986-08-18,mwalia@example.net,9877842563,WI6604104,JAPANESE
PS00149,Pratyush,Koshy,Pratyush Koshy,MALE,1990-10-05,chanchaldua@example.com,915841302588,LQ1343563,SINGAPOREAN
PS00150,Balhaar,Muni,Balhaar Muni,MALE,1973-07-23,vvora@example.net,910775660072,BA5190908,UAE
PS00151,Ria,Bhattacharyya,Ria Bhattacharyya,FEMALE,2001-04-30,lila79@example.com,3455102810,NM8559025,BRITISH
PS00152,Abdul,Suresh,Abdul Suresh,MALE,1968-05-10,bavaom@example.com,7398503151,DG3676303,FRENCH
PS00153,Ekta,Pradhan,Ekta Pradhan,FEMALE,1965-04-17,chaudrylaksh@example.net,2317235092,AU5437530,SINGAPOREAN
PS00154,Balendra,Gupta,Balendra Gupta,MALE,1987-05-27,anmolkannan@example.com,1857576944,KC9023468,GERMAN
PS00155,Dev,Raja,Dev Raja,MALE,2004-06-14,ekiyasingh@example.org,2788147585,NZ8565633,BRITISH
PS00156,Eshana,Gill,Eshana Gill,FEMALE,1980-06-21,zjani@example.org,7975029767,IB9022463,GERMAN
PS00157,Anita,Yogi,Anita Yogi,FEMALE,1973-11-19,boasegunbir@example.com,913554690305,LU3559325,CANADIAN
PS00158,Timothy,Pandey,Timothy Pandey,MALE,2005-08-18,seshadribalvan@example.com,7717209843,TO5189832,AMERICAN
PS00159,Faris,Mammen,Faris Mammen,MALE,2003-10-13,dbhattacharyya@example.com,7741595506,VV2011864,BRITISH
PS00160,George,Chowdhury,George Chowdhury,MALE,1990-03-16,gmody@example.com,667976432,AQ7706858,AMERICAN
PS00161,Nicholas,Din,Nicholas Din,MALE,1985-07-29,moraryagnesh@example.com,919767022993,DG6346582,AUSTRALIAN
PS00162,Karan,Swamy,Karan Swamy,MALE,1988-06-10,smodi@example.org,8089874519,CK9544600,FRENCH
PS00163,Triya,Memon,Triya Memon,FEMALE,1957-04-24,srinivasanchavvi@example.org,916339950207,KA1018008,CANADIAN
PS00164,Lakshmi,Suresh,Lakshmi Suresh,FEMALE,1984-05-21,mohammed10@example.com,8811366836,DP5983206,GERMAN
PS00165,George,Khare,George Khare,MALE,2005-05-15,nirjatata@example.com,913540791394,AO1999690,UAE
PS00166,Qushi,Bahri,Qushi Bahri,FEMALE,1985-04-05,nhalder@example.net,4551091769,ZF9155715,FRENCH
PS00167,Mekhala,Dhawan,Mekhala Dhawan,FEMALE,1959-02-17,samarnarain@example.net,1061106437,ZR7021934,INDIAN
PS00168,Wakeeta,Bhalla,Wakeeta Bhalla,FEMALE,1993-02-26,chaitanyadhar@example.com,3328084214,LG6081249,GERMAN
PS00169,Jason,Rege,Jason Rege,MALE,1964-08-08,hemangini85@example.net,911547194239,CA9862792,INDIAN
PS00170,Ranveer,Khalsa,Ranveer Khalsa,MALE,1983-06-09,wriddhish78@example.net,1630436371,LV3264602,FRENCH
PS00171,Tara,Vala,Tara Vala,FEMALE,1964-05-18,yadavisoni@example.com,3179021690,NC6671362,BRITISH
PS00172,Frado,Wali,Frado Wali,MALE,2008-05-06,ybumb@example.org,916597854918,CC8641821,AUSTRALIAN
PS00173,Lakshit,Nigam,Lakshit Nigam,MALE,1963-02-19,somyashasvi@example.com,9247234047,OL8876478,BRITISH
PS00174,Watika,Srinivasan,Watika Srinivasan,FEMALE,1965-12-21,yashawinijani@example.net,8105300984,QB5931480,FRENCH
PS00175,Veer,Padmanabhan,Veer Padmanabhan,MALE,1975-02-01,turvi79@example.com,5411680620,JU1331938,SINGAPOREAN
PS00176,Aarav,Mukherjee,Aarav Mukherjee,MALE,1960-05-20,prabhakarreyansh@example.com,1848973076,QZ5997010,UAE
PS00177,Tara,Muni,Tara Muni,FEMALE,1991-10-18,dmangat@example.net,9005118601,KP8837495,UAE
PS00178,Dev,Sharma,Dev Sharma,MALE,1979-12-08,vbhagat@example.org,918250346143,DD7107055,FRENCH
PS00179,Zehaan,Shroff,Zehaan Shroff,MALE,1957-06-09,bavalajita@example.com,912427904289,ZB2418373,AUSTRALIAN
PS00180,Jairaj,Kothari,Jairaj Kothari,MALE,1978-08-23,hvenkataraman@example.com,5901175487,TI1206434,AMERICAN
PS00181,Dalaja,Dutta,Dalaja Dutta,FEMALE,1968-09-13,aurorawilliam@example.org,3001978533,HO6261734,UAE
PS00182,Garima,D’alia,Garima D’alia,FEMALE,1975-04-02,kbansal@example.net,2541675748,PD1758420,BRITISH
PS00183,Omkaar,Dayal,Omkaar Dayal,MALE,1968-11-18,bakhshi67@example.com,3428997471,VL9063825,CANADIAN
PS00184,Lucky,Balay,Lucky Balay,MALE,1987-01-12,deviteerth@example.com,2488334183,BO2209911,SINGAPOREAN
PS00185,Udant,Mahajan,Udant Mahajan,MALE,1981-03-22,yashodhara27@example.net,1894746454,QK4837631,INDIAN
PS00186,Radhika,Sarraf,Radhika Sarraf,FEMALE,1985-06-08,imangat@example.com,912257800198,JZ2525577,BRITISH
PS00187,Saksham,Rai,Saksham Rai,MALE,1990-01-23,rnarain@example.org,4907987364,HZ9090877,BRITISH
PS00188,Yatin,Chaudhuri,Yatin Chaudhuri,MALE,1996-12-13,bishakharanganathan@example.net,913178752354,SC1091881,JAPANESE
PS00189,Robert,Bath,Robert Bath,MALE,1983-02-23,narangisaac@example.org,8900866932,AR9918287,FRENCH
PS00190,Nirja,Balay,Nirja Balay,FEMALE,1997-04-14,pinglejanuja@example.com,916661715668,GA1500928,SINGAPOREAN
PS00191,Sai,Rai,Sai Rai,MALE,1975-08-14,gautam11@example.org,1587053563,IE4098513,AUSTRALIAN
PS00192,Hiral,Trivedi,Hiral Trivedi,FEMALE,2002-05-14,ldevan@example.net,750161416,TS7563830,FRENCH
PS00193,Kashvi,Bhavsar,Kashvi Bhavsar,FEMALE,1957-03-06,raypratyush@example.org,913674551235,WB5763215,UAE
PS00194,Falan,Behl,Falan Behl,MALE,1989-12-05,rrajan@example.net,2336811867,VL8851371,BRITISH
PS00195,Ekantika,Mohan,Ekantika Mohan,FEMALE,1956-08-12,vasudhakrishnamurthy@example.net,915465364154,MO7460217,AMERICAN
PS00196,Varsha,Suresh,Varsha Suresh,FEMALE,1963-07-10,balveerwalla@example.com,2433611288,KM7179045,AMERICAN
PS00197,Jagat,Nath,Jagat Nath,MALE,1966-08-20,yutika28@example.org,1863025773,AV5251429,INDIAN
PS00198,Ekta,Borde,Ekta Borde,FEMALE,1967-03-25,sankarantejas@example.com,4587655128,FI4017650,AMERICAN
PS00199,Shravya,Bora,Shravya Bora,FEMALE,2003-11-30,rchawla@example.net,919166329469,ZE7051656,FRENCH
PS00200,Isaiah,Jani,Isaiah Jani,MALE,1965-02-10,adwetaraju@example.org,915236957669,UV4711964,FRENCH
PS00201,Kiaan,Kalla,Kiaan Kalla,MALE,1992-05-18,hiralsehgal@example.net,917904664689,LX9146985,FRENCH
PS00202,Charvi,Baria,Charvi Baria,FEMALE,1973-08-25,gadeidika@example.org,9174430478,PO1919943,BRITISH
PS00203,Champak,Hayre,Champak Hayre,MALE,1989-06-19,chakrabortytheodore@example.net,5336503486,KL4632993,JAPANESE
PS00204,Pahal,Bhandari,Pahal Bhandari,FEMALE,1982-07-18,senguptagirindra@example.com,6016419910,YD7916020,JAPANESE
PS00205,Naksh,Suri,Naksh Suri,MALE,1965-02-05,rganguly@example.com,8589867972,HI3675813,CANADIAN
PS00206,Vihaan,Chaudhry,Vihaan Chaudhry,MALE,1997-11-01,hmadan@example.net,3857821498,WV6332603,AUSTRALIAN
PS00207,Sneha,Thakur,Sneha Thakur,FEMALE,1973-05-16,chasmum62@example.net,919400564180,CU5868950,JAPANESE
PS00208,Bahadurjit,Nayak,Bahadurjit Nayak,MALE,1958-04-23,vahuja@example.net,885670409,VX2407407,GERMAN
PS00209,Saumya,Chadha,Saumya Chadha,FEMALE,2006-03-30,charleskaul@example.org,4299615071,DL5480598,GERMAN
PS00210,Ekansh,Johal,Ekansh Johal,MALE,1957-07-28,chakradev43@example.org,914336722368,JU0192640,BRITISH
PS00211,Yamini,Saini,Yamini Saini,FEMALE,1969-09-25,sachdevindali@example.org,916002125975,RF7410300,AUSTRALIAN
PS00212,Advika,Srinivas,Advika Srinivas,FEMALE,1991-01-24,udantaggarwal@example.org,1995929205,HR4949766,INDIAN
PS00213,Aarav,Lanka,Aarav Lanka,MALE,1964-09-01,wsekhon@example.org,9919083964,UZ5726482,BRITISH
PS00214,Nilima,Om,Nilima Om,FEMALE,1962-07-11,uramesh@example.com,918238852988,SB0642651,GERMAN
PS00215,Urishilla,Yadav,Urishilla Yadav,FEMALE,1973-12-11,wramachandran@example.com,1047461887,BM9603831,AUSTRALIAN
PS00216,Henry,Dutt,Henry Dutt,MALE,1959-08-15,dharvasudha@example.net,911338619675,JQ0115813,AUSTRALIAN
PS00217,Rachana,Deol,Rachana Deol,FEMALE,2002-02-17,lajitavarma@example.net,8466895316,RD6907561,SINGAPOREAN
PS00218,Sai,Golla,Sai Golla,MALE,1978-09-19,caleb96@example.net,918829801776,AK8776403,FRENCH
PS00219,Yasti,Bahri,Yasti Bahri,FEMALE,1981-10-11,siya66@example.org,3058047044,EK8421909,INDIAN
PS00220,Falan,Bahri,Falan Bahri,MALE,1966-08-22,aadipathak@example.net,914499489820,OP2654361,INDIAN
PS00221,Anamika,Reddy,Anamika Reddy,FEMALE,1970-08-11,mohammed50@example.com,911448172006,JC9766375,FRENCH
PS00222,Lakshit,Mammen,Lakshit Mammen,MALE,1965-10-13,unnimani@example.org,3341042769,IU0863369,AMERICAN
PS00223,Omisha,Mannan,Omisha Mannan,FEMALE,1971-10-20,falguni11@example.org,916018118525,PI9492510,GERMAN
PS00224,Veer,Narang,Veer Narang,MALE,1994-09-21,fsarna@example.com,1588850417,ZK0376407,JAPANESE
PS00225,Ayaan,Varghese,Ayaan Varghese,MALE,1982-08-29,xraval@example.com,4124201284,WS5258052,INDIAN
PS00226,Chaitaly,Bose,Chaitaly Bose,FEMALE,1974-03-28,krishanne@example.org,910671475243,BP3615512,BRITISH
PS00227,Xiti,Chand,Xiti Chand,FEMALE,1960-07-04,thakurvasatika@example.org,912272196582,XZ0021925,UAE
PS00228,Indira,Mitra,Indira Mitra,FEMALE,1964-05-18,gaurangirajagopalan@example.org,4635592946,AB9923441,AMERICAN
PS00229,Deepa,Sinha,Deepa Sinha,FEMALE,1963-12-13,vansha18@example.com,2651423280,YJ7496553,FRENCH
PS00230,Vyanjana,Grover,Vyanjana Grover,FEMALE,1972-09-10,tristan55@example.net,8674896307,LW8445703,AMERICAN
PS00231,Hemangini,Nagar,Hemangini Nagar,FEMALE,1983-09-28,maharajgunbir@example.com,2225219287,ZU7317541,AUSTRALIAN
PS00232,Finn,Devan,Finn Devan,MALE,1996-09-26,ybaria@example.org,918380381648,VF8736130,SINGAPOREAN
PS00233,Urvi,Mohanty,Urvi Mohanty,FEMALE,1999-03-31,magarqushi@example.com,6573913235,AS2457669,UAE
PS00234,Damyanti,Balan,Damyanti Balan,FEMALE,2001-10-05,csawhney@example.net,9834868995,ZJ6448946,AUSTRALIAN
PS00235,Yashodhara,Madan,Yashodhara Madan,FEMALE,1993-08-17,tanmayisama@example.net,4665868582,LM1150306,GERMAN
PS00236,Hemang,Pingle,Hemang Pingle,MALE,1973-11-27,qasim18@example.net,3506896512,DC1456963,GERMAN
PS00237,Devika,Sha,Devika Sha,FEMALE,1980-06-11,falankapoor@example.net,913506681531,YQ3383932,AMERICAN
PS00238,Neha,Patil,Neha Patil,FEMALE,1956-07-31,vdevi@example.net,3941201601,LT3413353,CANADIAN
PS00239,Rishi,Kurian,Rishi Kurian,MALE,2004-10-19,mugdhabakshi@example.org,2283831069,AN4124955,SINGAPOREAN
PS00240,Upasna,Chauhan,Upasna Chauhan,FEMALE,1979-08-11,csunder@example.net,5855781263,QQ6316544,BRITISH
PS00241,Chatura,Krish,Chatura Krish,MALE,1968-01-11,ojaswadhwa@example.net,1781957102,IZ1645244,AUSTRALIAN
PS00242,Daksha,Prabhu,Daksha Prabhu,FEMALE,1994-05-14,vnazareth@example.org,5685270874,BW2411990,JAPANESE
PS00243,Lakshit,Majumdar,Lakshit Majumdar,MALE,1999-10-03,varenya26@example.net,910804746503,DQ8077426,GERMAN
PS00244,Tanveer,Saini,Tanveer Saini,MALE,2003-10-01,reddylakshmi@example.org,913291683950,HD5378110,UAE
PS00245,Rishi,Goswami,Rishi Goswami,MALE,2005-01-05,varugheseriya@example.net,9024144562,YL2310219,CANADIAN
PS00246,Ira,Edwin,Ira Edwin,FEMALE,2006-11-29,ahluwaliasai@example.com,915135550755,KJ8718921,SINGAPOREAN
PS00247,Jyoti,Lata,Jyoti Lata,FEMALE,2006-01-13,rattigeorge@example.net,914608606101,SP5747175,GERMAN
PS00248,Bina,Salvi,Bina Salvi,FEMALE,1981-05-02,dasekantika@example.net,9644192595,CP6331012,UAE
PS00249,Radhika,Sunder,Radhika Sunder,FEMALE,1973-02-22,nimratsen@example.org,1194839389,NZ6918780,GERMAN
PS00250,Gauri,Tara,Gauri Tara,FEMALE,1956-03-20,dayitapal@example.org,912109485241,BS2102563,SINGAPOREAN
PS00251,Harshil,Gour,Harshil Gour,MALE,1992-03-26,bprabhu@example.org,2102428599,YW3294650,BRITISH
PS00252,Wahab,Gulati,Wahab Gulati,MALE,1965-03-22,isha57@example.org,1054066670,JG3473525,AUSTRALIAN
PS00253,Arunima,Dewan,Arunima Dewan,FEMALE,2007-01-17,ekumar@example.net,3178539778,LD6150453,AMERICAN
PS00254,Suhani,Bora,Suhani Bora,FEMALE,1993-05-03,ishanishan@example.com,914293678442,UJ6392412,BRITISH
PS00255,Jason,Raj,Jason Raj,MALE,1982-02-21,palyasti@example.net,916243745214,LZ5108652,GERMAN
PS00256,Tara,Kibe,Tara Kibe,FEMALE,2004-07-23,ramaodika@example.net,246548799,LE3011750,GERMAN
PS00257,Ishaan,Agrawal,Ishaan Agrawal,MALE,2001-07-05,jmuni@example.org,1989112439,SV0679554,SINGAPOREAN
PS00258,Ekalinga,Nayak,Ekalinga Nayak,MALE,1989-09-16,sankaranmegha@example.com,6706778517,KD3784647,GERMAN
PS00259,Vivaan,Yadav,Vivaan Yadav,MALE,1964-04-19,mnaidu@example.net,4489473745,QV1927278,JAPANESE
PS00260,Fariq,Kade,Fariq Kade,MALE,1978-01-24,pavani02@example.net,4779454434,GY1347097,AUSTRALIAN
PS00261,Farhan,Mane,Farhan Mane,MALE,2006-07-22,sanya63@example.net,4410712364,DI8943032,GERMAN
PS00262,Nimrat,Munshi,Nimrat Munshi,FEMALE,2004-09-12,odara@example.org,5603277871,AF1840376,GERMAN
PS00263,Isaiah,Reddy,Isaiah Reddy,MALE,1985-04-24,sabharwalvamakshi@example.com,8705853101,SC8477571,UAE
PS00264,Abha,Chauhan,Abha Chauhan,FEMALE,1991-11-28,bhatnagarkashvi@example.org,9741876870,NY5637554,AMERICAN
PS00265,Eiravati,Varughese,Eiravati Varughese,FEMALE,1973-07-10,atwalvaishnavi@example.org,280102088,QT9685990,BRITISH
PS00266,Udyati,Bala,Udyati Bala,FEMALE,1963-11-03,gandhirehaan@example.org,4850360269,RA5000039,JAPANESE
PS00267,Ladli,Chowdhury,Ladli Chowdhury,FEMALE,1966-09-15,shivanshkant@example.net,781037293,LL2449194,UAE
PS00268,Darsh,Kannan,Darsh Kannan,MALE,1980-03-04,dugaleshana@example.com,4247444635,CI8640346,AUSTRALIAN
PS00269,Sneha,Chandra,Sneha Chandra,FEMALE,1972-07-03,zarnamistry@example.net,914648305616,CK9008406,AMERICAN
PS00270,Xalak,Seshadri,Xalak Seshadri,FEMALE,1966-12-05,dsarraf@example.com,915221979187,SI5526200,INDIAN
PS00271,Bhavya,Saran,Bhavya Saran,FEMALE,1983-05-27,vdhawan@example.net,7663992772,OZ7548610,CANADIAN
PS00272,Ekta,Subramaniam,Ekta Subramaniam,FEMALE,1970-02-19,ltiwari@example.org,918997338948,QY0042944,AMERICAN
PS00273,Triveni,Balan,Triveni Balan,FEMALE,1993-07-09,michaelreddy@example.org,5498151200,VA1652845,AMERICAN
PS00274,Harsh,Thaman,Harsh Thaman,MALE,2000-04-06,narayansachi@example.org,911667482375,BI5259838,JAPANESE
PS00275,Avi,Salvi,Avi Salvi,MALE,1965-06-13,umadan@example.com,7062995067,CN6647899,AUSTRALIAN
PS00276,Samarth,Chakraborty,Samarth Chakraborty,MALE,1979-03-09,ojasvi63@example.org,913828386894,UV0920929,AMERICAN
PS00277,Dhriti,Venkatesh,Dhriti Venkatesh,FEMALE,2004-04-09,rachanabaral@example.net,6576359514,EY0141248,GERMAN
PS00278,Niharika,Pandya,Niharika Pandya,FEMALE,2001-01-11,lkale@example.net,1146372619,MV3938448,BRITISH
PS00279,Samesh,Mall,Samesh Mall,MALE,2004-11-06,gandhidaksha@example.com,917633039910,TW4732445,SINGAPOREAN
PS00280,Tanay,Upadhyay,Tanay Upadhyay,MALE,1978-10-02,anvisubramanian@example.net,915555242462,LM4945290,INDIAN
PS00281,Avi,Bhat,Avi Bhat,MALE,2005-04-09,girik35@example.org,6664806753,WA5505835,FRENCH
PS00282,Vinaya,Brar,Vinaya Brar,FEMALE,1964-08-26,edwinshivansh@example.net,9932807838,GN7176489,AMERICAN
PS00283,Panini,Sule,Panini Sule,FEMALE,1987-01-06,aroraudarsh@example.com,6231802481,CB7606148,JAPANESE
PS00284,Zilmil,Issac,Zilmil Issac,FEMALE,2002-10-05,routkavya@example.net,8411731019,JE6238813,INDIAN
PS00285,Rajata,Virk,Rajata Virk,FEMALE,1968-08-15,ladhamsini@example.org,914834244544,MB0312881,GERMAN
PS00286,Gunbir,Boase,Gunbir Boase,MALE,2001-04-18,tkala@example.org,3834154705,ND0800196,CANADIAN
PS00287,Xiti,Bobal,Xiti Bobal,FEMALE,1994-02-23,ggera@example.com,6543731697,HM4422276,UAE
PS00288,Advay,Prashad,Advay Prashad,MALE,1980-05-02,waidachakrabarti@example.net,3718136801,VC2990189,AUSTRALIAN
PS00289,Hemani,Nagar,Hemani Nagar,FEMALE,2001-05-22,warjas52@example.org,4089530193,JA1685176,JAPANESE
PS00290,Alexander,Nagar,Alexander Nagar,MALE,1981-11-17,vedapanchal@example.com,912155976995,DP5824487,JAPANESE
PS00291,Ekavir,Balasubramanian,Ekavir Balasubramanian,MALE,1962-08-07,gautam92@example.net,2222077360,CL4596501,SINGAPOREAN
PS00292,Harita,Nayar,Harita Nayar,FEMALE,1960-10-21,irau@example.com,919158597842,QY1380123,GERMAN
PS00293,Lekha,Tripathi,Lekha Tripathi,FEMALE,1997-06-19,etasundaram@example.com,915084782237,UF3298044,FRENCH
PS00294,Kiaan,Devan,Kiaan Devan,MALE,1998-10-27,inayamagar@example.com,915504022149,ZP2939257,CANADIAN
PS00295,Ira,Master,Ira Master,FEMALE,1968-08-05,suraadvay@example.com,1219135623,EN9268208,AUSTRALIAN
PS00296,Daniel,Bal,Daniel Bal,MALE,2002-12-18,benjamin72@example.org,4749206381,QW5278394,BRITISH
PS00297,Charita,Keer,Charita Keer,FEMALE,2003-04-14,jagdishsinha@example.net,919735864846,KZ8425147,FRENCH
PS00298,Daksh,Dasgupta,Daksh Dasgupta,MALE,1960-09-23,rajeshri46@example.org,8291552829,FM5244013,GERMAN
PS00299,Urmi,Balan,Urmi Balan,FEMALE,1973-01-17,khatriranbir@example.org,7655896381,EE9844757,AMERICAN
PS00300,Kashish,Natarajan,Kashish Natarajan,FEMALE,1999-04-27,rajanpavani@example.org,914040714750,QO3509392,JAPANESE
PS00301,Krisha,Gole,Krisha Gole,FEMALE,2000-08-31,chaudhrygaurang@example.org,1697474088,US4526833,JAPANESE
PS00302,Yahvi,Walla,Yahvi Walla,FEMALE,1979-11-02,samadiya@example.net,912954171076,TX2507200,AUSTRALIAN
PS00303,Yashica,Parikh,Yashica Parikh,FEMALE,1985-09-26,biyer@example.net,911725086476,LN0942690,SINGAPOREAN
PS00304,Ekalinga,Mishra,Ekalinga Mishra,MALE,1970-04-30,wbaria@example.org,3176280779,IM6358302,GERMAN
PS00305,Zayan,Sekhon,Zayan Sekhon,MALE,2006-06-07,idewan@example.com,2018450608,HZ3124121,JAPANESE
PS00306,Nathan,Mitra,Nathan Mitra,MALE,1986-05-25,gaurangsankaran@example.net,1362185162,EA0628723,GERMAN
PS00307,Turvi,Dalal,Turvi Dalal,FEMALE,1957-12-09,vvarghese@example.com,256679356,ZT5750091,GERMAN
PS00308,Yutika,Memon,Yutika Memon,FEMALE,2000-12-24,dayamainadig@example.com,2629879212,JU0567104,UAE
PS00309,Mohini,Sarraf,Mohini Sarraf,FEMALE,1971-01-09,kkaul@example.com,3611892043,ZS7240523,GERMAN
PS00310,Chakrika,Saran,Chakrika Saran,FEMALE,1999-08-17,borrachristopher@example.com,4722218794,AI1567321,BRITISH
PS00311,Ishwar,Barman,Ishwar Barman,MALE,1982-07-18,isingh@example.org,3837365489,ZJ4171547,AMERICAN
PS00312,Aadi,Bala,Aadi Bala,MALE,2004-05-22,gunbir34@example.org,2800298530,KV0697246,UAE
PS00313,Max,Ben,Max Ben,MALE,2007-10-10,ravelgautami@example.net,2404874788,YC0252787,INDIAN
PS00314,Tejas,Choudhary,Tejas Choudhary,MALE,1981-05-01,sahnigautam@example.org,914486684446,EF1697337,INDIAN
PS00315,Ekansh,Issac,Ekansh Issac,MALE,1974-01-12,ravelyashodhara@example.net,5531242766,SQ4522423,FRENCH
PS00316,Lila,Saraf,Lila Saraf,FEMALE,1972-12-05,rchar@example.net,5114641351,HD2724291,JAPANESE
PS00317,Manya,Thakur,Manya Thakur,FEMALE,1992-04-25,arinbedi@example.org,911296928004,IG3443254,BRITISH
PS00318,Zinal,Andra,Zinal Andra,FEMALE,1983-04-16,udarsh95@example.com,911941908578,IT2481647,SINGAPOREAN
PS00319,Meghana,Chaudhary,Meghana Chaudhary,FEMALE,1963-02-19,reddyabdul@example.org,1868943633,PS6217201,JAPANESE
PS00320,Nisha,Viswanathan,Nisha Viswanathan,FEMALE,1955-11-03,gkannan@example.com,7024739666,IB2876388,FRENCH
PS00321,Triya,Nanda,Triya Nanda,FEMALE,1969-07-30,wridesh09@example.net,6833184979,CF9446993,AUSTRALIAN
PS00322,Onveer,Babu,Onveer Babu,MALE,1988-12-31,drao@example.net,5355119271,WG0755860,SINGAPOREAN
PS00323,Sai,Oza,Sai Oza,FEMALE,1976-01-26,ranveer40@example.org,911477984298,VO1818066,GERMAN
PS00324,Ayaan,Ghose,Ayaan Ghose,MALE,1969-03-02,sarnalavanya@example.org,918338785227,AC0732324,GERMAN
PS00325,Frederick,Chaudhuri,Frederick Chaudhuri,MALE,1970-10-03,yatindevi@example.com,910118159029,TQ7221617,FRENCH
PS00326,Damini,Dugar,Damini Dugar,FEMALE,1962-10-20,megha69@example.org,8049440694,KA4903433,UAE
PS00327,Balendra,Apte,Balendra Apte,MALE,1995-12-21,niharikapatla@example.com,9605516735,KC4533416,JAPANESE
PS00328,Krishna,Khatri,Krishna Khatri,MALE,1973-01-25,guneet55@example.net,2017593483,DT1703065,BRITISH
PS00329,Udyati,Rau,Udyati Rau,FEMALE,2006-01-15,karanjaggi@example.net,9805255707,TN3442342,GERMAN
PS00330,Neel,Sarraf,Neel Sarraf,MALE,1999-04-13,indrajitbera@example.org,918088360593,UQ0549731,CANADIAN
PS00331,Hiral,Ramachandran,Hiral Ramachandran,FEMALE,1963-09-02,nkhosla@example.org,916367116055,IQ3668366,JAPANESE
PS00332,Nitesh,Bala,Nitesh Bala,MALE,2007-12-03,pahalbobal@example.com,3211974654,ZF4313271,FRENCH
PS00333,Yashasvi,Viswanathan,Yashasvi Viswanathan,FEMALE,1960-12-06,ranganathanleena@example.com,919530643208,HG6367389,FRENCH
PS00334,Osha,Jani,Osha Jani,FEMALE,1968-07-27,joshuamody@example.org,5708872312,JA3172759,CANADIAN
PS00335,Ethan,Mane,Ethan Mane,MALE,1999-04-04,pradhanqadim@example.com,9752123655,NE6597054,INDIAN
PS00336,Triya,Nadig,Triya Nadig,FEMALE,1966-07-03,berarudra@example.com,3980202903,RA3021681,UAE
PS00337,Sara,Vora,Sara Vora,FEMALE,1989-08-07,aryabains@example.org,9984739523,XH8062821,SINGAPOREAN
PS00338,Ojasvi,Bhagat,Ojasvi Bhagat,FEMALE,1999-08-19,aradhakrishnan@example.com,919896090372,KB8823662,FRENCH
PS00339,Mahika,Misra,Mahika Misra,FEMALE,1984-03-28,gangulydavid@example.org,8886018526,AQ5066884,AUSTRALIAN
PS00340,Benjamin,Varma,Benjamin Varma,MALE,2003-04-16,bhavika19@example.com,7847577131,KW9191903,AUSTRALIAN
PS00341,Yoshita,Thakur,Yoshita Thakur,FEMALE,1957-05-09,gdugar@example.com,4443833565,BO0391291,GERMAN
PS00342,Harish,Mann,Harish Mann,MALE,1959-05-14,fradosavant@example.net,6445476716,RC8751431,BRITISH
PS00343,Rudra,Patla,Rudra Patla,MALE,1994-06-29,vivaan16@example.org,1880816825,BE4043503,AUSTRALIAN
PS00344,Azad,Kar,Azad Kar,MALE,1983-06-28,naksh72@example.com,911643472299,XA5741039,INDIAN
PS00345,Ekiya,Choudhury,Ekiya Choudhury,FEMALE,1996-10-03,samar29@example.org,917080962230,BT6204251,AMERICAN
PS00346,Advik,Badal,Advik Badal,MALE,1992-07-07,ddatta@example.net,6906788795,SN3627633,AMERICAN
PS00347,Ekapad,Kar,Ekapad Kar,MALE,1995-06-22,yochanamann@example.com,911853594968,FD8499468,SINGAPOREAN
PS00348,Zehaan,Shetty,Zehaan Shetty,MALE,1990-11-09,sarkarcharvi@example.org,2345151412,VD1722948,BRITISH
PS00349,Januja,Kuruvilla,Januja Kuruvilla,FEMALE,1994-03-05,chandanithakur@example.net,3784222353,SJ2008964,INDIAN
PS00350,Champak,Chawla,Champak Chawla,MALE,2002-09-12,mbahl@example.net,5855080907,DR0318548,BRITISH
PS00351,Oeshi,Acharya,Oeshi Acharya,FEMALE,1995-08-29,chadhanandini@example.com,2780872613,PC3012495,INDIAN
PS00352,Bachittar,Banik,Bachittar Banik,MALE,1962-10-26,gautami73@example.net,913343505257,WR4031923,JAPANESE
PS00353,Hitesh,Chowdhury,Hitesh Chowdhury,MALE,1957-12-22,sachdevjanani@example.net,5793888927,GL0198634,UAE
PS00354,Jacob,Solanki,Jacob Solanki,MALE,1994-09-15,ishaniparsa@example.com,1465530495,CW2038252,JAPANESE
PS00355,Bina,Jhaveri,Bina Jhaveri,FEMALE,1960-06-27,jaggiqarin@example.com,913007464083,PT0168768,UAE
PS00356,Tripti,Nadkarni,Tripti Nadkarni,FEMALE,1963-10-20,ghans@example.org,946725865,UU0053259,BRITISH
PS00357,Rachita,Mallick,Rachita Mallick,FEMALE,1969-08-21,gagangrewal@example.com,4872595732,LL1171154,BRITISH
PS00358,Nakul,Sastry,Nakul Sastry,MALE,1993-09-18,fsibal@example.org,2168715995,QF4381812,AUSTRALIAN
PS00359,Vincent,Rege,Vincent Rege,MALE,2005-12-18,hansanita@example.org,7928335867,OT1191600,INDIAN
PS00360,Gautami,Bahl,Gautami Bahl,FEMALE,1984-09-01,hmani@example.net,5171524588,QT4433622,BRITISH
PS00361,Harshil,Mitra,Harshil Mitra,MALE,1956-03-19,jeremiah93@example.org,915322633494,GX7538456,GERMAN
PS00362,Madhavi,Soni,Madhavi Soni,FEMALE,2006-02-13,sureshyutika@example.org,9063259390,CR6273711,JAPANESE
PS00363,Megha,Jhaveri,Megha Jhaveri,FEMALE,1987-03-14,januja72@example.net,9747458889,DS5669644,JAPANESE
PS00364,Timothy,Palla,Timothy Palla,MALE,1974-11-05,vigcharita@example.net,1874552822,LG4911576,SINGAPOREAN
PS00365,Tara,Iyer,Tara Iyer,FEMALE,1958-03-30,bhavani95@example.org,919160023616,WS9912813,GERMAN
PS00366,Garima,Solanki,Garima Solanki,FEMALE,1994-04-18,vedwin@example.net,910220672772,LO7839659,AUSTRALIAN
PS00367,Bhavna,Vora,Bhavna Vora,FEMALE,1956-11-11,qbedi@example.com,559339914,TD0911696,UAE
PS00368,Urvi,Batta,Urvi Batta,FEMALE,1989-01-23,reddydamini@example.com,7081335101,VY5366051,FRENCH
PS00369,Ekantika,Warrior,Ekantika Warrior,FEMALE,1962-02-14,ayushpandya@example.org,1141592249,BL7899562,UAE
PS00370,Ridhi,Batta,Ridhi Batta,FEMALE,1996-03-23,siddharthsubramaniam@example.net,916458470005,FD8135766,CANADIAN
PS00371,Xavier,Kibe,Xavier Kibe,MALE,2001-08-26,devansh58@example.org,910741123484,DD4952669,AUSTRALIAN
PS00372,Falguni,Varma,Falguni Varma,FEMALE,1979-12-23,abeerparmar@example.com,914382400596,EC4455140,UAE
PS00373,Janani,Devi,Janani Devi,FEMALE,1999-08-10,baghyawatimalhotra@example.org,5330389761,ZN3442087,GERMAN
PS00374,Hemang,Amble,Hemang Amble,MALE,2000-04-27,avisandhu@example.com,918241108956,VO0002680,SINGAPOREAN
PS00375,Isaac,Sibal,Isaac Sibal,MALE,1958-07-12,shenoyjanani@example.net,918138307105,EW4454643,CANADIAN
PS00376,Dev,Sarna,Dev Sarna,MALE,1959-05-09,zhans@example.org,2948361505,OI3992739,FRENCH
PS00377,Faris,Grewal,Faris Grewal,MALE,1993-05-13,keermanya@example.com,7959178756,ZG6820218,BRITISH
PS00378,Ethan,Memon,Ethan Memon,MALE,1980-02-03,italwar@example.com,385579055,TQ2927651,AUSTRALIAN
PS00379,Bhavna,Thakkar,Bhavna Thakkar,FEMALE,1957-12-26,haritakoshy@example.com,2832892929,KN6329285,INDIAN
PS00380,Aadi,Bumb,Aadi Bumb,MALE,1979-08-26,chaaya74@example.net,3626644407,LT1822036,AMERICAN
PS00381,Chaaya,Dada,Chaaya Dada,FEMALE,1997-07-29,loyalansh@example.net,56362826,VQ3065011,AMERICAN
PS00382,Omaja,Subramaniam,Omaja Subramaniam,FEMALE,2003-07-25,ombuch@example.com,8448994927,SW5822079,INDIAN
PS00383,Yoshita,Kapur,Yoshita Kapur,FEMALE,2008-02-04,vidhimaharaj@example.com,910255404338,AD1628045,BRITISH
PS00384,Ethan,Dass,Ethan Dass,MALE,2002-05-18,msane@example.net,1040445490,VW4987667,UAE
PS00385,Ekantika,Kanda,Ekantika Kanda,FEMALE,1982-04-25,hmalhotra@example.com,2516808942,OX3109095,CANADIAN
PS00386,Devika,Natt,Devika Natt,FEMALE,2006-08-09,janujasrinivasan@example.com,2352910833,HR6027633,AMERICAN
PS00387,Sachi,Sood,Sachi Sood,FEMALE,1957-01-18,libnikannan@example.net,2755608152,UU8144414,CANADIAN
PS00388,Lucky,Chaudry,Lucky Chaudry,MALE,2003-04-11,kaurishaan@example.com,5573875551,RY5486914,JAPANESE
PS00389,Advay,Rege,Advay Rege,MALE,1972-10-26,vrindachandran@example.com,913746467516,WP1161581,AMERICAN
PS00390,Viraj,Kothari,Viraj Kothari,MALE,1960-08-18,anyabhasin@example.org,914672056795,JV0860792,GERMAN
PS00391,Yashvi,Aggarwal,Yashvi Aggarwal,FEMALE,1982-05-18,thakerpanini@example.org,7443617059,QK1375195,INDIAN
PS00392,Janani,Jaggi,Janani Jaggi,FEMALE,1964-12-22,hravel@example.org,7577066111,WJ2491770,AUSTRALIAN
PS00393,Daniel,Warrior,Daniel Warrior,MALE,1977-02-23,jkrishnan@example.org,8648525110,NT5960485,CANADIAN
PS00394,Indali,Saraf,Indali Saraf,FEMALE,1975-06-19,varenyavaidya@example.org,2307316078,LR5316940,BRITISH
PS00395,Urvashi,Singh,Urvashi Singh,FEMALE,2000-09-14,krishna49@example.com,3043259538,XW7415841,UAE
PS00396,Pahal,Parekh,Pahal Parekh,FEMALE,1975-07-12,pallavi84@example.org,913355115320,CT5924138,UAE
PS00397,Harinakshi,Sama,Harinakshi Sama,FEMALE,2000-01-27,prishakrish@example.com,6790127991,AW2870063,UAE
PS00398,Kabir,Char,Kabir Char,MALE,1998-11-09,ppandit@example.com,911624069288,ZI0907571,JAPANESE
PS00399,Tanmayi,Dayal,Tanmayi Dayal,FEMALE,1961-01-02,bimalakanda@example.net,5456948013,AA6399838,INDIAN
PS00400,Chakradev,Purohit,Chakradev Purohit,MALE,1978-11-12,sachi11@example.com,9636554411,TI5895465,AMERICAN
PS00401,Vamakshi,Madan,Vamakshi Madan,FEMALE,1978-11-23,yashodaahuja@example.com,912184766782,KB0985568,UAE
PS00402,Hritik,Sagar,Hritik Sagar,MALE,1997-08-22,mugdha96@example.org,916040449838,JC0148828,INDIAN
PS00403,Jagrati,Buch,Jagrati Buch,FEMALE,1985-09-16,varshagill@example.com,5308043317,VL1244617,AUSTRALIAN
PS00404,Udant,De,Udant De,MALE,1994-05-30,ojoshi@example.org,2594001395,DH1402798,FRENCH
PS00405,Kabir,Chatterjee,Kabir Chatterjee,MALE,1995-08-24,shivani26@example.org,5314340969,OH0005133,CANADIAN
PS00406,Deepa,Ray,Deepa Ray,FEMALE,1986-04-17,qshah@example.org,5789231719,PO7687541,JAPANESE
PS00407,Omaja,Lal,Omaja Lal,FEMALE,1992-07-02,daravictor@example.com,914520996547,SI6345093,SINGAPOREAN
PS00408,Veda,Khatri,Veda Khatri,FEMALE,1990-12-03,prishakhosla@example.org,261761520,HU1803714,CANADIAN
PS00409,Bimala,Khalsa,Bimala Khalsa,FEMALE,1968-05-15,yastikannan@example.com,9696990143,FI4910846,JAPANESE
PS00410,Alexander,Sibal,Alexander Sibal,MALE,1989-10-13,mitali70@example.org,2973736290,ZM7060009,BRITISH
PS00411,Teerth,Kata,Teerth Kata,MALE,1995-05-19,vmangal@example.org,917344025456,RH5874242,INDIAN
PS00412,Jack,Kapoor,Jack Kapoor,MALE,1982-06-28,kandafalak@example.com,1130593887,DX2789238,JAPANESE
PS00413,Mason,Pandya,Mason Pandya,MALE,1988-11-22,imorar@example.com,6808817630,ZV3267208,GERMAN
PS00414,Balvan,Ratti,Balvan Ratti,MALE,2000-03-31,qshetty@example.com,2969957723,KO6301287,INDIAN
PS00415,Theodore,Balan,Theodore Balan,MALE,1977-03-26,triya31@example.net,3613079291,BC5805896,FRENCH
PS00416,Varenya,Deo,Varenya Deo,FEMALE,1971-11-23,suriridhi@example.org,7136657554,YR5872162,BRITISH
PS00417,Fitan,Kalla,Fitan Kalla,MALE,1992-10-01,tripti65@example.org,8134450886,RV6990887,CANADIAN
PS00418,Keya,Comar,Keya Comar,FEMALE,2007-09-07,upkaarmukhopadhyay@example.com,1070635230,IT2897937,AMERICAN
PS00419,Finn,Arora,Finn Arora,MALE,2004-05-22,rajazayyan@example.org,914647105637,IO0360727,SINGAPOREAN
PS00420,Neel,Prabhu,Neel Prabhu,MALE,1970-08-17,choudhuryazad@example.com,910130751944,IQ7482638,BRITISH
PS00421,Rachit,Ratti,Rachit Ratti,MALE,1957-08-24,ikshitaboase@example.org,3295728100,PJ7508241,AMERICAN
PS00422,Bachittar,Prashad,Bachittar Prashad,MALE,2004-05-13,fghose@example.com,7187883779,PF7650127,AMERICAN
PS00423,Chandani,Batta,Chandani Batta,FEMALE,1999-09-02,ghosefaqid@example.com,9987976467,HN1202297,INDIAN
PS00424,Henry,Choudhary,Henry Choudhary,MALE,1987-12-11,leela53@example.com,2436471429,JT2865034,INDIAN
PS00425,Advaith,Vasa,Advaith Vasa,MALE,2004-05-30,singhalhema@example.net,4195120189,FD0362599,UAE
PS00426,Ishanvi,Mohanty,Ishanvi Mohanty,FEMALE,1996-02-08,lalvasana@example.net,8319604859,GU0697433,AUSTRALIAN
PS00427,Niharika,Venkataraman,Niharika Venkataraman,FEMALE,1973-11-13,omutti@example.net,4115363473,HJ5075194,FRENCH
PS00428,Arjun,Atwal,Arjun Atwal,MALE,1992-01-11,sramachandran@example.com,7703397544,DW4827248,AUSTRALIAN
PS00429,Kiaan,Nazareth,Kiaan Nazareth,MALE,1972-03-31,ybhattacharyya@example.net,2050535965,IJ4128042,AUSTRALIAN
PS00430,Ronith,Ranganathan,Ronith Ranganathan,MALE,2001-01-31,owen48@example.org,7216085177,NT8364628,AUSTRALIAN
PS00431,Jyoti,Dani,Jyoti Dani,FEMALE,1982-12-14,ramdamyanti@example.com,6747996321,EQ9711121,GERMAN
PS00432,Anvi,Nayak,Anvi Nayak,FEMALE,2000-07-13,dchhabra@example.net,8967105978,GV5195956,CANADIAN
PS00433,Utkarsh,Shanker,Utkarsh Shanker,MALE,1960-06-06,ekta37@example.com,2127200763,FR3923855,INDIAN
PS00434,Ekaraj,Kade,Ekaraj Kade,MALE,1958-11-15,sameshissac@example.com,2871377296,BB3296802,JAPANESE
PS00435,Kavya,Kohli,Kavya Kohli,FEMALE,1983-07-16,dkumer@example.net,1959166986,YN7023144,INDIAN
PS00436,Theodore,Kale,Theodore Kale,MALE,1979-06-30,prashadavi@example.org,917115029941,BD5303903,GERMAN
PS00437,Yachana,Bala,Yachana Bala,FEMALE,1988-04-25,ranveerpalla@example.com,7533084719,SB3164453,BRITISH
PS00438,Ekansh,Bajaj,Ekansh Bajaj,MALE,1958-10-05,noriyug@example.net,911773159953,JP1197491,SINGAPOREAN
PS00439,Ekani,Kaul,Ekani Kaul,FEMALE,1957-12-21,vargheseojas@example.net,3909851233,LH8005742,FRENCH
PS00440,Vincent,Sur,Vincent Sur,MALE,1979-02-10,gdoshi@example.org,3476947132,MH0217969,CANADIAN
PS00441,Wakeeta,Misra,Wakeeta Misra,FEMALE,2008-04-18,patrick52@example.com,916079311875,OK4805008,INDIAN
PS00442,Watika,Ganesan,Watika Ganesan,FEMALE,2006-02-11,mahalhritik@example.net,469045652,HH0128539,BRITISH
PS00443,Janani,De,Janani De,FEMALE,1966-07-07,harshilgoswami@example.org,5180277957,EI3076699,BRITISH
PS00444,Atharv,Bir,Atharv Bir,MALE,1977-03-01,parekhjack@example.org,914879080445,WB6171328,GERMAN
PS00445,Dayita,Trivedi,Dayita Trivedi,FEMALE,1975-05-09,ynori@example.net,8300888476,BV7652812,INDIAN
PS00446,Yochana,Borde,Yochana Borde,FEMALE,2006-10-28,neeldani@example.com,4215566114,CG2054242,UAE
PS00447,Akshay,Kapoor,Akshay Kapoor,MALE,2006-03-27,bhavika88@example.org,9201126731,CC2350830,AUSTRALIAN
PS00448,Viraj,Mukherjee,Viraj Mukherjee,MALE,2006-01-31,binarout@example.net,914714432179,IV9958333,AMERICAN
PS00449,Ijaya,Setty,Ijaya Setty,FEMALE,1988-06-01,brinda75@example.com,6802311080,AT5818353,INDIAN
PS00450,Onveer,Chander,Onveer Chander,MALE,1960-04-26,salvijasmit@example.net,917607226823,GQ3199186,BRITISH
PS00451,Lajita,Bajwa,Lajita Bajwa,FEMALE,1957-07-20,jchauhan@example.org,914271838774,NV6340150,GERMAN
PS00452,Warjas,De,Warjas De,MALE,2002-02-10,ndani@example.com,912980763568,ES2814878,AMERICAN
PS00453,Suhani,Balan,Suhani Balan,FEMALE,1988-03-27,chauhansudiksha@example.net,4238740501,TW1326588,CANADIAN
PS00454,Eta,Menon,Eta Menon,FEMALE,2002-01-18,sai36@example.com,919882041655,DC6810607,INDIAN
PS00455,Abhimanyu,Sarkar,Abhimanyu Sarkar,MALE,1998-05-01,mannecaleb@example.org,301484440,DG3331232,AMERICAN
PS00456,Matthew,Yadav,Matthew Yadav,MALE,1956-10-17,nbiswas@example.com,5955529271,VS7957865,JAPANESE
PS00457,Zehaan,Nayar,Zehaan Nayar,MALE,1974-03-18,baradomkaar@example.org,8669346961,SE1401853,BRITISH
PS00458,Ishaan,Bhalla,Ishaan Bhalla,MALE,1989-11-16,qarin30@example.net,545588132,ON5594384,SINGAPOREAN
PS00459,Yamini,Sahni,Yamini Sahni,FEMALE,2002-02-18,oviya64@example.org,9891244195,ER9306106,AMERICAN
PS00460,Harrison,Chaudhuri,Harrison Chaudhuri,MALE,2008-01-02,enagarajan@example.com,9592916272,UT5025319,JAPANESE
PS00461,Triya,Singhal,Triya Singhal,FEMALE,1956-06-02,sudikshahalder@example.com,5831720920,YE5485901,AUSTRALIAN
PS00462,Nilima,Manda,Nilima Manda,FEMALE,1969-08-20,vsavant@example.net,715294913,KH8600345,JAPANESE
PS00463,Ira,Balasubramanian,Ira Balasubramanian,FEMALE,1969-08-23,battaamol@example.net,6070319280,NZ4307158,SINGAPOREAN
PS00464,Manbir,Atwal,Manbir Atwal,MALE,1960-04-17,lucky88@example.net,8765202474,DP0564055,BRITISH
PS00465,Vritti,Dhillon,Vritti Dhillon,FEMALE,1961-05-06,ukant@example.org,8572793341,PL5806725,SINGAPOREAN
PS00466,Parth,Oommen,Parth Oommen,MALE,2007-06-22,babuvedika@example.com,911107819839,WW6984758,CANADIAN
PS00467,Mitesh,Raman,Mitesh Raman,MALE,1964-12-27,warjaskhare@example.org,913738233500,FE8741719,JAPANESE
PS00468,Theodore,Tank,Theodore Tank,MALE,1965-08-21,bkara@example.org,8699019102,UI7756070,JAPANESE
PS00469,Wishi,Agrawal,Wishi Agrawal,FEMALE,1976-06-05,pavanipal@example.org,3335693607,DX2030376,UAE
PS00470,Vansha,Bera,Vansha Bera,FEMALE,1965-01-22,chatreshshukla@example.com,910102331929,SU8954637,CANADIAN
PS00471,Samesh,Mahal,Samesh Mahal,MALE,1966-07-27,zansi68@example.org,7137301780,VA6931933,BRITISH
PS00472,Hamsini,Dixit,Hamsini Dixit,FEMALE,1967-05-06,wakeetadhar@example.net,919326608439,ZP6758806,GERMAN
PS00473,Nitesh,Wable,Nitesh Wable,MALE,1976-10-14,sarnaadweta@example.org,3602759766,UN5186244,UAE
PS00474,Anita,Rout,Anita Rout,FEMALE,2006-10-26,sarthakkorpal@example.net,913205560985,WR7176527,CANADIAN
PS00475,Ishani,Balan,Ishani Balan,FEMALE,2000-09-11,ranveernarayan@example.org,6064484815,JN1257005,AMERICAN
PS00476,Farhan,Shanker,Farhan Shanker,MALE,1977-02-11,qasimganguly@example.org,2674362911,YW4575923,SINGAPOREAN
PS00477,Upasna,Sabharwal,Upasna Sabharwal,FEMALE,1957-09-08,ekarajbhalla@example.com,6019231055,EF4116534,FRENCH
PS00478,Nathan,Saha,Nathan Saha,MALE,1988-12-23,tbora@example.com,5164297741,KL7199662,SINGAPOREAN
PS00479,Chaitanya,Sachar,Chaitanya Sachar,MALE,1966-04-07,radhawason@example.net,5550019984,GY1203879,SINGAPOREAN
PS00480,Garima,Devi,Garima Devi,FEMALE,1978-05-03,yagneshchacko@example.net,4507241547,KJ6583156,UAE
PS00481,Sathvik,Oommen,Sathvik Oommen,MALE,2004-01-23,misraraghav@example.net,8463017526,LN6587712,CANADIAN
PS00482,Damini,Sura,Damini Sura,FEMALE,1964-10-29,nsengupta@example.net,1499979556,RV7896977,GERMAN
PS00483,Tristan,Golla,Tristan Golla,MALE,1991-11-22,shereganga@example.org,912375912675,AA9385637,AUSTRALIAN
PS00484,Lopa,Pau,Lopa Pau,FEMALE,1965-01-17,tripathianita@example.com,918829899481,KT2200180,FRENCH
PS00485,Vedika,Patla,Vedika Patla,FEMALE,1998-10-17,palanati@example.org,8317254318,LI0690291,AUSTRALIAN
PS00486,Bhavna,Sharaf,Bhavna Sharaf,FEMALE,1995-12-08,fdyal@example.net,9008999575,EO7981446,JAPANESE
PS00487,Barkha,Parmer,Barkha Parmer,FEMALE,1975-01-18,sai89@example.com,7368091536,RU0474455,INDIAN
PS00488,Urvashi,Sahota,Urvashi Sahota,FEMALE,1989-11-18,chandran78@example.net,4914331375,KK5434276,SINGAPOREAN
PS00489,Tamanna,Gulati,Tamanna Gulati,FEMALE,1995-11-21,lohitdixit@example.com,3901336394,JH7483999,BRITISH
PS00490,Suhani,Sama,Suhani Sama,FEMALE,2003-10-03,zsengupta@example.net,6673459271,GW4332168,INDIAN
PS00491,Chakradev,Rout,Chakradev Rout,MALE,1987-09-04,kashish06@example.com,8822766662,NJ6741338,UAE
PS00492,Nathan,Ahluwalia,Nathan Ahluwalia,MALE,1962-12-15,pranav17@example.net,917363430574,OY6266741,FRENCH
PS00493,Krish,Wadhwa,Krish Wadhwa,MALE,1965-02-25,deepa53@example.net,910740238746,MJ2639866,INDIAN
PS00494,Abeer,Narasimhan,Abeer Narasimhan,MALE,1995-07-04,tlalla@example.org,3697681471,BC4842509,INDIAN
PS00495,Dayita,Sawhney,Dayita Sawhney,FEMALE,1974-08-06,jairaj56@example.net,69179152,WI8471847,AMERICAN
PS00496,Alka,Peri,Alka Peri,FEMALE,1965-04-13,victor75@example.net,3658244549,QN0491863,INDIAN
PS00497,Laban,Chopra,Laban Chopra,MALE,1963-07-15,vmittal@example.org,2054067862,SD8703363,AUSTRALIAN
PS00498,Harshil,Raman,Harshil Raman,MALE,1985-04-24,haldermohini@example.com,172385627,OL9644803,JAPANESE
PS00499,Nidra,Mukherjee,Nidra Mukherjee,FEMALE,1959-01-07,basuunnati@example.net,8225603642,QC6052900,CANADIAN
PS00500,Maanas,Bose,Maanas Bose,MALE,1958-10-09,kmane@example.net,3734509896,HW7251561,BRITISH
PS00501,Mugdha,Koshy,Mugdha Koshy,FEMALE,1972-09-07,vyanjanaraju@example.com,1440708305,YA7049535,BRITISH
PS00502,Theodore,Swaminathan,Theodore Swaminathan,MALE,2006-10-24,uhalder@example.org,2924899468,BT4857973,SINGAPOREAN
PS00503,Hemangini,Bhattacharyya,Hemangini Bhattacharyya,FEMALE,1965-07-22,bhanumatilanka@example.com,6074744384,QV9689256,UAE
PS00504,Nidra,Garde,Nidra Garde,FEMALE,2007-07-31,esampath@example.org,915290953298,XT2785997,CANADIAN
PS00505,Yashasvi,Hora,Yashasvi Hora,FEMALE,1970-09-30,gautamichoudhary@example.org,2733521739,OM2611490,BRITISH
PS00506,Meera,Rastogi,Meera Rastogi,FEMALE,1997-07-31,lilabasu@example.org,919269011598,CZ7212517,FRENCH
PS00507,Ati,Bains,Ati Bains,FEMALE,1995-12-27,oshakhanna@example.net,3049849317,OO5929087,FRENCH
PS00508,Raagini,Rastogi,Raagini Rastogi,FEMALE,1985-10-03,nakshshan@example.net,5676122081,HK0741060,JAPANESE
PS00509,Timothy,Choudhary,Timothy Choudhary,MALE,1999-03-23,rehaan77@example.net,910759254078,NQ2876829,AUSTRALIAN
PS00510,Shaurya,Gaba,Shaurya Gaba,MALE,1963-09-03,sara59@example.org,8748941520,AT3282866,SINGAPOREAN
PS00511,Balvan,Gade,Balvan Gade,MALE,1987-01-07,darikajayaraman@example.net,569605916,ZD8336331,FRENCH
PS00512,Isha,Patla,Isha Patla,FEMALE,1957-10-11,badalfalguni@example.net,6891917164,ZX6197387,GERMAN
PS00513,Aishani,Sahni,Aishani Sahni,FEMALE,1959-05-10,dchhabra@example.com,911505925767,JT2150166,INDIAN
PS00514,Alka,Cheema,Alka Cheema,FEMALE,1990-09-19,parsaqasim@example.net,8878165028,MN8494406,AMERICAN
PS00515,Idika,Khatri,Idika Khatri,FEMALE,1960-02-26,ekanidube@example.net,1515142744,HR1801533,INDIAN
PS00516,Aadi,Ravel,Aadi Ravel,MALE,1957-04-25,xsarraf@example.com,5220613320,FR8741715,SINGAPOREAN
PS00517,Ijaya,Chaudhari,Ijaya Chaudhari,FEMALE,1975-08-26,rajancaleb@example.com,730262826,UC7656313,AMERICAN
PS00518,Dalaja,Natarajan,Dalaja Natarajan,FEMALE,1964-05-06,pallavi97@example.net,5580054607,XH9615799,AMERICAN
PS00519,Naksh,Sawhney,Naksh Sawhney,MALE,1995-01-20,tristan17@example.com,6785174976,PX7881717,SINGAPOREAN
PS00520,Sathvik,Mitter,Sathvik Mitter,MALE,1957-01-08,adayal@example.org,912037882923,AA8785691,FRENCH
PS00521,Nikita,Mitra,Nikita Mitra,FEMALE,1984-07-01,warhigoel@example.net,1377033682,GT5704553,UAE
PS00522,Veda,Rana,Veda Rana,FEMALE,1963-07-05,cgarg@example.org,918092918634,QC6201387,BRITISH
PS00523,Benjamin,Rai,Benjamin Rai,MALE,2002-12-21,karan45@example.com,2890820946,VB3325656,UAE
PS00524,Sanaya,Dubey,Sanaya Dubey,FEMALE,1996-11-25,priyasoni@example.com,915937297797,EQ9659395,GERMAN
PS00525,William,Devan,William Devan,MALE,1966-03-08,laban83@example.net,3869452098,MO3418238,BRITISH
PS00526,Gaurika,Tiwari,Gaurika Tiwari,FEMALE,1977-11-13,oeshi06@example.org,5859656003,BS5878788,SINGAPOREAN
PS00527,Daniel,Pandey,Daniel Pandey,MALE,1970-11-17,bramakrishnan@example.org,839929650,CC5901723,BRITISH
PS00528,Charles,Ravel,Charles Ravel,MALE,1959-11-12,xmittal@example.net,914996353701,RQ1611452,JAPANESE
PS00529,Edhitha,Mitra,Edhitha Mitra,FEMALE,1958-06-16,chopraharini@example.com,919610595214,IL1419805,FRENCH
PS00530,Ikbal,Magar,Ikbal Magar,MALE,1961-06-11,wishi36@example.com,912429273256,MR8083218,INDIAN
PS00531,Nidhi,Char,Nidhi Char,FEMALE,2005-03-13,maanav17@example.org,8024145391,EB7719822,FRENCH
PS00532,Yashoda,Ramesh,Yashoda Ramesh,FEMALE,1968-09-22,hkhosla@example.net,981116045,DO1109165,FRENCH
PS00533,Matthew,Bahl,Matthew Bahl,MALE,1960-05-16,butalajeevika@example.org,3163433850,DV3905055,SINGAPOREAN
PS00534,Ubika,Vora,Ubika Vora,FEMALE,1975-11-02,aradhana20@example.org,5456178971,DY8191530,JAPANESE
PS00535,Upadhriti,Pandey,Upadhriti Pandey,FEMALE,1966-05-07,tpandit@example.net,6843046550,OA7234737,CANADIAN
PS00536,Ayaan,Lall,Ayaan Lall,MALE,1985-09-30,noahbhasin@example.net,3760850092,VF8795823,FRENCH
PS00537,Ekani,Bhavsar,Ekani Bhavsar,FEMALE,1965-04-24,rohan14@example.org,9832105931,HP3454730,CANADIAN
PS00538,Tanmayi,Pau,Tanmayi Pau,FEMALE,1959-10-08,anthony42@example.net,856525610,ET1771160,INDIAN
PS00539,Dhriti,Basak,Dhriti Basak,FEMALE,1968-08-15,gsanghvi@example.org,910707105804,CU0444617,FRENCH
PS00540,Nikita,Shroff,Nikita Shroff,FEMALE,1966-09-25,aashi50@example.net,3412049131,QT7296901,GERMAN
PS00541,Omisha,Apte,Omisha Apte,FEMALE,2003-08-19,zpalan@example.net,9453005068,WM4800621,INDIAN
PS00542,Girish,Madan,Girish Madan,MALE,1983-09-23,daksheshnarayan@example.net,8179829255,AV0426863,UAE
PS00543,Simon,Patil,Simon Patil,MALE,1963-04-11,triyasavant@example.net,2627747407,VJ1166961,AMERICAN
PS00544,Jacob,Bhavsar,Jacob Bhavsar,MALE,1965-01-16,useth@example.net,7391883323,QI3499123,CANADIAN
PS00545,Vinaya,Narain,Vinaya Narain,FEMALE,1978-09-12,dakshratta@example.net,3279829173,AD1346847,JAPANESE
PS00546,Abhiram,Vig,Abhiram Vig,MALE,2007-07-10,ronith55@example.org,914736439436,SH8610667,AMERICAN
PS00547,Atharv,Kota,Atharv Kota,MALE,1977-09-17,nitarasur@example.net,914472000863,HJ5964191,SINGAPOREAN
PS00548,Arjun,More,Arjun More,MALE,1994-06-19,charitachar@example.org,6565888545,VV5753649,UAE
PS00549,Madhav,Chaudhry,Madhav Chaudhry,MALE,1986-11-11,bgoel@example.com,914590489197,WW0410225,CANADIAN
PS00550,Sanya,Sood,Sanya Sood,FEMALE,2000-02-06,jack81@example.net,2076206454,VW1868654,INDIAN
PS00551,Jagrati,Prabhu,Jagrati Prabhu,FEMALE,1979-03-24,krishnaindira@example.org,917504625730,TS5896034,FRENCH
PS00552,Ekiya,Anne,Ekiya Anne,FEMALE,1999-06-28,hvarghese@example.com,7461080052,JK2167518,JAPANESE
PS00553,Dipta,Srinivasan,Dipta Srinivasan,FEMALE,1999-10-02,iiyengar@example.org,555140366,VP6267817,FRENCH
PS00554,Jai,Raval,Jai Raval,MALE,2003-09-01,buchelijah@example.org,2150565298,QZ1979511,CANADIAN
PS00555,Hredhaan,Doctor,Hredhaan Doctor,MALE,1987-01-04,qadimmenon@example.net,2275601167,IS4729370,GERMAN
PS00556,Wishi,Mistry,Wishi Mistry,FEMALE,1983-03-01,vanshabhardwaj@example.com,916708415733,FY1268040,GERMAN
PS00557,Dalaja,Bhavsar,Dalaja Bhavsar,FEMALE,1957-08-03,urishilla22@example.com,9613378201,BC9395135,CANADIAN
PS00558,Irya,Samra,Irya Samra,FEMALE,1999-10-03,dbhatia@example.com,912786066085,KF4603177,CANADIAN
PS00559,Karan,Comar,Karan Comar,MALE,1999-03-22,mvenkatesh@example.com,4225457670,NA0594067,INDIAN
PS00560,Arya,Tank,Arya Tank,FEMALE,1958-05-05,bhattacharyyazarna@example.org,6022029263,YF8715257,JAPANESE
PS00561,Teerth,Gola,Teerth Gola,MALE,2003-04-29,nayakyashvi@example.org,910749796343,BL6135125,CANADIAN
PS00562,Meera,Bajaj,Meera Bajaj,FEMALE,1957-12-16,hnarang@example.org,9395059647,JJ3098484,SINGAPOREAN
PS00563,Oscar,Sodhi,Oscar Sodhi,MALE,1980-05-18,hariekanta@example.net,914456097827,UO6599288,GERMAN
PS00564,Advay,Saraf,Advay Saraf,MALE,2000-09-06,ladlihora@example.net,9688844025,BR6323767,AUSTRALIAN
PS00565,Eta,Panchal,Eta Panchal,FEMALE,1997-07-19,grewalojasvi@example.com,8530856918,AE0964983,AUSTRALIAN
PS00566,Nachiket,Upadhyay,Nachiket Upadhyay,MALE,1957-09-06,lakshitthaker@example.com,5646994908,SP2464298,GERMAN
PS00567,Benjamin,Rajan,Benjamin Rajan,MALE,2006-12-23,udarshmutti@example.org,2717381696,EM9675273,FRENCH
PS00568,Lila,Babu,Lila Babu,FEMALE,2006-12-17,sneha20@example.net,4903728300,OW9292246,BRITISH
PS00569,Rudra,Kanda,Rudra Kanda,MALE,1982-03-07,alka25@example.com,3173796371,BQ8969210,AMERICAN
PS00570,Warjas,Chaudhari,Warjas Chaudhari,MALE,1988-04-22,asagar@example.net,918249891410,WY9121546,INDIAN
PS00571,Januja,Choudhry,Januja Choudhry,FEMALE,1959-10-23,minhasjyoti@example.org,8263428899,BU3303882,GERMAN
PS00572,Upma,Pandya,Upma Pandya,FEMALE,2002-09-05,jananimadan@example.org,918081308068,GZ1313437,UAE
PS00573,Abdul,Sarma,Abdul Sarma,MALE,1972-06-04,bbehl@example.com,9928224040,ZO3166954,INDIAN
PS00574,Warjas,Nadkarni,Warjas Nadkarni,MALE,1984-04-16,gardeaarav@example.org,7013419968,TA6768011,JAPANESE
PS00575,David,Halder,David Halder,MALE,1969-11-21,trivediaryan@example.net,911383045105,AI9850592,GERMAN
PS00576,Samarth,Parsa,Samarth Parsa,MALE,2002-10-08,amruta03@example.net,4291319429,KN8739695,INDIAN
PS00577,Odika,Saini,Odika Saini,FEMALE,1981-01-13,hema85@example.org,919226637029,HF7287512,SINGAPOREAN
PS00578,Qabil,Jain,Qabil Jain,MALE,2000-03-11,ranveer03@example.net,911163010295,FC7318048,INDIAN
PS00579,Viraj,Ranganathan,Viraj Ranganathan,MALE,1978-06-24,adviklad@example.com,9641960687,RQ5971120,UAE
PS00580,Chanakya,Krishna,Chanakya Krishna,MALE,2006-08-03,dinpavani@example.com,9076352190,UV2890684,CANADIAN
PS00581,Pushti,Dugal,Pushti Dugal,FEMALE,2008-03-28,hnair@example.com,9304573972,DT8122034,SINGAPOREAN
PS00582,Aditya,Dewan,Aditya Dewan,MALE,2002-03-04,anamika67@example.com,6096403036,EY0730123,INDIAN
PS00583,Simon,Wali,Simon Wali,MALE,1959-05-29,zachariavasudha@example.net,913212803,DI0549335,FRENCH
PS00584,Warjas,Zachariah,Warjas Zachariah,MALE,1986-10-22,falakkamdar@example.com,2835275034,WG6700679,SINGAPOREAN
PS00585,Christopher,Bedi,Christopher Bedi,MALE,1981-12-16,zayan31@example.org,6751422230,DX9391860,UAE
PS00586,Christopher,Toor,Christopher Toor,MALE,1961-10-16,ekantika35@example.net,910957827806,QR0923230,CANADIAN
PS00587,Matthew,Deol,Matthew Deol,MALE,1957-02-17,uoza@example.org,3144471841,HL5739085,CANADIAN
PS00588,Chanakya,Sandhu,Chanakya Sandhu,MALE,1968-12-19,gchaudhuri@example.com,9869745284,HH3781254,JAPANESE
PS00589,Kiaan,Dayal,Kiaan Dayal,MALE,2007-05-02,chanchaldasgupta@example.com,535774552,YA8235276,INDIAN
PS00590,Lipika,Virk,Lipika Virk,FEMALE,1992-11-27,bhasinbhavna@example.com,9209974935,VH8672267,AMERICAN
PS00591,Upkaar,Ahuja,Upkaar Ahuja,MALE,1996-02-20,adhaliwal@example.org,980478036,LJ6388975,FRENCH
PS00592,Nicholas,Rattan,Nicholas Rattan,MALE,1976-11-16,imarankar@example.net,786816664,AA4896519,AUSTRALIAN
PS00593,Ekalinga,Sarin,Ekalinga Sarin,MALE,1955-08-15,rajeshri59@example.org,9306483919,KR1865715,CANADIAN
PS00594,Shivansh,Mitter,Shivansh Mitter,MALE,1964-07-10,farhan81@example.net,918230158288,PW2337665,CANADIAN
PS00595,Jai,Dua,Jai Dua,MALE,2006-03-27,zilmil52@example.net,4366430582,UD9497579,AUSTRALIAN
PS00596,William,Amble,William Amble,MALE,1990-08-26,harishshetty@example.net,7480940497,DW5904581,JAPANESE
PS00597,Fiyaz,Sengupta,Fiyaz Sengupta,MALE,2006-04-24,upadhriti38@example.net,6988802481,WX2781765,AUSTRALIAN
PS00598,Warjas,Taneja,Warjas Taneja,MALE,1957-07-15,speri@example.org,5679162299,EP0637864,AMERICAN
PS00599,Saumya,Bajwa,Saumya Bajwa,FEMALE,1984-11-26,wriddhish39@example.com,3250691941,FZ8405045,CANADIAN
PS00600,Gagan,Sridhar,Gagan Sridhar,MALE,1993-09-15,chawlapahal@example.net,915618484937,GN6441828,BRITISH
PS00601,Rayaan,Sachdeva,Rayaan Sachdeva,MALE,1980-01-14,laban08@example.org,914787737992,PP9077725,BRITISH
PS00602,Jasmit,Mane,Jasmit Mane,FEMALE,1983-10-08,janyasankaran@example.net,2305063487,GS6483540,AMERICAN
PS00603,Maanav,Nayar,Maanav Nayar,MALE,1976-02-07,rajujagat@example.org,911496895683,WH2388346,JAPANESE
PS00604,Manthan,Prashad,Manthan Prashad,MALE,1961-07-04,buchbishakha@example.net,6580380734,LC1342698,GERMAN
PS00605,Daksh,Chakraborty,Daksh Chakraborty,MALE,1972-01-25,dugarbalendra@example.org,5528558425,TW5444800,CANADIAN
PS00606,Gavin,Bhandari,Gavin Bhandari,MALE,2002-07-09,fdani@example.com,211674905,HH5895599,SINGAPOREAN
PS00607,Balhaar,Das,Balhaar Das,MALE,2007-01-27,madhavimani@example.com,914260073546,GN6201000,SINGAPOREAN
PS00608,Lohit,Lad,Lohit Lad,MALE,1966-11-10,atharv62@example.org,7863218805,EI3004817,UAE
PS00609,Sai,Gala,Sai Gala,MALE,1982-02-09,okaur@example.org,4890378706,GE7408184,CANADIAN
PS00610,Agastya,Sunder,Agastya Sunder,MALE,1992-04-11,hsheth@example.com,913278007859,WA1833537,INDIAN
PS00611,Tejas,Bail,Tejas Bail,MALE,1958-10-28,ayush89@example.com,918819206072,YM2325813,UAE
PS00612,Ekta,Anand,Ekta Anand,FEMALE,1965-11-14,balayanthony@example.net,911202196274,YV3205084,AUSTRALIAN
PS00613,Jalsa,Gaba,Jalsa Gaba,FEMALE,1987-05-26,gkalla@example.org,6092856533,NC6575883,AUSTRALIAN
PS00614,Chameli,Luthra,Chameli Luthra,FEMALE,1970-06-30,chadaonkar@example.org,3691988928,JB7879780,UAE
PS00615,Rajata,Natt,Rajata Natt,FEMALE,1989-07-14,laddaniel@example.net,7853980827,BU5834882,INDIAN
PS00616,Patrick,Karpe,Patrick Karpe,MALE,1962-07-08,madhav94@example.net,8699788531,SN6769715,GERMAN
PS00617,Andrew,Edwin,Andrew Edwin,MALE,1992-10-11,wborra@example.net,6744052171,WD5143160,UAE
PS00618,Manbir,Kala,Manbir Kala,MALE,1990-11-02,wazir77@example.org,5778225093,DD7493612,SINGAPOREAN
PS00619,Qarin,Rau,Qarin Rau,MALE,1960-04-01,zmaharaj@example.com,9945329371,EK3457993,AUSTRALIAN
PS00620,Nandini,Sem,Nandini Sem,FEMALE,1984-09-27,quincy28@example.net,8707818545,MC3864941,GERMAN
PS00621,Udarsh,Bhalla,Udarsh Bhalla,MALE,1991-09-13,aanand@example.net,7764269172,XG7539242,SINGAPOREAN
PS00622,Xalak,Gopal,Xalak Gopal,FEMALE,1975-09-25,joshinikita@example.net,7695486619,CA9546663,SINGAPOREAN
PS00623,Chandani,Toor,Chandani Toor,FEMALE,1982-01-27,kartejas@example.net,2542838992,PM8695252,CANADIAN
PS00624,Varsha,Dhaliwal,Varsha Dhaliwal,FEMALE,1956-10-11,wprabhakar@example.net,1260384433,SC0079595,CANADIAN
PS00625,Zayyan,Singh,Zayyan Singh,MALE,1976-02-16,tripathiupma@example.net,6312854889,BI2653105,AUSTRALIAN
PS00626,Theodore,Solanki,Theodore Solanki,MALE,1991-09-02,majumdarrehaan@example.org,9515988954,KS3034469,INDIAN
PS00627,Chaitanya,Sabharwal,Chaitanya Sabharwal,MALE,1980-08-03,fsagar@example.net,9081257548,HI2525527,GERMAN
PS00628,Vansha,Bir,Vansha Bir,FEMALE,2007-10-08,devrajagopal@example.com,6148092935,TC7551793,INDIAN
PS00629,Indrajit,Murty,Indrajit Murty,MALE,1976-01-09,dakshjhaveri@example.com,4937836840,SR2062120,CANADIAN
PS00630,Shivani,Gala,Shivani Gala,FEMALE,1955-08-15,iraval@example.net,919874621854,LM3770429,INDIAN
PS00631,Vritti,Andra,Vritti Andra,FEMALE,1989-10-26,praneelpurohit@example.net,1293262935,MF3668008,JAPANESE
PS00632,Maanav,Mitra,Maanav Mitra,MALE,1967-01-09,vorachandresh@example.net,912415594613,UV8964453,INDIAN
PS00633,Odika,Bhatnagar,Odika Bhatnagar,FEMALE,1971-02-18,masterjhalak@example.net,6152012677,EU6702261,AMERICAN
PS00634,Ryan,Trivedi,Ryan Trivedi,MALE,1996-07-01,akannan@example.org,3729035045,HT7520919,CANADIAN
PS00635,Hitesh,Oza,Hitesh Oza,MALE,1991-08-10,fnatarajan@example.com,6461320531,YU5091378,INDIAN
PS00636,Balhaar,Loke,Balhaar Loke,MALE,1989-11-23,jairaj03@example.com,3639159378,DX2772036,SINGAPOREAN
PS00637,Nirja,Sharaf,Nirja Sharaf,FEMALE,1976-01-20,liam84@example.com,4334217705,HA5819088,INDIAN
PS00638,Udarsh,Ramanathan,Udarsh Ramanathan,MALE,1981-02-25,saksham13@example.net,4744379029,NF3424840,CANADIAN
PS00639,Max,Nayak,Max Nayak,MALE,2002-03-12,ektasane@example.com,915494327200,BN5386783,INDIAN
PS00640,Riya,Prakash,Riya Prakash,FEMALE,1975-01-31,urau@example.org,919035813226,KS9903721,AUSTRALIAN
PS00641,Patrick,Misra,Patrick Misra,MALE,1957-02-26,fkhanna@example.net,5155712915,YG6178376,UAE
PS00642,Chandran,Chhabra,Chandran Chhabra,MALE,1990-09-14,gillbrinda@example.org,4765792972,IV3660710,FRENCH
PS00643,Samuel,Magar,Samuel Magar,MALE,1965-03-29,anmol83@example.net,9914959181,KP1319201,FRENCH
PS00644,Vedika,Ratta,Vedika Ratta,FEMALE,1965-11-08,samuel21@example.net,913287794994,UF5076001,UAE
PS00645,Gaurang,Salvi,Gaurang Salvi,MALE,1981-11-29,deshmukhdiya@example.org,6121519491,CO9221049,UAE
PS00646,Unni,Rao,Unni Rao,FEMALE,2005-09-12,kashvikulkarni@example.com,914073560889,DU5350748,BRITISH
PS00647,Quincy,Tripathi,Quincy Tripathi,MALE,2007-05-14,esama@example.net,9875980355,RO5123671,GERMAN
PS00648,Forum,Banerjee,Forum Banerjee,FEMALE,1972-12-29,salvilavanya@example.com,919841859101,TW2382717,GERMAN
PS00649,Chaaya,Joshi,Chaaya Joshi,FEMALE,1967-08-01,ubanik@example.net,3842731213,HO1400754,CANADIAN
PS00650,Ganga,Prasad,Ganga Prasad,FEMALE,1977-04-08,onveer27@example.org,6243529471,ML6810514,CANADIAN
PS00651,Indali,Basak,Indali Basak,FEMALE,1987-04-24,iradhakrishnan@example.org,6411198082,VH3705910,INDIAN
PS00652,Neha,Gade,Neha Gade,FEMALE,1982-06-14,zbasu@example.org,7359204351,XI5917279,FRENCH
PS00653,Nikita,Tailor,Nikita Tailor,FEMALE,1958-05-28,qasim06@example.com,5856469124,QE0395976,GERMAN
PS00654,Jatin,Murthy,Jatin Murthy,MALE,1997-02-11,tsekhon@example.org,258055266,KG1891053,INDIAN
PS00655,Priya,Mahal,Priya Mahal,FEMALE,1966-11-12,yagate@example.net,8426820341,ML1352979,AUSTRALIAN
PS00656,Meera,Agrawal,Meera Agrawal,FEMALE,1985-05-23,lavanyamammen@example.org,6588064748,KJ5396322,FRENCH
PS00657,Wahab,Modi,Wahab Modi,MALE,1999-02-20,nakulcomar@example.net,918294565679,QE2477640,UAE
PS00658,Chaaya,Chacko,Chaaya Chacko,FEMALE,1957-02-16,maanas89@example.com,4710513795,EC2402597,FRENCH
PS00659,Madhavi,Nagy,Madhavi Nagy,FEMALE,1984-04-24,msen@example.net,6441655170,SR7376059,AMERICAN
PS00660,Aarnav,Singhal,Aarnav Singhal,MALE,1975-02-20,sonisiya@example.org,5462481567,PH0694066,BRITISH
PS00661,Jonathan,Tata,Jonathan Tata,MALE,1968-02-13,sai87@example.net,913034859562,TR2352475,SINGAPOREAN
PS00662,Jai,Hegde,Jai Hegde,MALE,1975-06-22,khuranayug@example.org,6140579439,OG2099303,AMERICAN
PS00663,Forum,Parmer,Forum Parmer,FEMALE,1998-09-06,frederick72@example.com,7339707816,LE2509309,SINGAPOREAN
PS00664,Yagnesh,Kumar,Yagnesh Kumar,MALE,1962-09-07,tristanmane@example.net,1986135811,CU6586349,INDIAN
PS00665,Ranbir,Baral,Ranbir Baral,MALE,1979-10-18,ddasgupta@example.org,1952741444,KY2174352,AUSTRALIAN
PS00666,Umang,Kaur,Umang Kaur,MALE,1997-12-06,wvarma@example.net,8856897059,TV4878952,BRITISH
PS00667,Tanish,Raj,Tanish Raj,MALE,2008-01-13,yauvani87@example.net,8844048092,BQ5242113,AUSTRALIAN
PS00668,Gayathri,Tiwari,Gayathri Tiwari,FEMALE,2005-11-02,sai12@example.org,1645270463,VB1261182,AUSTRALIAN
PS00669,Upma,Sagar,Upma Sagar,FEMALE,1965-08-03,lalcharan@example.net,625612547,EI1180205,SINGAPOREAN
PS00670,Shravya,More,Shravya More,FEMALE,1976-05-17,pairidhi@example.com,5240886146,ZJ2064579,CANADIAN
PS00671,Rajeshri,Sura,Rajeshri Sura,FEMALE,1957-12-12,sbasu@example.com,1057747555,WU9402122,GERMAN
PS00672,Sathvik,Ravi,Sathvik Ravi,MALE,1966-08-29,garima72@example.net,8412189635,SQ2819957,JAPANESE
PS00673,Ekalinga,Khosla,Ekalinga Khosla,MALE,1999-09-07,shivanshkumar@example.net,880102586,RZ6461583,FRENCH
PS00674,Irya,Mand,Irya Mand,FEMALE,1985-05-28,falanchhabra@example.org,914112902127,SY2648233,JAPANESE
PS00675,Abhimanyu,Manne,Abhimanyu Manne,MALE,1987-09-26,masteryashawini@example.org,914111668448,SP7453179,AUSTRALIAN
PS00676,Leena,Lala,Leena Lala,FEMALE,1971-08-14,lkalla@example.com,298631213,KA6148002,AMERICAN
PS00677,Daksh,Patla,Daksh Patla,MALE,1962-06-21,gardepeter@example.com,6620342091,MV6832547,JAPANESE
PS00678,Balvan,Gole,Balvan Gole,MALE,1999-01-27,jacksule@example.com,3804740331,RM6203834,UAE
PS00679,Ishita,Mohan,Ishita Mohan,FEMALE,1961-06-18,kundaabha@example.com,5785011524,BA4895241,AUSTRALIAN
PS00680,Darsh,Nayar,Darsh Nayar,MALE,1960-04-07,talwarpraneel@example.org,918095892797,HN9556298,BRITISH
PS00681,Hema,Jani,Hema Jani,FEMALE,2007-06-12,sachi44@example.com,910270517216,XB2493080,CANADIAN
PS00682,Warda,Deo,Warda Deo,FEMALE,1967-04-07,iagrawal@example.net,3380387293,IT7895929,AMERICAN
PS00683,Isaac,Dutta,Isaac Dutta,MALE,1989-04-11,cpai@example.org,914086576303,NY7201476,FRENCH
PS00684,Aryan,Issac,Aryan Issac,MALE,1979-02-03,hemal45@example.com,913963121228,DJ2932044,AUSTRALIAN
PS00685,Damini,Misra,Damini Misra,FEMALE,1976-05-12,sgoda@example.net,4993078138,BQ2384868,INDIAN
PS00686,Simon,Mukhopadhyay,Simon Mukhopadhyay,MALE,1975-08-21,ijaya34@example.org,1906370052,PI6643973,GERMAN
PS00687,Rishi,Agrawal,Rishi Agrawal,MALE,2006-11-17,samesh70@example.com,914056340493,CO2620413,BRITISH
PS00688,Chakradhar,Dewan,Chakradhar Dewan,MALE,2007-06-24,ubikayohannan@example.net,9409048630,VS1098584,CANADIAN
PS00689,Siya,Morar,Siya Morar,FEMALE,1971-10-13,indali34@example.net,4875893297,DB3019072,AUSTRALIAN
PS00690,Urmi,Muni,Urmi Muni,FEMALE,2004-12-16,nathaniellad@example.net,1419598165,SK0445761,AUSTRALIAN
PS00691,Samesh,Palan,Samesh Palan,MALE,1977-05-02,avni63@example.org,7507406064,ZX3739475,CANADIAN
PS00692,Daksh,Sachdeva,Daksh Sachdeva,MALE,2002-01-13,kakarjack@example.org,911555996716,QH8965205,FRENCH
PS00693,Ryan,Bose,Ryan Bose,MALE,1957-01-05,nayakbakhshi@example.net,914640599317,TR2864467,JAPANESE
PS00694,Utkarsh,Walia,Utkarsh Walia,MALE,1969-01-30,cdey@example.org,719438242,CD0858591,AMERICAN
PS00695,Darpan,Bora,Darpan Bora,MALE,1987-11-08,misrajagrati@example.net,910640270866,TC2327194,GERMAN
PS00696,Lakshmi,Buch,Lakshmi Buch,FEMALE,1987-12-08,zachariahadvaith@example.net,5181810132,EQ7391631,UAE
PS00697,Kamya,Madan,Kamya Madan,FEMALE,1982-12-20,sprabhu@example.com,917395085320,XT1398916,AUSTRALIAN
PS00698,Bhavya,Lall,Bhavya Lall,FEMALE,1994-01-13,champakbutala@example.net,911176253413,LL7774549,CANADIAN
PS00699,Vasana,Thakur,Vasana Thakur,FEMALE,1989-11-13,rrama@example.net,4083494125,KV2575828,AUSTRALIAN
PS00700,Warinder,Keer,Warinder Keer,MALE,1966-11-08,ydesai@example.com,6396161538,KF4804850,AMERICAN
PS00701,Udarsh,Sarma,Udarsh Sarma,MALE,1956-06-21,maxtripathi@example.net,910700734049,NW2225737,INDIAN
PS00702,Harish,Sahni,Harish Sahni,MALE,2003-08-16,mandcharles@example.com,917459091960,LK4489166,CANADIAN
PS00703,Saumya,Agarwal,Saumya Agarwal,FEMALE,1955-10-17,wallaayush@example.net,2553414431,EX3803608,FRENCH
PS00704,Gaurang,Narayanan,Gaurang Narayanan,MALE,1999-04-20,mandayatan@example.com,785985016,MR0720530,INDIAN
PS00705,Krishna,Narasimhan,Krishna Narasimhan,MALE,1958-04-25,srivastavawarjas@example.com,914462993449,AF9776815,GERMAN
PS00706,Vivaan,Wable,Vivaan Wable,MALE,1998-03-26,aggarwalaashi@example.net,915005960530,AQ0803982,FRENCH
PS00707,Hemal,Keer,Hemal Keer,FEMALE,1994-02-25,hemal45@example.net,911956795011,OY3065649,UAE
PS00708,Ishaan,Kibe,Ishaan Kibe,MALE,1978-11-18,falguni77@example.org,918496437663,MB7046482,CANADIAN
PS00709,Chaaya,Bath,Chaaya Bath,FEMALE,1993-03-18,jacob29@example.org,6055976025,KQ9870682,BRITISH
PS00710,Gauri,Grover,Gauri Grover,FEMALE,1995-09-14,abhirambhavsar@example.org,911861703576,ML4585199,CANADIAN
PS00711,Harish,Kalla,Harish Kalla,MALE,2002-05-24,falguniranganathan@example.org,2612751308,FU9385006,JAPANESE
PS00712,Benjamin,Khanna,Benjamin Khanna,MALE,1979-11-17,bkar@example.com,916751535632,DF2421795,AUSTRALIAN
PS00713,Zarna,Sandal,Zarna Sandal,FEMALE,1971-01-20,upadhriti20@example.net,3289441370,YN1590312,AMERICAN
PS00714,Aarush,Bobal,Aarush Bobal,MALE,1972-06-08,amitra@example.com,1564143862,XD6954439,JAPANESE
PS00715,Ekiya,Saini,Ekiya Saini,FEMALE,1981-02-26,ikbalyadav@example.com,8353955137,AP0554814,INDIAN
PS00716,Keya,Shetty,Keya Shetty,FEMALE,2001-03-12,zashilmanda@example.net,4422700878,BU8801247,SINGAPOREAN
PS00717,Yamini,Swaminathan,Yamini Swaminathan,FEMALE,2006-05-20,chasmum71@example.com,915611221941,XB1443459,AMERICAN
PS00718,Nidhi,Vaidya,Nidhi Vaidya,FEMALE,1998-03-13,chameli99@example.org,916613799039,CZ5303670,AUSTRALIAN
PS00719,Tamanna,Dubey,Tamanna Dubey,FEMALE,2004-11-06,misramason@example.org,9178640500,AT8921042,SINGAPOREAN
PS00720,Hema,Cheema,Hema Cheema,FEMALE,1962-09-01,fariq81@example.org,912222326564,PJ7787154,UAE
PS00721,Deepa,Chokshi,Deepa Chokshi,FEMALE,1983-10-10,khatridarsh@example.net,2545988228,HU7461588,AUSTRALIAN
PS00722,Arunima,Chhabra,Arunima Chhabra,FEMALE,1962-09-15,salvitriveni@example.org,6469476636,HG5809193,AUSTRALIAN
PS00723,Jatin,Gola,Jatin Gola,MALE,1990-07-26,chatura48@example.net,1240948740,XE3073932,FRENCH
PS00724,Utkarsh,Sangha,Utkarsh Sangha,MALE,1976-06-07,avi03@example.net,2956486249,TE5635152,GERMAN
PS00725,Jagat,Raman,Jagat Raman,MALE,1966-07-01,paninithaman@example.com,2812967265,YX6785426,INDIAN
PS00726,Vedika,Goyal,Vedika Goyal,FEMALE,1969-03-17,trivedichanchal@example.com,913660089871,JD2335816,CANADIAN
PS00727,Pooja,Pal,Pooja Pal,FEMALE,1987-12-26,atharv02@example.com,917140905347,KT4246976,UAE
PS00728,Dalaja,Yadav,Dalaja Yadav,FEMALE,2001-05-11,vtank@example.net,8229022371,AW7654856,SINGAPOREAN
PS00729,Vidhi,Reddy,Vidhi Reddy,FEMALE,1986-10-13,sathvik98@example.org,911356585352,ZT4221995,SINGAPOREAN
PS00730,Ladli,Ram,Ladli Ram,FEMALE,2004-03-06,tara67@example.org,407365731,XK9951310,FRENCH
PS00731,Chakradhar,Raman,Chakradhar Raman,MALE,1969-10-20,paninisrinivas@example.net,1857559557,ZZ6932104,SINGAPOREAN
PS00732,Owen,Khatri,Owen Khatri,MALE,1972-05-06,oscarsrivastava@example.com,912320363904,EC5675202,SINGAPOREAN
PS00733,Yuvraj,Kothari,Yuvraj Kothari,MALE,1985-08-17,darpandass@example.net,7804607585,ZQ7774672,GERMAN
PS00734,Veer,Boase,Veer Boase,MALE,1989-02-18,ojasdhingra@example.net,851173211,XC7890822,INDIAN
PS00735,Omya,Thakkar,Omya Thakkar,FEMALE,1996-01-05,nathanmohan@example.org,9258411775,HH1043605,CANADIAN
PS00736,David,Mall,David Mall,MALE,1970-07-02,garima51@example.net,6307460427,SP1111287,SINGAPOREAN
PS00737,Lopa,Thaker,Lopa Thaker,FEMALE,2000-10-01,pahalkaran@example.com,8935315657,KS6841909,FRENCH
PS00738,Pratyush,Pall,Pratyush Pall,MALE,1957-08-17,omorar@example.net,1415815803,OD0458177,JAPANESE
PS00739,Kai,Sule,Kai Sule,MALE,1977-10-04,gautamirattan@example.org,9190283989,XF4769876,BRITISH
PS00740,Nitara,Ganesan,Nitara Ganesan,FEMALE,1961-11-15,nikita99@example.org,752680643,RT0768051,FRENCH
PS00741,Nitara,Kunda,Nitara Kunda,FEMALE,1984-02-05,pminhas@example.com,443693061,QD2787751,AMERICAN
PS00742,Rishi,Bath,Rishi Bath,MALE,1976-07-17,ntella@example.org,1528549541,GJ7138160,SINGAPOREAN
PS00743,Ijaya,Bhardwaj,Ijaya Bhardwaj,FEMALE,1998-12-27,harrison56@example.net,9123239777,CA6371424,AMERICAN
PS00744,Anjali,Hayre,Anjali Hayre,FEMALE,2005-10-31,abhimanyu61@example.net,911442364235,MH9087691,GERMAN
PS00745,Ikshita,Soni,Ikshita Soni,FEMALE,1967-06-02,fwason@example.org,916186409698,DX8980351,FRENCH
PS00746,Lakshmi,Munshi,Lakshmi Munshi,FEMALE,1960-08-18,netra34@example.org,912265376159,KL9718718,AMERICAN
PS00747,Darsh,Soman,Darsh Soman,MALE,1998-11-30,pmore@example.org,8502737593,XL7445171,JAPANESE
PS00748,Krishna,Baral,Krishna Baral,FEMALE,2004-06-15,ksamra@example.net,910826907144,TK8185315,UAE
PS00749,Sudiksha,Buch,Sudiksha Buch,FEMALE,2001-12-12,hdani@example.org,5238807766,HR1991835,INDIAN
PS00750,Jack,Dani,Jack Dani,MALE,1991-09-28,prisharandhawa@example.org,918302782304,NN2013895,UAE
PS00751,Gavin,Sankar,Gavin Sankar,MALE,1986-12-07,purijyoti@example.org,918788951882,WI9658724,JAPANESE
PS00752,Atharv,Upadhyay,Atharv Upadhyay,MALE,1985-12-19,kmannan@example.net,910013995262,XI7436650,AUSTRALIAN
PS00753,Dalbir,Patla,Dalbir Patla,MALE,1982-12-12,gabriel61@example.net,914245352661,JD5035967,FRENCH
PS00754,Ekiya,Raval,Ekiya Raval,FEMALE,1990-02-13,lokebakhshi@example.org,919317940000,HT9260031,BRITISH
PS00755,Aradhana,Chopra,Aradhana Chopra,FEMALE,1978-09-29,dhruvwason@example.net,702805665,SX2278539,UAE
PS00756,Manan,Datta,Manan Datta,MALE,1996-10-27,fariq11@example.org,912838462879,CO5023115,GERMAN
PS00757,Deepa,Butala,Deepa Butala,FEMALE,1994-03-05,yashodacherian@example.net,7934469802,JW3395941,JAPANESE
PS00758,Oliver,Chandra,Oliver Chandra,MALE,1970-11-22,harshil40@example.org,1592978054,CM9268468,AUSTRALIAN
PS00759,Yasti,Dugal,Yasti Dugal,FEMALE,2001-04-02,enayar@example.com,6856773507,MZ9809127,AUSTRALIAN
PS00760,Falak,Jha,Falak Jha,FEMALE,2001-12-08,urmi52@example.org,1123946483,AH4857838,FRENCH
PS00761,Shaurya,Mukherjee,Shaurya Mukherjee,MALE,1956-07-24,azaanrout@example.com,9771163744,NC0443527,JAPANESE
PS00762,Gauri,Butala,Gauri Butala,FEMALE,1955-12-16,narayanandev@example.net,919093247571,JR1305345,JAPANESE
PS00763,Veda,Korpal,Veda Korpal,FEMALE,1970-07-14,omsundaram@example.org,918848409849,KO5572328,BRITISH
PS00764,Chaitaly,Grewal,Chaitaly Grewal,FEMALE,1998-09-16,gaurika76@example.net,105318627,MH7472376,FRENCH
PS00765,Yatin,Tiwari,Yatin Tiwari,MALE,1980-12-27,zdave@example.net,914131704420,DJ5227019,UAE
PS00766,Ganga,Mangat,Ganga Mangat,FEMALE,1957-12-31,saxenaanita@example.org,919335938510,XP6520719,BRITISH
PS00767,Warinder,Walia,Warinder Walia,MALE,1996-03-07,vivaan60@example.net,914319936116,HQ3756949,AMERICAN
PS00768,Januja,Upadhyay,Januja Upadhyay,FEMALE,1980-10-07,chakradhar87@example.net,1930080332,EG3074203,UAE
PS00769,Bhavini,Vig,Bhavini Vig,FEMALE,1965-04-11,jeremiah38@example.com,9879322687,KU2802746,AMERICAN
PS00770,Samuel,Bawa,Samuel Bawa,MALE,2003-11-28,brijeshsehgal@example.com,915466914980,BQ9359621,SINGAPOREAN
PS00771,Max,Tara,Max Tara,MALE,1976-04-24,psagar@example.com,7891276110,LQ5936934,FRENCH
PS00772,Ekavir,Swamy,Ekavir Swamy,MALE,1985-08-07,onatarajan@example.org,7456180552,EH9039897,AMERICAN
PS00773,Ojas,Prashad,Ojas Prashad,MALE,1983-02-18,naksh73@example.org,983796389,ZH8506373,CANADIAN
PS00774,Widisha,Sridhar,Widisha Sridhar,FEMALE,1966-09-23,chaturabutala@example.com,7345913793,KN6189552,GERMAN
PS00775,Ira,Parekh,Ira Parekh,FEMALE,1996-06-14,theodore49@example.com,915372915005,LG0166395,BRITISH
PS00776,Bishakha,Solanki,Bishakha Solanki,FEMALE,1962-11-23,rattawarda@example.org,2550188099,VR3723136,FRENCH
PS00777,Nathaniel,Subramaniam,Nathaniel Subramaniam,MALE,1979-02-24,ydeep@example.com,2796800556,IX5002468,AUSTRALIAN
PS00778,Naveen,Thaman,Naveen Thaman,MALE,2002-10-27,tshere@example.net,1355302691,DS1540000,INDIAN
PS00779,Ayush,Cheema,Ayush Cheema,MALE,1979-10-23,jairaj40@example.org,914036859028,XW0425504,SINGAPOREAN
PS00780,Zansi,Kala,Zansi Kala,FEMALE,2006-08-20,radhika89@example.com,6595623980,UY7657129,INDIAN
PS00781,Hema,Balay,Hema Balay,FEMALE,1997-10-18,dakshoza@example.org,6878715899,AY2079223,SINGAPOREAN
PS00782,Inaya,Kadakia,Inaya Kadakia,FEMALE,1970-03-29,mahluwalia@example.net,3737070927,WB0125156,AMERICAN
PS00783,Wishi,Rege,Wishi Rege,FEMALE,2002-05-13,kumerekbal@example.com,1338233784,ID9979234,FRENCH
PS00784,Maanas,Dar,Maanas Dar,MALE,1958-12-25,nikita42@example.net,1399830695,LK9454088,CANADIAN
PS00785,Nitesh,Borde,Nitesh Borde,MALE,1969-05-14,hmadan@example.com,1561673563,HC4689896,UAE
PS00786,Banjeet,Naik,Banjeet Naik,MALE,1996-07-11,nicholas13@example.com,916826498681,KY0954486,GERMAN
PS00787,Nilima,Handa,Nilima Handa,FEMALE,1976-02-22,liam34@example.org,4740287680,MM3559554,FRENCH
PS00788,Veda,Bassi,Veda Bassi,FEMALE,1978-06-29,bajajchasmum@example.net,919284008349,QE9515565,CANADIAN
PS00789,Yashasvi,Saini,Yashasvi Saini,FEMALE,1990-06-06,meghanacomar@example.org,918051476925,KM4795093,INDIAN
PS00790,Girish,Parikh,Girish Parikh,MALE,1965-01-28,advika85@example.org,1147636567,KS2601681,UAE
PS00791,Garima,Wagle,Garima Wagle,FEMALE,2007-01-28,ektadesai@example.net,9820185507,FG2659220,AMERICAN
PS00792,Laksh,Kakar,Laksh Kakar,MALE,1964-02-11,dsani@example.com,2325253898,PK0167719,FRENCH
PS00793,Lekha,Gola,Lekha Gola,FEMALE,1972-02-19,emand@example.net,4871796934,XX8440105,JAPANESE
PS00794,Avi,Ray,Avi Ray,MALE,2000-06-13,nidhitara@example.com,915877265195,WQ3437714,INDIAN
PS00795,Arjun,Nadig,Arjun Nadig,MALE,2007-03-30,stalwar@example.org,7542655935,SU8809468,AUSTRALIAN
PS00796,Michael,Saran,Michael Saran,MALE,2004-12-05,akshay52@example.org,9424934527,RM7036957,BRITISH
PS00797,Osha,Parekh,Osha Parekh,FEMALE,1961-05-17,isaiahshetty@example.net,3448163884,PJ6429641,BRITISH
PS00798,Rehaan,Shah,Rehaan Shah,MALE,2006-10-11,rameshjanani@example.com,1101196933,FW2958795,SINGAPOREAN
PS00799,Caleb,Mandal,Caleb Mandal,MALE,1996-02-08,sundertheodore@example.net,8177482778,PM8931754,UAE
PS00800,Mekhala,Venkataraman,Mekhala Venkataraman,FEMALE,2003-08-11,netrabatta@example.net,3325679095,DR6571821,JAPANESE
PS00801,Dhruv,Edwin,Dhruv Edwin,MALE,1968-08-19,hegdezayyan@example.com,910328703661,FJ6451583,UAE
PS00802,Lavanya,Dixit,Lavanya Dixit,FEMALE,1957-08-05,ntalwar@example.com,6891116662,RT6613337,BRITISH
PS00803,Anusha,Vaidya,Anusha Vaidya,FEMALE,1960-05-16,kmangal@example.com,919514759960,CJ1662090,AMERICAN
PS00804,Bhavani,Chatterjee,Bhavani Chatterjee,FEMALE,1956-07-22,shaurya66@example.org,915315021323,FG7025386,BRITISH
PS00805,Daksha,Deshpande,Daksha Deshpande,FEMALE,1992-08-17,balvan32@example.net,1999001162,QN1417640,JAPANESE
PS00806,Brijesh,Magar,Brijesh Magar,MALE,2007-09-17,modiupadhriti@example.net,8909304953,GN9309163,FRENCH
PS00807,Gayathri,Nanda,Gayathri Nanda,FEMALE,1988-08-25,chameli51@example.net,714004909,XJ6360667,JAPANESE
PS00808,Yashodhara,Loke,Yashodhara Loke,FEMALE,1978-10-20,omody@example.net,913818954224,DI6825200,AMERICAN
PS00809,Tanay,Date,Tanay Date,MALE,1994-06-23,warinder68@example.org,917908993259,YN8677763,CANADIAN
PS00810,Jagrati,Naidu,Jagrati Naidu,FEMALE,1983-08-06,janujadugar@example.net,5403024477,MW0162592,AUSTRALIAN
PS00811,Dayamai,Sheth,Dayamai Sheth,FEMALE,2001-12-29,chadhaanya@example.org,4122438759,TJ3604779,BRITISH
PS00812,Darpan,Wali,Darpan Wali,MALE,2008-01-22,ogarde@example.org,3141583487,QL0902620,CANADIAN
PS00813,Vrishti,Morar,Vrishti Morar,FEMALE,1971-01-20,yaminipathak@example.com,7901330555,GD0338645,BRITISH
PS00814,Leena,Seth,Leena Seth,FEMALE,1984-06-16,qabil90@example.net,912393836047,ME2215958,GERMAN
PS00815,Tanvi,Edwin,Tanvi Edwin,FEMALE,2003-07-04,aashivasa@example.org,5848974227,DI9784973,SINGAPOREAN
PS00816,Kabir,Sinha,Kabir Sinha,MALE,1976-12-02,xkhatri@example.net,6064821020,RE6652815,SINGAPOREAN
PS00817,Hemangini,Gade,Hemangini Gade,FEMALE,1979-04-12,ramachandranjason@example.org,7071257902,NH6809560,AUSTRALIAN
PS00818,Hardik,Andra,Hardik Andra,MALE,2006-08-20,palkavya@example.net,913134650790,GH0407058,BRITISH
PS00819,Lakshmi,Kalita,Lakshmi Kalita,FEMALE,1966-09-09,neelima66@example.com,3360639232,YJ3828820,SINGAPOREAN
PS00820,Henry,Kari,Henry Kari,MALE,1988-06-14,semtejas@example.net,917499788405,NQ9276790,UAE
PS00821,Girik,Chakraborty,Girik Chakraborty,MALE,2005-02-06,mangatdamini@example.com,913531762864,ZF8416800,AMERICAN
PS00822,Krisha,Magar,Krisha Magar,FEMALE,2007-09-28,yutikadas@example.net,9622289092,IL5127905,UAE
PS00823,Umang,Mistry,Umang Mistry,MALE,1966-03-16,jgara@example.com,5524016452,BL6890287,INDIAN
PS00824,Abhiram,Bajwa,Abhiram Bajwa,MALE,1977-04-28,cmannan@example.org,916557159062,WU1198556,FRENCH
PS00825,Rehaan,Dhaliwal,Rehaan Dhaliwal,MALE,1957-07-24,frederickkrish@example.com,5858840649,ZD4836722,AUSTRALIAN
PS00826,Gautami,Bali,Gautami Bali,FEMALE,1975-10-29,harshmaharaj@example.net,912923845025,MI7503601,CANADIAN
PS00827,Sudiksha,Venkataraman,Sudiksha Venkataraman,FEMALE,1987-01-04,gokhalereva@example.org,856352604,JM8127551,BRITISH
PS00828,Yahvi,Roy,Yahvi Roy,FEMALE,1957-07-12,rdeo@example.com,916712315628,AH5984534,BRITISH
PS00829,Vedika,Dutta,Vedika Dutta,FEMALE,1968-05-24,sdeo@example.com,4249897732,HJ9033441,JAPANESE
PS00830,Mohammed,Deo,Mohammed Deo,MALE,1971-12-15,chakradhar93@example.com,917153332758,HR1489969,INDIAN
PS00831,Omaja,Sastry,Omaja Sastry,FEMALE,1977-12-22,lalldarika@example.net,910878001016,QG1264055,UAE
PS00832,Pushti,Pai,Pushti Pai,FEMALE,1972-12-02,yashodharamurthy@example.org,917227519527,DP3388077,GERMAN
PS00833,Charvi,Kumar,Charvi Kumar,FEMALE,1992-12-22,azaansidhu@example.org,918501267763,AV4640798,BRITISH
PS00834,Ekavir,Dora,Ekavir Dora,MALE,1956-07-25,faraj08@example.org,6268551665,HC5580413,AUSTRALIAN
PS00835,Neha,Nath,Neha Nath,FEMALE,1991-12-24,radhikadasgupta@example.com,7620211750,VG7152223,AUSTRALIAN
PS00836,Chakrika,Doshi,Chakrika Doshi,FEMALE,2006-11-10,lavanya37@example.org,7000122823,KY1158977,AMERICAN
PS00837,Champak,Chatterjee,Champak Chatterjee,MALE,2001-01-04,abhaom@example.com,919410470738,ES5412844,AMERICAN
PS00838,Anay,Chada,Anay Chada,MALE,1982-06-29,dugalaarini@example.net,917603544118,QR3149385,GERMAN
PS00839,Advaith,Mishra,Advaith Mishra,MALE,2000-08-10,ranveersinghal@example.net,917407916924,JT8452216,JAPANESE
PS00840,Gayathri,Purohit,Gayathri Purohit,FEMALE,1990-06-01,azaanbava@example.org,2702596091,IJ0727373,GERMAN
PS00841,Jagvi,Bail,Jagvi Bail,FEMALE,1988-04-29,lekha88@example.net,9233851533,GP7183381,AMERICAN
PS00842,Luke,Kala,Luke Kala,MALE,1971-03-03,ishanker@example.com,9272359569,YN4262466,UAE
PS00843,Diya,Dhillon,Diya Dhillon,FEMALE,1989-01-12,ikunda@example.com,913280150029,VQ7338212,AMERICAN
PS00844,Ijaya,Handa,Ijaya Handa,FEMALE,1994-05-13,idikadewan@example.net,912497297672,BG8215295,GERMAN
PS00845,Udarsh,Chawla,Udarsh Chawla,MALE,1977-12-08,fgole@example.com,7803131653,PA9697520,SINGAPOREAN
PS00846,Zarna,Bhalla,Zarna Bhalla,FEMALE,1959-02-17,darshnath@example.net,8475177888,SN8345506,BRITISH
PS00847,Nachiket,Aggarwal,Nachiket Aggarwal,MALE,2003-08-25,munshidev@example.net,5968635917,LQ2011888,AMERICAN
PS00848,Manya,Dhar,Manya Dhar,FEMALE,1969-11-06,iyohannan@example.com,9309269339,XM9111911,AMERICAN
PS00849,Rachita,Manda,Rachita Manda,FEMALE,1959-12-11,baljiwan06@example.net,5546676106,QM6106008,FRENCH
PS00850,Noah,Atwal,Noah Atwal,MALE,2007-06-04,randhawagayathri@example.net,912441426376,DN4647631,BRITISH
PS00851,Ayushman,Joshi,Ayushman Joshi,MALE,1959-06-23,chasmum09@example.org,9165922840,JU7530608,JAPANESE
PS00852,Isha,Kant,Isha Kant,FEMALE,1961-08-16,nshukla@example.com,3167046360,XC9312438,SINGAPOREAN
PS00853,Agastya,Srinivasan,Agastya Srinivasan,MALE,1976-06-01,urvi78@example.net,705307840,FK7894020,AUSTRALIAN
PS00854,Triya,Pradhan,Triya Pradhan,FEMALE,1957-12-30,dhriti19@example.org,916697280272,MH2382109,AMERICAN
PS00855,Viraj,Prabhakar,Viraj Prabhakar,MALE,1966-02-13,nkhalsa@example.com,7587315706,RU2307737,SINGAPOREAN
PS00856,Dipta,Parmar,Dipta Parmar,FEMALE,1987-02-17,chanderteerth@example.net,9287953731,PO4952938,AUSTRALIAN
PS00857,Amaira,Cherian,Amaira Cherian,FEMALE,2004-03-18,sneha19@example.com,919164734628,KD4470620,INDIAN
PS00858,Ayushman,Doctor,Ayushman Doctor,MALE,1996-10-08,fiyazdhawan@example.org,9960016179,HY8983439,INDIAN
PS00859,Damini,Hans,Damini Hans,FEMALE,1981-01-27,yagneshbala@example.com,3788513049,TB5258695,UAE
PS00860,Azaan,Subramanian,Azaan Subramanian,MALE,1991-12-06,madanoliver@example.com,1736717196,QP9147900,JAPANESE
PS00861,Nitesh,Mall,Nitesh Mall,MALE,1958-07-10,upkaar27@example.com,910149123046,QH1420140,UAE
PS00862,Aarna,Shroff,Aarna Shroff,FEMALE,1991-01-15,ramakrishnananay@example.com,6550724789,QO9349999,UAE
PS00863,Oviya,Nayar,Oviya Nayar,FEMALE,1970-06-18,anay85@example.com,1882767471,FB8296355,AUSTRALIAN
PS00864,Libni,Pillai,Libni Pillai,FEMALE,1964-06-26,amritagoda@example.com,911669433174,BN4338135,BRITISH
PS00865,Ekani,Rajagopalan,Ekani Rajagopalan,FEMALE,1976-03-26,gsane@example.net,303977623,AV7013860,JAPANESE
PS00866,Ati,Subramaniam,Ati Subramaniam,FEMALE,1999-09-04,damyanti32@example.net,914155569160,KL8580400,AUSTRALIAN
PS00867,Ishaan,Srinivasan,Ishaan Srinivasan,MALE,1970-12-07,hnayak@example.com,1993462286,QU9998910,CANADIAN
PS00868,Ria,Nagar,Ria Nagar,FEMALE,2006-07-18,cbuch@example.org,3728632617,WG7691187,FRENCH
PS00869,Gabriel,Bakshi,Gabriel Bakshi,MALE,1982-02-15,ukoshy@example.org,917427535607,DC3435835,CANADIAN
PS00870,Gaurang,Sha,Gaurang Sha,MALE,1982-09-13,llanka@example.org,918068320407,IP9283540,CANADIAN
PS00871,Manan,Iyer,Manan Iyer,MALE,1978-05-27,bajajgarima@example.com,911773089785,PU1549928,UAE
PS00872,Charan,Balan,Charan Balan,MALE,2000-09-22,araman@example.com,6680624774,FO0874398,GERMAN
PS00873,Vihaan,Mital,Vihaan Mital,MALE,1986-04-19,riyavyas@example.net,1049423491,GT0571295,JAPANESE
PS00874,Ekavir,Kaul,Ekavir Kaul,MALE,1999-01-05,dhriti41@example.org,914070585445,BU7403211,SINGAPOREAN
PS00875,Vyanjana,Thakur,Vyanjana Thakur,FEMALE,1956-12-28,nidranaidu@example.org,5735010426,JX6786571,CANADIAN
PS00876,Lakshit,Buch,Lakshit Buch,MALE,2003-03-29,bhavani20@example.net,1187633007,BG6789750,CANADIAN
PS00877,Niharika,Nigam,Niharika Nigam,FEMALE,1979-02-27,urvi10@example.org,8032798914,PS8995075,INDIAN
PS00878,Elijah,Parsa,Elijah Parsa,MALE,2003-05-02,balhaaranne@example.com,3271129505,JZ0826772,CANADIAN
PS00879,Vasana,Dass,Vasana Dass,FEMALE,1984-11-30,azad22@example.org,2420976046,ET9551288,AMERICAN
PS00880,Anamika,Doctor,Anamika Doctor,FEMALE,1957-01-13,xkhare@example.net,3680578796,GC3501499,CANADIAN
PS00881,Nilima,Hayer,Nilima Hayer,FEMALE,1982-09-20,widisha03@example.org,1171251044,QR4296238,AUSTRALIAN
PS00882,Prisha,Pradhan,Prisha Pradhan,FEMALE,1959-03-09,sahotaayaan@example.net,7443269402,XJ6079402,INDIAN
PS00883,Charan,Kala,Charan Kala,MALE,1961-03-03,vihaandhaliwal@example.org,448158067,LX9518315,UAE
PS00884,Bahadurjit,Peri,Bahadurjit Peri,MALE,1981-08-20,jhalakbrar@example.com,913288787735,BL0185159,INDIAN
PS00885,Balveer,Natt,Balveer Natt,MALE,2002-08-26,darpan16@example.com,914922061195,FY3323366,CANADIAN
PS00886,Bhavani,Choudhry,Bhavani Choudhry,FEMALE,1976-08-22,mahikaborra@example.com,9314221021,SM6700039,UAE
PS00887,Eshana,Badami,Eshana Badami,FEMALE,2005-04-13,shankarikbal@example.org,3642457697,BE0563307,JAPANESE
PS00888,Yatan,Dayal,Yatan Dayal,MALE,1960-04-15,hemal46@example.org,7702007296,KN6927608,GERMAN
PS00889,Rachana,Suresh,Rachana Suresh,FEMALE,1965-02-01,yramakrishnan@example.org,7424430087,DJ0184289,JAPANESE
PS00890,Teerth,Ray,Teerth Ray,MALE,1996-06-22,advaithprashad@example.net,6506563429,WC6725986,GERMAN
PS00891,Eta,Sami,Eta Sami,FEMALE,1959-06-22,rdeol@example.com,8875853273,PK7930924,BRITISH
PS00892,Chandani,Pant,Chandani Pant,FEMALE,2002-09-16,csahota@example.net,7866612345,RE1457776,CANADIAN
PS00893,Watika,Merchant,Watika Merchant,FEMALE,1983-05-28,iparikh@example.org,3072715509,RU3495426,UAE
PS00894,Hitesh,Kaul,Hitesh Kaul,MALE,1975-04-29,guhapranav@example.com,9478749391,EJ3927104,BRITISH
PS00895,Bishakha,Hayer,Bishakha Hayer,FEMALE,1982-05-21,ojasvi26@example.com,7359080043,BY7940008,AUSTRALIAN
PS00896,Arya,Swaminathan,Arya Swaminathan,FEMALE,1975-12-31,akibe@example.com,916861495552,DI9127799,CANADIAN
PS00897,Anthony,Koshy,Anthony Koshy,MALE,1974-11-24,leena62@example.com,9071807709,XE7141210,JAPANESE
PS00898,Ekiya,Yogi,Ekiya Yogi,FEMALE,1981-09-17,siya79@example.org,4304872267,CX9645828,FRENCH
PS00899,Ladli,Wagle,Ladli Wagle,FEMALE,1985-01-02,anushadugar@example.net,2827624058,JZ5186128,AMERICAN
PS00900,Indrajit,Muni,Indrajit Muni,MALE,1960-12-02,small@example.com,7050488170,JY7419627,INDIAN
PS00901,Advik,Bumb,Advik Bumb,MALE,2004-12-10,maanas87@example.org,7469749447,IF3883051,SINGAPOREAN
PS00902,Xalak,Palla,Xalak Palla,FEMALE,1970-08-12,duttagopal@example.com,5163984582,RR9044136,CANADIAN
PS00903,Maya,Bobal,Maya Bobal,FEMALE,2006-05-10,shivaniravi@example.org,7933785847,KI9982914,JAPANESE
PS00904,Kalpit,Koshy,Kalpit Koshy,MALE,1981-04-26,chadanandini@example.org,917530677251,BW2959862,AMERICAN
PS00905,Gaurangi,Dave,Gaurangi Dave,FEMALE,2005-07-06,vrindarout@example.org,7337034340,VT9935846,AUSTRALIAN
PS00906,Parth,Karan,Parth Karan,MALE,2000-07-01,cbehl@example.org,910243853465,OS4848684,UAE
PS00907,Abdul,Dube,Abdul Dube,MALE,1959-07-23,mukhopadhyayrajeshri@example.net,7693407886,LY4377562,JAPANESE
PS00908,Aayush,Mander,Aayush Mander,MALE,1992-05-02,tkant@example.net,2284760046,OQ3208007,UAE
PS00909,Divya,Lalla,Divya Lalla,FEMALE,1988-03-17,labanbakshi@example.net,7970458158,RZ0853708,BRITISH
PS00910,Charita,Grover,Charita Grover,FEMALE,1964-03-05,yauvani34@example.net,918126833105,AV6338021,GERMAN
PS00911,Maanas,Sha,Maanas Sha,MALE,1966-07-24,chadalucky@example.org,915555347197,DF1122318,AUSTRALIAN
PS00912,Harinakshi,Panchal,Harinakshi Panchal,FEMALE,1999-03-17,lokeimaran@example.net,3712650870,SS9793915,AUSTRALIAN
PS00913,Chakradev,Raghavan,Chakradev Raghavan,MALE,1991-05-23,boradhriti@example.com,460910894,GU4482498,JAPANESE
PS00914,Tristan,Mallick,Tristan Mallick,MALE,1999-01-24,whari@example.com,910778534905,JH6117447,JAPANESE
PS00915,Veer,Garde,Veer Garde,MALE,1980-02-04,basakhredhaan@example.com,918539641646,ZJ0721530,BRITISH
PS00916,Kamya,Yohannan,Kamya Yohannan,FEMALE,2007-09-10,charnaksh@example.org,917592533949,GB6922977,GERMAN
PS00917,Omya,Magar,Omya Magar,FEMALE,2002-02-05,viraj59@example.org,917361607612,UI2340283,SINGAPOREAN
PS00918,Janani,Char,Janani Char,FEMALE,1994-07-18,xbhandari@example.net,5452224501,IE5257288,AUSTRALIAN
PS00919,Netra,Krishnan,Netra Krishnan,FEMALE,1997-04-01,jdivan@example.com,3377729044,JT7487619,CANADIAN
PS00920,Shivansh,Goswami,Shivansh Goswami,MALE,1995-11-26,ati14@example.com,1553900432,VJ2198209,SINGAPOREAN
PS00921,Advik,Rege,Advik Rege,MALE,1983-02-21,madhavichawla@example.org,1350335630,BP9266211,SINGAPOREAN
PS00922,Anmol,Vaidya,Anmol Vaidya,MALE,1960-01-21,nathnandini@example.com,1278517357,OQ1440566,INDIAN
PS00923,Bina,Chopra,Bina Chopra,FEMALE,1964-12-11,iryamahajan@example.com,7957212990,TO8329533,BRITISH
PS00924,Michael,Sachdev,Michael Sachdev,MALE,1965-08-18,srajagopalan@example.com,917501537652,VO4907804,BRITISH
PS00925,Falak,Zacharia,Falak Zacharia,FEMALE,2002-02-19,qparsa@example.net,8703765954,HA5588856,AMERICAN
PS00926,Yashawini,Zachariah,Yashawini Zachariah,FEMALE,1970-02-08,alexander35@example.org,919396264659,CH9268079,SINGAPOREAN
PS00927,Rushil,Mitter,Rushil Mitter,MALE,1982-10-17,chandranshanker@example.net,3170126833,LW5277137,GERMAN
PS00928,Sarthak,Nagy,Sarthak Nagy,MALE,1972-05-04,lakshit94@example.net,910062662695,CV0514691,AUSTRALIAN
PS00929,Jason,Raja,Jason Raja,MALE,2005-10-11,nilima56@example.net,919455972211,JD2334923,CANADIAN
PS00930,Tanay,Narasimhan,Tanay Narasimhan,MALE,1981-05-31,gabriel72@example.com,1083773678,BN4276376,AUSTRALIAN
PS00931,Dominic,Murthy,Dominic Murthy,MALE,1989-06-19,ati16@example.com,4712009800,ES5865035,SINGAPOREAN
PS00932,Aarnav,Grover,Aarnav Grover,MALE,1963-01-27,jagvidixit@example.org,915537626050,QC1375333,BRITISH
PS00933,Megha,Prabhakar,Megha Prabhakar,FEMALE,1963-01-21,talwarjason@example.com,519680386,JH8136841,UAE
PS00934,Dayita,Tella,Dayita Tella,FEMALE,1958-05-16,atwalaayush@example.org,8451017871,RA2405185,AUSTRALIAN
PS00935,Zinal,Sharaf,Zinal Sharaf,FEMALE,1987-08-07,menonlakshit@example.org,8356785285,HT4287731,CANADIAN
PS00936,Mason,Ganguly,Mason Ganguly,MALE,1963-04-08,daliaabha@example.net,7687327524,JW9228279,JAPANESE
PS00937,Yashawini,Parmar,Yashawini Parmar,FEMALE,1960-03-18,yagneshghose@example.org,4088761875,FQ8950384,CANADIAN
PS00938,Yatin,Rout,Yatin Rout,MALE,1969-09-28,ishwar02@example.net,2768543251,LN0833653,AMERICAN
PS00939,Prisha,Bail,Prisha Bail,FEMALE,1963-02-24,luke23@example.com,8177020167,BX8566456,UAE
PS00940,Saksham,Bora,Saksham Bora,MALE,1987-01-20,kamyabalakrishnan@example.org,910548701818,NC8200313,CANADIAN
PS00941,Harish,Seth,Harish Seth,MALE,2004-09-28,karpebalveer@example.com,913144024319,NQ2567866,GERMAN
PS00942,Anthony,Parmer,Anthony Parmer,MALE,2001-03-15,hritikdyal@example.net,912001236533,QK0896788,INDIAN
PS00943,Ronith,Dayal,Ronith Dayal,MALE,1981-09-30,xbasak@example.net,4534706658,MX4307752,BRITISH
PS00944,Lohit,Yohannan,Lohit Yohannan,MALE,2007-03-05,ramankashvi@example.net,911447944287,OH0813148,SINGAPOREAN
PS00945,Jairaj,Anne,Jairaj Anne,MALE,1999-02-26,bhavsarhema@example.net,2810293246,KI3981617,AUSTRALIAN
PS00946,Ekiya,Hari,Ekiya Hari,FEMALE,1956-10-01,sibalrayaan@example.net,917063671271,TE2841011,UAE
PS00947,Faqid,Srinivasan,Faqid Srinivasan,MALE,1968-11-29,bailumang@example.com,915655449266,WO4233244,AUSTRALIAN
PS00948,Ekansh,Lata,Ekansh Lata,MALE,1974-07-05,fdara@example.net,3389521791,LP0826512,GERMAN
PS00949,Yashasvi,Dixit,Yashasvi Dixit,FEMALE,1986-10-03,esha@example.com,5125031491,QR0689368,AMERICAN
PS00950,Nidra,Sura,Nidra Sura,FEMALE,1991-12-19,zbaral@example.net,913481250019,KG4981677,GERMAN
PS00951,Kritika,Zacharia,Kritika Zacharia,FEMALE,1973-12-31,hmallick@example.net,7783450947,TC9230499,BRITISH
PS00952,Aarav,Basu,Aarav Basu,MALE,1974-04-17,chatreshpal@example.org,912259157233,JZ7367666,FRENCH
PS00953,Advik,Bora,Advik Bora,MALE,1989-10-12,yashasvi08@example.net,910954484565,LB3934792,FRENCH
PS00954,Kai,Bhattacharyya,Kai Bhattacharyya,MALE,1975-07-21,kadenirja@example.com,6467338679,AA9563845,INDIAN
PS00955,Hemangini,Sridhar,Hemangini Sridhar,FEMALE,1999-06-13,tanay32@example.net,918559252815,GS9920320,JAPANESE
PS00956,Sai,Chandran,Sai Chandran,FEMALE,1968-05-16,egolla@example.com,7524416171,XD7799168,FRENCH
PS00957,Abdul,Narang,Abdul Narang,MALE,1981-01-05,binagola@example.com,9352819476,WV8227167,UAE
PS00958,Janaki,Kar,Janaki Kar,FEMALE,2000-05-24,fbath@example.com,910967826056,PX5365426,UAE
PS00959,Netra,Bera,Netra Bera,FEMALE,1984-04-20,nandini39@example.net,4479452724,JG8084249,AMERICAN
PS00960,Sachi,Bahl,Sachi Bahl,FEMALE,1994-05-09,chaudryaarnav@example.com,910114027111,XX2174812,INDIAN
PS00961,Praneel,Ramachandran,Praneel Ramachandran,MALE,1980-05-15,ekbaldin@example.com,917747424092,LT5644255,AUSTRALIAN
PS00962,Kritika,Sarna,Kritika Sarna,FEMALE,1956-09-09,baljiwan56@example.com,914229819193,IR7863043,AUSTRALIAN
PS00963,Qabil,Dugal,Qabil Dugal,MALE,1999-08-13,rkhurana@example.net,917754259073,KW1812031,JAPANESE
PS00964,Mohammed,Yadav,Mohammed Yadav,MALE,1982-06-25,phanda@example.com,5100383118,LN7992442,AUSTRALIAN
PS00965,Gaurang,Kamdar,Gaurang Kamdar,MALE,1977-08-08,robertbasak@example.com,916698448451,NR7292408,BRITISH
PS00966,Bhavika,Prabhakar,Bhavika Prabhakar,FEMALE,2005-05-08,loyalgopal@example.com,2320439464,FF5179117,CANADIAN
PS00967,Sudiksha,Sathe,Sudiksha Sathe,FEMALE,1991-02-03,jagvi13@example.org,917595068972,PB7413101,UAE
PS00968,Alexander,Solanki,Alexander Solanki,MALE,2004-03-01,balvansoni@example.com,6597493677,HY3231645,UAE
PS00969,Devansh,Bhardwaj,Devansh Bhardwaj,MALE,1995-03-03,onidada@example.org,4193017685,KA6739023,BRITISH
PS00970,Reyansh,Doctor,Reyansh Doctor,MALE,2005-05-03,aradhana26@example.org,4969923815,WQ7574868,JAPANESE
PS00971,Wazir,Prakash,Wazir Prakash,MALE,1985-05-09,zachariayahvi@example.org,4060558583,HX6476878,CANADIAN
PS00972,Jasmit,Borra,Jasmit Borra,FEMALE,2004-07-30,ssaha@example.net,260896428,QW2001737,AUSTRALIAN
PS00973,Aashi,Bains,Aashi Bains,FEMALE,1986-10-10,esangha@example.com,1863883161,MH8126653,FRENCH
PS00974,Irya,Gandhi,Irya Gandhi,FEMALE,1974-08-06,tanish33@example.org,4879000315,FM3694524,AMERICAN
PS00975,Anthony,Jani,Anthony Jani,MALE,1994-06-18,faras07@example.net,4489257302,KV0032569,BRITISH
PS00976,Yashodhara,Chaudhari,Yashodhara Chaudhari,FEMALE,1992-04-11,birjanaki@example.com,913271514836,KS1647581,UAE
PS00977,Charan,Morar,Charan Morar,MALE,1986-01-16,devanshram@example.org,919425893115,UT7277455,JAPANESE
PS00978,Luke,Murthy,Luke Murthy,MALE,1990-02-01,faqidcheema@example.com,8939345870,BU6649455,SINGAPOREAN
PS00979,Jonathan,Varughese,Jonathan Varughese,MALE,1959-03-03,sanayabasak@example.org,7872143534,TD2873959,INDIAN
PS00980,Lavanya,Ahluwalia,Lavanya Ahluwalia,FEMALE,1963-07-20,vinaya03@example.org,912003698081,RB7083120,AUSTRALIAN
PS00981,Kabir,Deo,Kabir Deo,MALE,1978-08-15,manyamallick@example.net,917739183656,VU6556600,FRENCH
PS00982,Ucchal,Shenoy,Ucchal Shenoy,FEMALE,1998-04-21,ychatterjee@example.com,918836253041,PY3599601,INDIAN
PS00983,Dalaja,Bera,Dalaja Bera,FEMALE,1991-03-30,subramaniandivya@example.org,2429262168,WJ3591591,GERMAN
PS00984,Jhalak,Sharma,Jhalak Sharma,FEMALE,1987-09-20,muttiagastya@example.net,2175640063,UB7980586,INDIAN
PS00985,Dalaja,Madan,Dalaja Madan,FEMALE,1960-05-16,aayushsachar@example.org,466084610,MW2305539,GERMAN
PS00986,Ladli,Karnik,Ladli Karnik,FEMALE,1973-03-07,walivedhika@example.net,2908090323,CX9633891,INDIAN
PS00987,Neelima,Kata,Neelima Kata,FEMALE,1970-12-01,khannasimon@example.org,918246686249,NZ7287541,INDIAN
PS00988,Mohammed,Purohit,Mohammed Purohit,MALE,1976-01-22,narulaveda@example.net,7024247462,VI4973944,JAPANESE
PS00989,Samar,Iyer,Samar Iyer,MALE,1984-11-03,oliver01@example.com,1179328,IC5181052,AUSTRALIAN
PS00990,Max,Pathak,Max Pathak,MALE,1966-12-07,jackkoshy@example.org,7313652966,YS6217712,AUSTRALIAN
PS00991,Ekapad,Nadig,Ekapad Nadig,MALE,1972-06-22,william92@example.net,4939652286,JE3352317,FRENCH
PS00992,Tristan,Rajagopalan,Tristan Rajagopalan,MALE,1998-10-29,jbhatt@example.net,910827163973,QX0629445,SINGAPOREAN
PS00993,Bishakha,Bhasin,Bishakha Bhasin,FEMALE,2006-10-07,warhimammen@example.net,912052315950,YH2239483,FRENCH
PS00994,Alexander,Bains,Alexander Bains,MALE,1966-05-31,kritikasrinivasan@example.net,7477059370,YD6732778,GERMAN
PS00995,Ansh,Khatri,Ansh Khatri,MALE,2005-07-12,edhitha78@example.net,4445628869,AD7172910,AUSTRALIAN
PS00996,Udyati,Golla,Udyati Golla,FEMALE,1990-08-29,fiyaz89@example.org,203525897,QR6632394,FRENCH
PS00997,Aashi,Uppal,Aashi Uppal,FEMALE,1974-01-13,mmadan@example.com,9133735949,KU9724304,INDIAN
PS00998,Saumya,Bhatt,Saumya Bhatt,FEMALE,1979-12-22,bahadurjit87@example.org,915580867723,UW3297003,FRENCH
PS00999,Tamanna,Khurana,Tamanna Khurana,FEMALE,1965-06-17,varsha89@example.com,3540369789,SE6023965,INDIAN
PS01000,Kevin,Sarraf,Kevin Sarraf,MALE,2000-06-30,tarababu@example.net,3172043021,ZG0751246,BRITISH
