booking_id,passenger_id,flight_id,booking_date,seat_class,booking_status,ticket_price,tax,discount,final_amount,payment_status
BK00001,PS00021,FL0137,2026-07-15T17:20:00.000+05:30,BUSINESS,PENDING,18149,3266.82,500,20915.82,PAID
BK00002,PS00830,FL0004,2026-07-21T03:45:00.000+05:30,PREMIUM ECONOMY,CONFIRMED,10350,1863.0,0,12213.0,PAID
BK00003,PS00095,FL0048,2026-04-28T00:59:00.000+05:30,PREMIUM ECONOMY,CANCELLED,11255,2025.9,2000,11280.9,PAID
BK00004,PS00770,FL0163,2026-08-02T08:18:00.000+05:30,ECONOMY,CONFIRMED,3232,581.76,1000,2813.76,PAID
BK00005,PS00660,FL0092,2026-05-03T01:56:00.000+05:30,ECONOMY,CONFIRMED,3220,579.6,1000,2799.6,PAID
BK00006,PS00578,FL0097,2026-06-09T09:06:00.000+05:30,ECONOMY,CONFIRMED,6183,1112.94,500,6795.94,PAID
BK00007,PS00930,FL0153,2026-05-01T12:05:00.000+05:30,ECONOMY,CONFIRMED,4257,766.26,0,5023.26,PAID
BK00008,PS00895,FL0187,2026-04-26T10:08:00.000+05:30,BUSINESS,CONFIRMED,19101,3438.18,500,22039.18,PAID
BK00009,PS00320,FL0117,2026-06-18T05:35:00.000+05:30,ECONOMY,PENDING,3159,568.62,1000,2727.62,PAID
BK00010,PS00922,FL0066,2026-06-13T05:19:00.000+05:30,ECONOMY,CONFIRMED,7899,1421.82,500,8820.82,PAID
BK00011,PS00294,FL0111,2026-04-16T07:32:00.000+05:30,ECONOMY,CONFIRMED,6445,1160.1,500,7105.1,PAID
BK00012,PS00463,FL0040,2026-06-05T17:55:00.000+05:30,ECONOMY,CONFIRMED,4544,817.92,2000,3361.92,PAID
BK00013,PS00539,FL0111,2026-07-12T07:32:00.000+05:30,ECONOMY,CONFIRMED,7237,1302.66,1500,7039.66,REFUNDED
BK00014,PS00809,FL0094,2026-05-09T06:12:00.000+05:30,BUSINESS,PENDING,24592,4426.56,0,29018.56,PAID
BK00015,PS00855,FL0166,2026-06-11T19:03:00.000+05:30,PREMIUM ECONOMY,CONFIRMED,11056,1990.08,2000,11046.08,PAID
BK00016,PS00339,FL0094,2026-05-22T06:12:00.000+05:30,ECONOMY,CONFIRMED,7677,1381.86,500,8558.86,PAID
BK00017,PS00113,FL0177,2026-08-03T07:12:00.000+05:30,ECONOMY,CONFIRMED,4292,772.56,1500,3564.56,PAID
BK00018,PS00862,FL0035,2026-06-05T03:33:00.000+05:30,ECONOMY,CONFIRMED,4738,852.84,1000,4590.84,PAID
BK00019,PS00114,FL0050,2026-05-26T22:38:00.000+05:30,ECONOMY,CONFIRMED,6513,1172.34,1000,6685.34,PAID
BK00020,PS00353,FL0188,2026-06-15T03:01:00.000+05:30,ECONOMY,CONFIRMED,5654,1017.72,1500,5171.72,PAID
BK00021,PS00593,FL0005,2026-08-06T10:57:00.000+05:30,ECONOMY,CONFIRMED,7175,1291.5,1500,6966.5,PAID
BK00022,PS00851,FL0127,2026-05-26T01:50:00.000+05:30,FIRST,CONFIRMED,31444,5659.92,0,37103.92,PAID
BK00023,PS00714,FL0079,2026-05-10T02:26:00.000+05:30,ECONOMY,CONFIRMED,6106,1099.08,1000,6205.08,PAID
BK00024,PS00755,FL0200,2026-08-09T07:44:00.000+05:30,PREMIUM ECONOMY,CONFIRMED,8204,1476.72,500,9180.72,PAID
BK00025,PS00269,FL0155,2026-05-09T06:11:00.000+05:30,ECONOMY,CANCELLED,5429,977.22,500,5906.22,PAID
BK00026,PS00533,FL0030,2026-07-17T04:05:00.000+05:30,ECONOMY,CONFIRMED,6576,1183.68,0,7759.68,PAID
BK00027,PS00253,FL0194,2026-06-30T06:24:00.000+05:30,ECONOMY,CONFIRMED,3933,707.94,2000,2640.94,PAID
BK00028,PS00644,FL0065,2026-04-16T03:33:00.000+05:30,ECONOMY,CONFIRMED,7472,1344.96,1000,7816.96,PAID
BK00029,PS00952,FL0196,2026-05-06T00:36:00.000+05:30,ECONOMY,CONFIRMED,6511,1171.98,1500,6182.98,PAID
BK00030,PS00926,FL0128,2026-05-21T00:01:00.000+05:30,ECONOMY,CONFIRMED,4205,756.9,0,4961.9,PAID
BK00031,PS00664,FL0032,2026-06-06T00:14:00.000+05:30,ECONOMY,CONFIRMED,7365,1325.7,500,8190.7,PAID
BK00032,PS00291,FL0078,2026-04-24T14:17:00.000+05:30,ECONOMY,CONFIRMED,7582,1364.76,0,8946.76,PENDING
BK00033,PS00924,FL0140,2026-06-01T23:49:00.000+05:30,ECONOMY,PENDING,5997,1079.46,0,7076.46,PAID
BK00034,PS00068,FL0113,2026-07-15T11:26:00.000+05:30,ECONOMY,CONFIRMED,5430,977.4,500,5907.4,PAID
BK00035,PS00929,FL0141,2026-07-21T23:30:00.000+05:30,ECONOMY,CONFIRMED,3375,607.5,500,3482.5,PAID
BK00036,PS00865,FL0013,2026-07-27T01:09:00.000+05:30,ECONOMY,PENDING,3929,707.22,2000,2636.22,PAID
BK00037,PS00065,FL0029,2026-05-27T09:42:00.000+05:30,PREMIUM ECONOMY,CONFIRMED,9241,1663.38,1000,9904.38,PAID
BK00038,PS00798,FL0105,2026-06-13T18:58:00.000+05:30,ECONOMY,CONFIRMED,6883,1238.94,1500,6621.94,PAID
BK00039,PS00981,FL0154,2026-06-17T18:41:00.000+05:30,ECONOMY,CONFIRMED,6349,1142.82,2000,5491.82,PAID
BK00040,PS00824,FL0057,2026-08-29T08:35:00.000+05:30,BUSINESS,CONFIRMED,15953,2871.54,1500,17324.54,PAID
BK00041,PS00781,FL0025,2026-07-24T17:16:00.000+05:30,FIRST,CONFIRMED,29250,5265.0,500,34015.0,PAID
BK00042,PS00502,FL0020,2026-08-08T17:18:00.000+05:30,ECONOMY,CONFIRMED,7366,1325.88,1000,7691.88,PAID
BK00043,PS00779,FL0010,2026-05-09T09:55:00.000+05:30,PREMIUM ECONOMY,PENDING,9607,1729.26,1000,10336.26,PAID
BK00044,PS00974,FL0066,2026-06-18T05:19:00.000+05:30,ECONOMY,CONFIRMED,5664,1019.52,1500,5183.52,PAID
BK00045,PS00860,FL0015,2026-08-10T01:50:00.000+05:30,PREMIUM ECONOMY,CONFIRMED,10593,1906.74,1000,11499.74,REFUNDED
BK00046,PS00457,FL0191,2026-04-16T00:54:00.000+05:30,ECONOMY,CONFIRMED,4320,777.6,2000,3097.6,PAID
BK00047,PS00313,FL0190,2026-04-13T12:08:00.000+05:30,BUSINESS,CONFIRMED,20427,3676.86,1500,22603.86,PAID
BK00048,PS00755,FL0054,2026-05-30T10:45:00.000+05:30,BUSINESS,CONFIRMED,20847,3752.46,1500,23099.46,PAID
BK00049,PS00003,FL0086,2026-05-07T13:16:00.000+05:30,PREMIUM ECONOMY,CONFIRMED,10776,1939.68,500,12215.68,PAID
BK00050,PS00192,FL0130,2026-06-07T16:26:00.000+05:30,ECONOMY,CONFIRMED,4544,817.92,500,4861.92,PAID
BK00051,PS00368,FL0002,2026-07-22T11:44:00.000+05:30,ECONOMY,CONFIRMED,5112,920.16,1500,4532.16,PAID
BK00052,PS00624,FL0040,2026-08-01T17:55:00.000+05:30,ECONOMY,CONFIRMED,5843,1051.74,2000,4894.74,PAID
BK00053,PS00248,FL0018,2026-06-10T15:36:00.000+05:30,FIRST,PENDING,37022,6663.96,500,43185.96,PAID
BK00054,PS00732,FL0133,2026-04-15T07:05:00.000+05:30,PREMIUM ECONOMY,CONFIRMED,8123,1462.14,0,9585.14,PAID
BK00055,PS00830,FL0073,2026-04-17T20:34:00.000+05:30,ECONOMY,CONFIRMED,7143,1285.74,0,8428.74,PAID
BK00056,PS00654,FL0066,2026-07-29T05:19:00.000+05:30,ECONOMY,CONFIRMED,7539,1357.02,0,8896.02,PENDING
BK00057,PS00906,FL0119,2026-08-02T23:00:00.000+05:30,PREMIUM ECONOMY,CONFIRMED,10157,1828.26,2000,9985.26,REFUNDED
BK00058,PS00346,FL0061,2026-05-29T22:34:00.000+05:30,ECONOMY,CONFIRMED,7113,1280.34,500,7893.34,PAID
BK00059,PS00762,FL0004,2026-07-02T03:45:00.000+05:30,ECONOMY,CONFIRMED,3512,632.16,2000,2144.16,PAID
BK00060,PS00460,FL0052,2026-06-24T12:14:00.000+05:30,BUSINESS,CONFIRMED,17201,3096.18,2000,18297.18,PAID
BK00061,PS00080,FL0174,2026-05-08T03:12:00.000+05:30,FIRST,CANCELLED,25564,4601.52,500,29665.52,PAID
BK00062,PS00016,FL0058,2026-07-28T08:10:00.000+05:30,ECONOMY,CONFIRMED,6231,1121.58,0,7352.58,PAID
BK00063,PS00691,FL0109,2026-07-07T05:41:00.000+05:30,ECONOMY,CONFIRMED,4656,838.08,0,5494.08,PAID
BK00064,PS00897,FL0035,2026-04-30T03:33:00.000+05:30,ECONOMY,CONFIRMED,3065,551.7,1000,2616.7,PAID
BK00065,PS00848,FL0192,2026-06-25T12:51:00.000+05:30,ECONOMY,PENDING,3887,699.66,2000,2586.66,PAID
BK00066,PS00469,FL0127,2026-05-06T01:50:00.000+05:30,ECONOMY,CONFIRMED,5561,1000.98,500,6061.98,PAID
BK00067,PS00433,FL0098,2026-05-29T19:28:00.000+05:30,ECONOMY,CONFIRMED,4085,735.3,2000,2820.3,PAID
BK00068,PS00445,FL0135,2026-05-13T12:36:00.000+05:30,PREMIUM ECONOMY,CONFIRMED,9439,1699.02,0,11138.02,PENDING
BK00069,PS00626,FL0171,2026-06-11T15:42:00.000+05:30,ECONOMY,CONFIRMED,4695,845.1,1500,4040.1,PAID
BK00070,PS00848,FL0009,2026-06-27T01:29:00.000+05:30,ECONOMY,CONFIRMED,7048,1268.64,500,7816.64,PAID
BK00071,PS00170,FL0094,2026-07-09T06:12:00.000+05:30,ECONOMY,CONFIRMED,4380,788.4,1500,3668.4,PAID
BK00072,PS00519,FL0072,2026-07-23T10:20:00.000+05:30,ECONOMY,CONFIRMED,3469,624.42,1500,2593.42,PAID
BK00073,PS00415,FL0199,2026-06-04T14:46:00.000+05:30,BUSINESS,CONFIRMED,17794,3202.92,0,20996.92,PAID
BK00074,PS00244,FL0195,2026-06-21T21:13:00.000+05:30,ECONOMY,CONFIRMED,6200,1116.0,1500,5816.0,PAID
BK00075,PS00378,FL0171,2026-05-16T15:42:00.000+05:30,ECONOMY,CONFIRMED,3504,630.72,1000,3134.72,PAID
BK00076,PS00789,FL0195,2026-04-14T21:13:00.000+05:30,ECONOMY,CONFIRMED,4318,777.24,0,5095.24,PAID
BK00077,PS00329,FL0041,2026-06-20T01:48:00.000+05:30,ECONOMY,PENDING,4303,774.54,0,5077.54,PAID
BK00078,PS00572,FL0143,2026-05-06T16:54:00.000+05:30,ECONOMY,CONFIRMED,3854,693.72,0,4547.72,PAID
BK00079,PS00855,FL0034,2026-07-10T15:35:00.000+05:30,ECONOMY,CONFIRMED,6142,1105.56,0,7247.56,PENDING
BK00080,PS00011,FL0104,2026-05-19T13:10:00.000+05:30,ECONOMY,CONFIRMED,6357,1144.26,500,7001.26,PAID
BK00081,PS00758,FL0016,2026-07-10T06:12:00.000+05:30,PREMIUM ECONOMY,CONFIRMED,11237,2022.66,500,12759.66,PENDING
BK00082,PS00953,FL0011,2026-06-05T00:09:00.000+05:30,ECONOMY,CONFIRMED,5514,992.52,500,6006.52,PAID
BK00083,PS00172,FL0141,2026-07-25T23:30:00.000+05:30,ECONOMY,CONFIRMED,6654,1197.72,0,7851.72,PAID
BK00084,PS00916,FL0200,2026-06-26T07:44:00.000+05:30,ECONOMY,PENDING,7083,1274.94,0,8357.94,PAID
BK00085,PS00264,FL0019,2026-05-09T01:43:00.000+05:30,ECONOMY,CANCELLED,6220,1119.6,500,6839.6,PAID
BK00086,PS00359,FL0014,2026-04-12T13:07:00.000+05:30,BUSINESS,CANCELLED,16191,2914.38,500,18605.38,PAID
BK00087,PS00829,FL0073,2026-05-06T20:34:00.000+05:30,ECONOMY,CONFIRMED,3511,631.98,500,3642.98,PAID
BK00088,PS00347,FL0026,2026-08-06T22:05:00.000+05:30,ECONOMY,CONFIRMED,7173,1291.14,2000,6464.14,PAID
BK00089,PS00313,FL0192,2026-04-18T12:51:00.000+05:30,ECONOMY,CONFIRMED,5600,1008.0,1500,5108.0,PAID
BK00090,PS00602,FL0110,2026-08-10T10:52:00.000+05:30,ECONOMY,CONFIRMED,7060,1270.8,1000,7330.8,PAID
BK00091,PS00283,FL0193,2026-04-25T01:05:00.000+05:30,ECONOMY,CONFIRMED,7414,1334.52,1500,7248.52,PAID
BK00092,PS00701,FL0021,2026-07-31T16:16:00.000+05:30,FIRST,CONFIRMED,35982,6476.76,0,42458.76,PAID
BK00093,PS00911,FL0128,2026-06-11T00:01:00.000+05:30,BUSINESS,CONFIRMED,24146,4346.28,1000,27492.28,PAID
BK00094,PS00936,FL0107,2026-07-03T02:22:00.000+05:30,ECONOMY,CONFIRMED,4857,874.26,0,5731.26,PAID
BK00095,PS00379,FL0151,2026-06-22T13:13:00.000+05:30,ECONOMY,CONFIRMED,6030,1085.4,0,7115.4,PAID
BK00096,PS00315,FL0184,2026-06-22T09:58:00.000+05:30,ECONOMY,CONFIRMED,4135,744.3,1000,3879.3,PAID
BK00097,PS00600,FL0168,2026-07-01T15:47:00.000+05:30,PREMIUM ECONOMY,CONFIRMED,8726,1570.68,2000,8296.68,PAID
BK00098,PS00531,FL0132,2026-05-07T20:02:00.000+05:30,BUSINESS,CONFIRMED,20389,3670.02,1000,23059.02,PAID
BK00099,PS00173,FL0054,2026-07-12T10:45:00.000+05:30,PREMIUM ECONOMY,CONFIRMED,10412,1874.16,1000,11286.16,PAID
BK00100,PS00541,FL0071,2026-08-21T13:39:00.000+05:30,ECONOMY,CONFIRMED,4155,747.9,1500,3402.9,PAID
BK00101,PS00385,FL0045,2026-04-26T16:40:00.000+05:30,ECONOMY,CONFIRMED,6128,1103.04,0,7231.04,PAID
BK00102,PS00314,FL0034,2026-04-17T15:35:00.000+05:30,ECONOMY,CONFIRMED,6427,1156.86,500,7083.86,PAID
BK00103,PS00258,FL0155,2026-07-02T06:11:00.000+05:30,ECONOMY,CONFIRMED,4219,759.42,500,4478.42,PAID
BK00104,PS00080,FL0063,2026-08-08T23:44:00.000+05:30,ECONOMY,CONFIRMED,7364,1325.52,1000,7689.52,PENDING
BK00105,PS00716,FL0074,2026-06-29T06:02:00.000+05:30,ECONOMY,CONFIRMED,3258,586.44,500,3344.44,PAID
BK00106,PS00561,FL0078,2026-06-06T14:17:00.000+05:30,ECONOMY,CONFIRMED,3808,685.44,2000,2493.44,PAID
BK00107,PS00551,FL0125,2026-04-25T07:26:00.000+05:30,ECONOMY,CONFIRMED,4043,727.74,0,4770.74,PAID
BK00108,PS00337,FL0156,2026-04-24T04:18:00.000+05:30,BUSINESS,CONFIRMED,23236,4182.48,0,27418.48,PAID
BK00109,PS00518,FL0113,2026-06-22T11:26:00.000+05:30,ECONOMY,CONFIRMED,5770,1038.6,0,6808.6,PAID
BK00110,PS00144,FL0197,2026-06-18T20:31:00.000+05:30,ECONOMY,CONFIRMED,5063,911.34,1500,4474.34,PAID
BK00111,PS00325,FL0149,2026-05-10T13:58:00.000+05:30,PREMIUM ECONOMY,PENDING,9189,1654.02,1000,9843.02,PAID
BK00112,PS00882,FL0005,2026-07-14T10:57:00.000+05:30,PREMIUM ECONOMY,CONFIRMED,10893,1960.74,2000,10853.74,PAID
BK00113,PS00283,FL0170,2026-05-07T02:40:00.000+05:30,ECONOMY,CONFIRMED,5907,1063.26,0,6970.26,PAID
BK00114,PS00169,FL0087,2026-07-28T17:39:00.000+05:30,ECONOMY,CONFIRMED,6093,1096.74,1000,6189.74,PAID
BK00115,PS00924,FL0162,2026-06-26T12:14:00.000+05:30,ECONOMY,CANCELLED,4808,865.44,1000,4673.44,PAID
BK00116,PS00839,FL0029,2026-05-13T09:42:00.000+05:30,ECONOMY,CONFIRMED,5068,912.24,2000,3980.24,PAID
BK00117,PS00337,FL0035,2026-05-14T03:33:00.000+05:30,BUSINESS,CONFIRMED,23655,4257.9,2000,25912.9,PAID
BK00118,PS00421,FL0011,2026-07-18T00:09:00.000+05:30,ECONOMY,PENDING,4942,889.56,1000,4831.56,PAID
BK00119,PS00801,FL0057,2026-05-12T08:35:00.000+05:30,ECONOMY,PENDING,7418,1335.24,500,8253.24,PAID
BK00120,PS00242,FL0056,2026-05-05T11:12:00.000+05:30,ECONOMY,CONFIRMED,3221,579.78,0,3800.78,PAID
BK00121,PS00725,FL0194,2026-06-22T06:24:00.000+05:30,ECONOMY,CONFIRMED,3033,545.94,2000,1578.94,PAID
BK00122,PS00322,FL0099,2026-07-05T13:57:00.000+05:30,ECONOMY,CONFIRMED,3687,663.66,2000,2350.66,PAID
BK00123,PS00160,FL0196,2026-06-01T00:36:00.000+05:30,ECONOMY,CONFIRMED,3268,588.24,0,3856.24,PAID
BK00124,PS00488,FL0115,2026-06-01T21:48:00.000+05:30,BUSINESS,CONFIRMED,21748,3914.64,2000,23662.64,PAID
BK00125,PS00616,FL0139,2026-06-13T12:04:00.000+05:30,ECONOMY,PENDING,6317,1137.06,1000,6454.06,PAID
BK00126,PS00168,FL0025,2026-06-13T17:16:00.000+05:30,ECONOMY,CONFIRMED,7632,1373.76,1000,8005.76,PAID
BK00127,PS00989,FL0167,2026-05-19T05:21:00.000+05:30,ECONOMY,CONFIRMED,5602,1008.36,0,6610.36,PAID
BK00128,PS00340,FL0034,2026-07-19T15:35:00.000+05:30,BUSINESS,PENDING,22114,3980.52,2000,24094.52,PAID
BK00129,PS00451,FL0087,2026-06-11T17:39:00.000+05:30,PREMIUM ECONOMY,CONFIRMED,11237,2022.66,1000,12259.66,PAID
BK00130,PS00541,FL0157,2026-04-16T00:55:00.000+05:30,ECONOMY,CONFIRMED,5179,932.22,500,5611.22,PAID
BK00131,PS00385,FL0121,2026-06-22T05:51:00.000+05:30,ECONOMY,CONFIRMED,6000,1080.0,1500,5580.0,PAID
BK00132,PS00694,FL0046,2026-06-19T20:49:00.000+05:30,PREMIUM ECONOMY,CONFIRMED,11617,2091.06,1500,12208.06,PENDING
BK00133,PS00952,FL0159,2026-06-20T00:44:00.000+05:30,ECONOMY,CONFIRMED,3942,709.56,1000,3651.56,PAID
BK00134,PS00304,FL0075,2026-06-24T02:42:00.000+05:30,ECONOMY,CANCELLED,6708,1207.44,2000,5915.44,PENDING
BK00135,PS00388,FL0106,2026-05-22T09:14:00.000+05:30,ECONOMY,CONFIRMED,3185,573.3,1000,2758.3,PAID
BK00136,PS00943,FL0055,2026-04-19T04:48:00.000+05:30,ECONOMY,CANCELLED,3921,705.78,1500,3126.78,PAID
BK00137,PS00077,FL0187,2026-07-20T10:08:00.000+05:30,ECONOMY,CONFIRMED,4968,894.24,500,5362.24,PAID
BK00138,PS00215,FL0046,2026-07-08T20:49:00.000+05:30,ECONOMY,CONFIRMED,7668,1380.24,2000,7048.24,PAID
BK00139,PS00866,FL0028,2026-07-31T20:11:00.000+05:30,ECONOMY,CONFIRMED,6832,1229.76,1000,7061.76,PAID
BK00140,PS00346,FL0045,2026-07-25T16:40:00.000+05:30,ECONOMY,CONFIRMED,3652,657.36,500,3809.36,PENDING
BK00141,PS00224,FL0142,2026-05-15T17:53:00.000+05:30,ECONOMY,CONFIRMED,3428,617.04,0,4045.04,PAID
BK00142,PS00993,FL0016,2026-06-25T06:12:00.000+05:30,ECONOMY,CONFIRMED,5251,945.18,1000,5196.18,PAID
BK00143,PS00490,FL0020,2026-06-04T17:18:00.000+05:30,BUSINESS,CONFIRMED,21284,3831.12,2000,23115.12,PAID
BK00144,PS00955,FL0001,2026-08-14T23:23:00.000+05:30,ECONOMY,PENDING,7408,1333.44,2000,6741.44,PAID
BK00145,PS01000,FL0199,2026-06-23T14:46:00.000+05:30,PREMIUM ECONOMY,CONFIRMED,10481,1886.58,500,11867.58,PAID
BK00146,PS00562,FL0139,2026-08-04T12:04:00.000+05:30,ECONOMY,CONFIRMED,6802,1224.36,1000,7026.36,PAID
BK00147,PS00236,FL0139,2026-07-28T12:04:00.000+05:30,BUSINESS,CONFIRMED,22943,4129.74,1500,25572.74,PAID
BK00148,PS00138,FL0189,2026-07-29T10:48:00.000+05:30,ECONOMY,CONFIRMED,5284,951.12,0,6235.12,PAID
BK00149,PS00976,FL0043,2026-06-15T12:42:00.000+05:30,ECONOMY,CONFIRMED,5671,1020.78,2000,4691.78,PAID
BK00150,PS00360,FL0164,2026-08-06T01:16:00.000+05:30,ECONOMY,CONFIRMED,5130,923.4,0,6053.4,PENDING
BK00151,PS00489,FL0157,2026-04-30T00:55:00.000+05:30,ECONOMY,CONFIRMED,6898,1241.64,0,8139.64,PAID
BK00152,PS00255,FL0183,2026-08-08T22:19:00.000+05:30,ECONOMY,PENDING,5256,946.08,1500,4702.08,PAID
BK00153,PS00637,FL0115,2026-07-01T21:48:00.000+05:30,BUSINESS,CONFIRMED,20311,3655.98,1000,22966.98,PAID
BK00154,PS00217,FL0012,2026-05-19T23:44:00.000+05:30,FIRST,PENDING,38470,6924.6,0,45394.6,PAID
BK00155,PS00561,FL0050,2026-08-05T22:38:00.000+05:30,ECONOMY,CONFIRMED,5374,967.32,500,5841.32,PENDING
BK00156,PS00541,FL0002,2026-04-25T11:44:00.000+05:30,FIRST,CONFIRMED,29622,5331.96,500,34453.96,PENDING
BK00157,PS00371,FL0098,2026-07-02T19:28:00.000+05:30,ECONOMY,CONFIRMED,4126,742.68,0,4868.68,PAID
BK00158,PS00357,FL0160,2026-05-30T03:28:00.000+05:30,ECONOMY,PENDING,6478,1166.04,1000,6644.04,PAID
BK00159,PS00750,FL0166,2026-06-09T19:03:00.000+05:30,ECONOMY,CONFIRMED,3568,642.24,1500,2710.24,PAID
BK00160,PS00524,FL0054,2026-04-29T10:45:00.000+05:30,ECONOMY,CONFIRMED,5401,972.18,500,5873.18,PAID
BK00161,PS00509,FL0020,2026-06-06T17:18:00.000+05:30,ECONOMY,CONFIRMED,4426,796.68,0,5222.68,PAID
BK00162,PS00065,FL0064,2026-06-21T02:15:00.000+05:30,ECONOMY,CONFIRMED,3157,568.26,0,3725.26,PENDING
BK00163,PS00162,FL0168,2026-07-05T15:47:00.000+05:30,BUSINESS,CONFIRMED,21981,3956.58,500,25437.58,PAID
BK00164,PS00860,FL0060,2026-04-23T10:13:00.000+05:30,ECONOMY,CONFIRMED,6411,1153.98,1500,6064.98,PAID
BK00165,PS00630,FL0174,2026-07-17T03:12:00.000+05:30,ECONOMY,CONFIRMED,6110,1099.8,500,6709.8,PENDING
BK00166,PS00008,FL0031,2026-04-29T06:23:00.000+05:30,BUSINESS,CONFIRMED,21809,3925.62,2000,23734.62,PAID
BK00167,PS00357,FL0086,2026-04-27T13:16:00.000+05:30,ECONOMY,PENDING,3342,601.56,1500,2443.56,PAID
BK00168,PS00381,FL0154,2026-06-02T18:41:00.000+05:30,ECONOMY,CONFIRMED,4530,815.4,500,4845.4,PAID
BK00169,PS00644,FL0099,2026-04-15T13:57:00.000+05:30,ECONOMY,CONFIRMED,4309,775.62,2000,3084.62,PAID
BK00170,PS00614,FL0091,2026-07-02T21:07:00.000+05:30,ECONOMY,CONFIRMED,7395,1331.1,1500,7226.1,PAID
BK00171,PS00117,FL0089,2026-07-02T02:36:00.000+05:30,ECONOMY,CONFIRMED,3928,707.04,2000,2635.04,PAID
BK00172,PS00574,FL0043,2026-04-19T12:42:00.000+05:30,PREMIUM ECONOMY,PENDING,8766,1577.88,500,9843.88,PAID
BK00173,PS00283,FL0096,2026-08-21T20:50:00.000+05:30,ECONOMY,CONFIRMED,6901,1242.18,0,8143.18,PAID
BK00174,PS00435,FL0085,2026-07-15T06:23:00.000+05:30,ECONOMY,CONFIRMED,6327,1138.86,2000,5465.86,PAID
BK00175,PS00811,FL0025,2026-05-22T17:16:00.000+05:30,ECONOMY,CONFIRMED,4760,856.8,1500,4116.8,PAID
BK00176,PS00138,FL0175,2026-08-02T20:18:00.000+05:30,PREMIUM ECONOMY,PENDING,10886,1959.48,500,12345.48,PAID
BK00177,PS00031,FL0025,2026-07-31T17:16:00.000+05:30,BUSINESS,CONFIRMED,15710,2827.8,2000,16537.8,PAID
BK00178,PS00489,FL0157,2026-06-06T00:55:00.000+05:30,ECONOMY,CONFIRMED,4086,735.48,0,4821.48,PAID
BK00179,PS00021,FL0164,2026-05-12T01:16:00.000+05:30,ECONOMY,CONFIRMED,6404,1152.72,1500,6056.72,PAID
BK00180,PS00505,FL0026,2026-06-04T22:05:00.000+05:30,ECONOMY,CONFIRMED,3925,706.5,2000,2631.5,PAID
BK00181,PS00556,FL0028,2026-05-15T20:11:00.000+05:30,BUSINESS,CONFIRMED,24033,4325.94,500,27858.94,PAID
BK00182,PS00766,FL0197,2026-06-20T20:31:00.000+05:30,ECONOMY,CONFIRMED,7070,1272.6,0,8342.6,PAID
BK00183,PS00973,FL0173,2026-05-11T09:11:00.000+05:30,BUSINESS,CONFIRMED,16030,2885.4,500,18415.4,PAID
BK00184,PS00672,FL0149,2026-07-07T13:58:00.000+05:30,ECONOMY,CONFIRMED,6048,1088.64,1500,5636.64,PAID
BK00185,PS00592,FL0115,2026-05-21T21:48:00.000+05:30,ECONOMY,CONFIRMED,7589,1366.02,0,8955.02,PAID
BK00186,PS00557,FL0140,2026-06-12T23:49:00.000+05:30,ECONOMY,CONFIRMED,3521,633.78,1000,3154.78,PAID
BK00187,PS00593,FL0061,2026-05-27T22:34:00.000+05:30,BUSINESS,CONFIRMED,13709,2467.62,0,16176.62,PAID
BK00188,PS00177,FL0163,2026-05-04T08:18:00.000+05:30,ECONOMY,CONFIRMED,3266,587.88,1000,2853.88,PAID
BK00189,PS00814,FL0004,2026-06-02T03:45:00.000+05:30,ECONOMY,PENDING,5090,916.2,1500,4506.2,PAID
BK00190,PS00511,FL0060,2026-07-06T10:13:00.000+05:30,ECONOMY,CONFIRMED,6062,1091.16,1000,6153.16,PAID
BK00191,PS00658,FL0016,2026-06-25T06:12:00.000+05:30,ECONOMY,CONFIRMED,6467,1164.06,2000,5631.06,PENDING
BK00192,PS00533,FL0122,2026-07-30T06:56:00.000+05:30,ECONOMY,PENDING,6917,1245.06,1500,6662.06,PAID
BK00193,PS00863,FL0116,2026-08-16T12:06:00.000+05:30,ECONOMY,CONFIRMED,7892,1420.56,1500,7812.56,PAID
BK00194,PS00141,FL0071,2026-06-08T13:39:00.000+05:30,ECONOMY,CONFIRMED,3209,577.62,1500,2286.62,PAID
BK00195,PS00226,FL0081,2026-05-06T20:53:00.000+05:30,ECONOMY,CONFIRMED,5425,976.5,1000,5401.5,PAID
BK00196,PS00858,FL0182,2026-05-28T15:10:00.000+05:30,BUSINESS,CONFIRMED,14433,2597.94,0,17030.94,PAID
BK00197,PS00828,FL0036,2026-07-26T16:28:00.000+05:30,ECONOMY,CONFIRMED,4335,780.3,500,4615.3,PAID
BK00198,PS00265,FL0189,2026-05-10T10:48:00.000+05:30,ECONOMY,CONFIRMED,5608,1009.44,1500,5117.44,PENDING
BK00199,PS00162,FL0070,2026-05-18T01:52:00.000+05:30,ECONOMY,CONFIRMED,7667,1380.06,2000,7047.06,PAID
BK00200,PS00041,FL0007,2026-07-14T19:26:00.000+05:30,ECONOMY,CONFIRMED,4311,775.98,1000,4086.98,PAID
BK00201,PS00213,FL0188,2026-05-03T03:01:00.000+05:30,ECONOMY,CONFIRMED,4886,879.48,500,5265.48,PAID
BK00202,PS00595,FL0119,2026-08-12T23:00:00.000+05:30,PREMIUM ECONOMY,CONFIRMED,8019,1443.42,1000,8462.42,PAID
BK00203,PS00118,FL0147,2026-07-27T14:49:00.000+05:30,ECONOMY,CONFIRMED,7520,1353.6,1500,7373.6,PENDING
BK00204,PS00898,FL0102,2026-04-14T16:29:00.000+05:30,ECONOMY,CONFIRMED,7888,1419.84,2000,7307.84,PAID
BK00205,PS00174,FL0146,2026-07-09T07:42:00.000+05:30,PREMIUM ECONOMY,CONFIRMED,10121,1821.78,0,11942.78,PAID
BK00206,PS00016,FL0043,2026-05-24T12:42:00.000+05:30,ECONOMY,CONFIRMED,5786,1041.48,0,6827.48,PAID
BK00207,PS00280,FL0007,2026-04-28T19:26:00.000+05:30,ECONOMY,CONFIRMED,3254,585.72,1000,2839.72,PAID
BK00208,PS00131,FL0066,2026-06-03T05:19:00.000+05:30,ECONOMY,CANCELLED,3449,620.82,0,4069.82,PAID
BK00209,PS00013,FL0069,2026-06-26T23:07:00.000+05:30,ECONOMY,CONFIRMED,4095,737.1,1500,3332.1,PAID
BK00210,PS00605,FL0131,2026-08-03T17:30:00.000+05:30,ECONOMY,CONFIRMED,5243,943.74,1500,4686.74,PAID
BK00211,PS00158,FL0170,2026-05-06T02:40:00.000+05:30,PREMIUM ECONOMY,CONFIRMED,10560,1900.8,2000,10460.8,PAID
BK00212,PS00830,FL0140,2026-05-02T23:49:00.000+05:30,ECONOMY,CONFIRMED,7026,1264.68,0,8290.68,PAID
BK00213,PS00758,FL0034,2026-06-06T15:35:00.000+05:30,ECONOMY,CONFIRMED,3166,569.88,1500,2235.88,PAID
BK00214,PS00864,FL0193,2026-07-15T01:05:00.000+05:30,BUSINESS,CONFIRMED,20779,3740.22,1000,23519.22,PAID
BK00215,PS00640,FL0040,2026-05-07T17:55:00.000+05:30,BUSINESS,CONFIRMED,17380,3128.4,500,20008.4,PAID
BK00216,PS00977,FL0183,2026-07-01T22:19:00.000+05:30,ECONOMY,CONFIRMED,6332,1139.76,2000,5471.76,PAID
BK00217,PS00797,FL0008,2026-07-12T07:56:00.000+05:30,ECONOMY,CONFIRMED,6660,1198.8,0,7858.8,PAID
BK00218,PS00439,FL0200,2026-05-14T07:44:00.000+05:30,ECONOMY,CONFIRMED,3706,667.08,500,3873.08,PAID
BK00219,PS00967,FL0155,2026-07-11T06:11:00.000+05:30,ECONOMY,CONFIRMED,5224,940.32,1000,5164.32,PENDING
BK00220,PS00920,FL0016,2026-07-09T06:12:00.000+05:30,ECONOMY,CONFIRMED,7683,1382.94,1000,8065.94,PAID
BK00221,PS00244,FL0137,2026-06-20T17:20:00.000+05:30,ECONOMY,CONFIRMED,5152,927.36,2000,4079.36,PAID
BK00222,PS00653,FL0019,2026-08-10T01:43:00.000+05:30,ECONOMY,CONFIRMED,3427,616.86,0,4043.86,PAID
BK00223,PS00786,FL0081,2026-07-02T20:53:00.000+05:30,BUSINESS,PENDING,19913,3584.34,2000,21497.34,REFUNDED
BK00224,PS00929,FL0188,2026-06-26T03:01:00.000+05:30,ECONOMY,PENDING,6318,1137.24,1500,5955.24,PAID
BK00225,PS00830,FL0038,2026-08-17T08:19:00.000+05:30,ECONOMY,PENDING,7333,1319.94,500,8152.94,PAID
BK00226,PS00713,FL0029,2026-07-16T09:42:00.000+05:30,ECONOMY,CONFIRMED,3439,619.02,1000,3058.02,PAID
BK00227,PS00214,FL0181,2026-08-23T19:53:00.000+05:30,ECONOMY,CONFIRMED,6492,1168.56,500,7160.56,PENDING
BK00228,PS00033,FL0019,2026-05-13T01:43:00.000+05:30,ECONOMY,CONFIRMED,6764,1217.52,1500,6481.52,PAID
BK00229,PS00421,FL0048,2026-07-13T00:59:00.000+05:30,FIRST,CONFIRMED,32368,5826.24,0,38194.24,PENDING
BK00230,PS00675,FL0069,2026-07-07T23:07:00.000+05:30,FIRST,CONFIRMED,27252,4905.36,1500,30657.36,PAID
BK00231,PS00702,FL0160,2026-05-17T03:28:00.000+05:30,ECONOMY,CONFIRMED,3512,632.16,1000,3144.16,PAID
BK00232,PS00788,FL0085,2026-06-02T06:23:00.000+05:30,FIRST,CONFIRMED,25355,4563.9,2000,27918.9,PAID
BK00233,PS00914,FL0049,2026-05-29T18:21:00.000+05:30,FIRST,CONFIRMED,26690,4804.2,1500,29994.2,PAID
BK00234,PS00823,FL0164,2026-07-17T01:16:00.000+05:30,ECONOMY,CONFIRMED,7817,1407.06,500,8724.06,PAID
BK00235,PS00476,FL0175,2026-07-20T20:18:00.000+05:30,ECONOMY,CONFIRMED,7944,1429.92,0,9373.92,PAID
BK00236,PS00610,FL0104,2026-05-26T13:10:00.000+05:30,FIRST,CONFIRMED,39176,7051.68,1000,45227.68,PAID
BK00237,PS00549,FL0028,2026-07-10T20:11:00.000+05:30,ECONOMY,CONFIRMED,3682,662.76,500,3844.76,PAID
BK00238,PS00444,FL0186,2026-06-02T08:30:00.000+05:30,ECONOMY,CONFIRMED,4071,732.78,1500,3303.78,PAID
BK00239,PS00779,FL0167,2026-05-16T05:21:00.000+05:30,ECONOMY,CONFIRMED,5189,934.02,500,5623.02,PAID
BK00240,PS00610,FL0168,2026-07-14T15:47:00.000+05:30,BUSINESS,CONFIRMED,14308,2575.44,500,16383.44,PAID
BK00241,PS00058,FL0110,2026-04-24T10:52:00.000+05:30,BUSINESS,PENDING,24901,4482.18,2000,27383.18,PAID
BK00242,PS00898,FL0171,2026-08-06T15:42:00.000+05:30,ECONOMY,CONFIRMED,5435,978.3,2000,4413.3,PAID
BK00243,PS00687,FL0042,2026-05-26T08:07:00.000+05:30,ECONOMY,CONFIRMED,7149,1286.82,1500,6935.82,PAID
BK00244,PS00710,FL0081,2026-07-17T20:53:00.000+05:30,ECONOMY,CONFIRMED,5453,981.54,2000,4434.54,PAID
BK00245,PS00031,FL0181,2026-05-09T19:53:00.000+05:30,ECONOMY,CONFIRMED,5701,1026.18,0,6727.18,PENDING
BK00246,PS00671,FL0086,2026-06-02T13:16:00.000+05:30,FIRST,CONFIRMED,29423,5296.14,2000,32719.14,PAID
BK00247,PS00643,FL0025,2026-07-11T17:16:00.000+05:30,ECONOMY,CONFIRMED,3178,572.04,1500,2250.04,PAID
BK00248,PS00450,FL0054,2026-06-19T10:45:00.000+05:30,BUSINESS,CONFIRMED,24130,4343.4,1500,26973.4,PAID
BK00249,PS00270,FL0198,2026-05-15T23:00:00.000+05:30,ECONOMY,CONFIRMED,7876,1417.68,2000,7293.68,PAID
BK00250,PS00267,FL0041,2026-08-12T01:48:00.000+05:30,ECONOMY,CONFIRMED,4739,853.02,500,5092.02,PAID
BK00251,PS00594,FL0151,2026-08-07T13:13:00.000+05:30,PREMIUM ECONOMY,CONFIRMED,11205,2016.9,1000,12221.9,PAID
BK00252,PS00213,FL0132,2026-04-28T20:02:00.000+05:30,ECONOMY,CONFIRMED,5040,907.2,2000,3947.2,PAID
BK00253,PS00766,FL0112,2026-04-07T02:49:00.000+05:30,BUSINESS,CONFIRMED,18951,3411.18,2000,20362.18,PAID
BK00254,PS00459,FL0061,2026-05-08T22:34:00.000+05:30,BUSINESS,CONFIRMED,17982,3236.76,0,21218.76,PAID
BK00255,PS00361,FL0176,2026-04-20T02:41:00.000+05:30,PREMIUM ECONOMY,CONFIRMED,9129,1643.22,1500,9272.22,PAID
BK00256,PS00279,FL0015,2026-06-28T01:50:00.000+05:30,ECONOMY,CONFIRMED,7853,1413.54,500,8766.54,PAID
BK00257,PS00956,FL0151,2026-05-05T13:13:00.000+05:30,PREMIUM ECONOMY,PENDING,10015,1802.7,500,11317.7,PAID
BK00258,PS00957,FL0040,2026-05-15T17:55:00.000+05:30,ECONOMY,CONFIRMED,5966,1073.88,500,6539.88,PAID
BK00259,PS00216,FL0180,2026-05-14T01:16:00.000+05:30,ECONOMY,CONFIRMED,6345,1142.1,500,6987.1,PAID
BK00260,PS00915,FL0165,2026-08-13T14:40:00.000+05:30,PREMIUM ECONOMY,CONFIRMED,10715,1928.7,1500,11143.7,PAID
BK00261,PS00840,FL0164,2026-07-21T01:16:00.000+05:30,PREMIUM ECONOMY,CONFIRMED,11176,2011.68,500,12687.68,PAID
BK00262,PS00960,FL0031,2026-08-01T06:23:00.000+05:30,ECONOMY,CONFIRMED,5152,927.36,500,5579.36,PAID
BK00263,PS00357,FL0192,2026-04-17T12:51:00.000+05:30,ECONOMY,CONFIRMED,6004,1080.72,1500,5584.72,PAID
BK00264,PS00717,FL0090,2026-06-03T21:05:00.000+05:30,ECONOMY,CANCELLED,4992,898.56,2000,3890.56,PAID
BK00265,PS00621,FL0194,2026-07-04T06:24:00.000+05:30,ECONOMY,CANCELLED,7212,1298.16,0,8510.16,PAID
BK00266,PS00679,FL0109,2026-07-22T05:41:00.000+05:30,ECONOMY,CONFIRMED,4459,802.62,2000,3261.62,PAID
BK00267,PS00561,FL0172,2026-07-24T13:45:00.000+05:30,ECONOMY,CONFIRMED,7646,1376.28,500,8522.28,PAID
BK00268,PS00991,FL0151,2026-05-30T13:13:00.000+05:30,ECONOMY,PENDING,3670,660.6,0,4330.6,PAID
BK00269,PS00938,FL0164,2026-07-31T01:16:00.000+05:30,ECONOMY,CONFIRMED,6138,1104.84,1000,6242.84,PAID
BK00270,PS00011,FL0129,2026-05-17T13:09:00.000+05:30,ECONOMY,CONFIRMED,3556,640.08,1500,2696.08,PAID
BK00271,PS00181,FL0053,2026-07-30T05:02:00.000+05:30,ECONOMY,CONFIRMED,4174,751.32,500,4425.32,PAID
BK00272,PS00733,FL0003,2026-08-25T09:26:00.000+05:30,BUSINESS,CONFIRMED,14886,2679.48,500,17065.48,PAID
BK00273,PS00585,FL0068,2026-05-28T15:44:00.000+05:30,ECONOMY,PENDING,3808,685.44,0,4493.44,PAID
BK00274,PS00661,FL0001,2026-06-02T23:23:00.000+05:30,ECONOMY,CONFIRMED,4871,876.78,1000,4747.78,PAID
BK00275,PS00938,FL0039,2026-05-03T01:47:00.000+05:30,ECONOMY,CONFIRMED,6578,1184.04,0,7762.04,PAID
BK00276,PS00518,FL0069,2026-07-24T23:07:00.000+05:30,ECONOMY,CONFIRMED,5629,1013.22,1000,5642.22,PAID
BK00277,PS00642,FL0123,2026-08-16T22:32:00.000+05:30,ECONOMY,CONFIRMED,6340,1141.2,1500,5981.2,PAID
BK00278,PS00044,FL0055,2026-04-29T04:48:00.000+05:30,ECONOMY,CONFIRMED,6169,1110.42,0,7279.42,PAID
BK00279,PS00571,FL0024,2026-06-09T06:29:00.000+05:30,ECONOMY,CONFIRMED,5696,1025.28,0,6721.28,PAID
BK00280,PS00669,FL0104,2026-07-03T13:10:00.000+05:30,ECONOMY,PENDING,6283,1130.94,1000,6413.94,PAID
BK00281,PS00580,FL0159,2026-07-17T00:44:00.000+05:30,ECONOMY,CONFIRMED,4480,806.4,1000,4286.4,PAID
BK00282,PS00490,FL0133,2026-06-11T07:05:00.000+05:30,ECONOMY,PENDING,5101,918.18,1500,4519.18,PAID
BK00283,PS00547,FL0133,2026-07-07T07:05:00.000+05:30,ECONOMY,CONFIRMED,3943,709.74,1000,3652.74,PAID
BK00284,PS00336,FL0089,2026-07-24T02:36:00.000+05:30,ECONOMY,CONFIRMED,4072,732.96,2000,2804.96,PAID
BK00285,PS00443,FL0179,2026-05-06T17:01:00.000+05:30,ECONOMY,CONFIRMED,3652,657.36,2000,2309.36,PAID
BK00286,PS00748,FL0121,2026-07-18T05:51:00.000+05:30,FIRST,CONFIRMED,39378,7088.04,1500,44966.04,PAID
BK00287,PS00525,FL0099,2026-07-24T13:57:00.000+05:30,ECONOMY,CONFIRMED,7000,1260.0,1000,7260.0,PAID
BK00288,PS00679,FL0014,2026-04-08T13:07:00.000+05:30,ECONOMY,CONFIRMED,5384,969.12,1500,4853.12,PAID
BK00289,PS00744,FL0081,2026-07-25T20:53:00.000+05:30,ECONOMY,CANCELLED,7497,1349.46,1500,7346.46,PAID
BK00290,PS00873,FL0021,2026-07-05T16:16:00.000+05:30,ECONOMY,CONFIRMED,6952,1251.36,1500,6703.36,PAID
BK00291,PS00466,FL0070,2026-07-31T01:52:00.000+05:30,BUSINESS,CONFIRMED,18317,3297.06,2000,19614.06,PAID
BK00292,PS00154,FL0117,2026-07-30T05:35:00.000+05:30,ECONOMY,CONFIRMED,5880,1058.4,1000,5938.4,PAID
BK00293,PS00353,FL0043,2026-05-31T12:42:00.000+05:30,PREMIUM ECONOMY,CONFIRMED,10267,1848.06,1500,10615.06,REFUNDED
BK00294,PS00351,FL0103,2026-06-20T09:18:00.000+05:30,ECONOMY,CONFIRMED,6182,1112.76,500,6794.76,PAID
BK00295,PS00143,FL0072,2026-05-13T10:20:00.000+05:30,ECONOMY,PENDING,6945,1250.1,500,7695.1,PAID
BK00296,PS00698,FL0025,2026-08-03T17:16:00.000+05:30,ECONOMY,CONFIRMED,6166,1109.88,1500,5775.88,PAID
BK00297,PS00408,FL0015,2026-07-04T01:50:00.000+05:30,BUSINESS,CONFIRMED,24460,4402.8,500,28362.8,PAID
BK00298,PS00295,FL0081,2026-06-23T20:53:00.000+05:30,ECONOMY,CONFIRMED,5562,1001.16,1000,5563.16,PAID
BK00299,PS00382,FL0073,2026-05-31T20:34:00.000+05:30,ECONOMY,CONFIRMED,6409,1153.62,1500,6062.62,PAID
BK00300,PS00299,FL0081,2026-05-14T20:53:00.000+05:30,ECONOMY,CONFIRMED,6058,1090.44,0,7148.44,PAID
BK00301,PS00486,FL0063,2026-07-23T23:44:00.000+05:30,ECONOMY,CONFIRMED,5949,1070.82,2000,5019.82,PAID
BK00302,PS00737,FL0014,2026-04-19T13:07:00.000+05:30,ECONOMY,CONFIRMED,4631,833.58,1500,3964.58,PAID
BK00303,PS00264,FL0132,2026-05-30T20:02:00.000+05:30,ECONOMY,CONFIRMED,6362,1145.16,0,7507.16,PAID
BK00304,PS00959,FL0037,2026-06-09T18:43:00.000+05:30,ECONOMY,CONFIRMED,4974,895.32,500,5369.32,PAID
BK00305,PS00272,FL0103,2026-08-10T09:18:00.000+05:30,ECONOMY,CONFIRMED,6982,1256.76,0,8238.76,PAID
BK00306,PS00971,FL0101,2026-07-28T19:08:00.000+05:30,ECONOMY,CONFIRMED,3933,707.94,1500,3140.94,PENDING
BK00307,PS00775,FL0089,2026-04-27T02:36:00.000+05:30,FIRST,CONFIRMED,27731,4991.58,500,32222.58,PAID
BK00308,PS00800,FL0145,2026-08-08T12:44:00.000+05:30,ECONOMY,CONFIRMED,5658,1018.44,1500,5176.44,PAID
BK00309,PS00647,FL0117,2026-05-24T05:35:00.000+05:30,ECONOMY,CONFIRMED,3403,612.54,2000,2015.54,PAID
BK00310,PS00006,FL0114,2026-05-12T15:23:00.000+05:30,BUSINESS,CONFIRMED,16127,2902.86,500,18529.86,PAID
BK00311,PS00576,FL0175,2026-08-03T20:18:00.000+05:30,ECONOMY,CONFIRMED,5019,903.42,2000,3922.42,PAID
BK00312,PS00650,FL0194,2026-06-02T06:24:00.000+05:30,ECONOMY,PENDING,6070,1092.6,1500,5662.6,PAID
BK00313,PS00893,FL0093,2026-04-23T07:37:00.000+05:30,ECONOMY,CONFIRMED,6310,1135.8,0,7445.8,PAID
BK00314,PS00766,FL0128,2026-06-03T00:01:00.000+05:30,ECONOMY,CONFIRMED,4092,736.56,1000,3828.56,PAID
BK00315,PS00937,FL0003,2026-08-06T09:26:00.000+05:30,ECONOMY,CONFIRMED,7481,1346.58,2000,6827.58,PAID
BK00316,PS00637,FL0117,2026-05-24T05:35:00.000+05:30,ECONOMY,CONFIRMED,6750,1215.0,1000,6965.0,PAID
BK00317,PS00025,FL0182,2026-06-22T15:10:00.000+05:30,ECONOMY,CONFIRMED,7047,1268.46,1500,6815.46,PENDING
BK00318,PS00013,FL0183,2026-06-09T22:19:00.000+05:30,ECONOMY,CONFIRMED,6317,1137.06,0,7454.06,PAID
BK00319,PS00368,FL0149,2026-06-06T13:58:00.000+05:30,ECONOMY,CONFIRMED,3443,619.74,2000,2062.74,PAID
BK00320,PS00084,FL0086,2026-05-31T13:16:00.000+05:30,ECONOMY,CONFIRMED,5030,905.4,0,5935.4,PAID
BK00321,PS00389,FL0037,2026-05-09T18:43:00.000+05:30,ECONOMY,CONFIRMED,4128,743.04,1000,3871.04,PAID
BK00322,PS00185,FL0183,2026-06-24T22:19:00.000+05:30,PREMIUM ECONOMY,CONFIRMED,8269,1488.42,500,9257.42,PAID
BK00323,PS00785,FL0002,2026-04-14T11:44:00.000+05:30,ECONOMY,CONFIRMED,6446,1160.28,2000,5606.28,PAID
BK00324,PS00964,FL0070,2026-06-01T01:52:00.000+05:30,ECONOMY,CONFIRMED,3754,675.72,1000,3429.72,PAID
BK00325,PS00488,FL0160,2026-04-27T03:28:00.000+05:30,ECONOMY,CONFIRMED,6138,1104.84,1000,6242.84,PENDING
BK00326,PS00870,FL0038,2026-06-11T08:19:00.000+05:30,PREMIUM ECONOMY,CONFIRMED,11232,2021.76,500,12753.76,PAID
BK00327,PS00042,FL0058,2026-06-12T08:10:00.000+05:30,ECONOMY,CONFIRMED,6187,1113.66,1500,5800.66,PAID
BK00328,PS00616,FL0086,2026-06-09T13:16:00.000+05:30,ECONOMY,CONFIRMED,5777,1039.86,500,6316.86,PAID
BK00329,PS00017,FL0044,2026-04-24T15:19:00.000+05:30,FIRST,CONFIRMED,27989,5038.02,1500,31527.02,PAID
BK00330,PS00380,FL0120,2026-06-19T21:25:00.000+05:30,PREMIUM ECONOMY,PENDING,11783,2120.94,2000,11903.94,PAID
BK00331,PS00643,FL0038,2026-05-17T08:19:00.000+05:30,PREMIUM ECONOMY,PENDING,8365,1505.7,0,9870.7,PAID
BK00332,PS00661,FL0046,2026-05-31T20:49:00.000+05:30,BUSINESS,CONFIRMED,19071,3432.78,0,22503.78,PAID
BK00333,PS00191,FL0145,2026-04-19T12:44:00.000+05:30,ECONOMY,CONFIRMED,4953,891.54,0,5844.54,PENDING
BK00334,PS00659,FL0048,2026-05-04T00:59:00.000+05:30,ECONOMY,PENDING,5741,1033.38,0,6774.38,PAID
BK00335,PS00346,FL0074,2026-06-19T06:02:00.000+05:30,ECONOMY,PENDING,5964,1073.52,500,6537.52,PAID
BK00336,PS00021,FL0198,2026-06-23T23:00:00.000+05:30,ECONOMY,CONFIRMED,7794,1402.92,1000,8196.92,PAID
BK00337,PS00218,FL0150,2026-05-31T01:07:00.000+05:30,FIRST,CONFIRMED,25829,4649.22,0,30478.22,PAID
BK00338,PS00861,FL0043,2026-08-03T12:42:00.000+05:30,ECONOMY,CONFIRMED,6319,1137.42,500,6956.42,PAID
BK00339,PS00310,FL0198,2026-05-03T23:00:00.000+05:30,ECONOMY,CONFIRMED,7434,1338.12,1000,7772.12,PENDING
BK00340,PS00390,FL0151,2026-05-04T13:13:00.000+05:30,ECONOMY,CONFIRMED,5964,1073.52,1500,5537.52,PAID
BK00341,PS00303,FL0173,2026-07-20T09:11:00.000+05:30,ECONOMY,CONFIRMED,7414,1334.52,500,8248.52,REFUNDED
BK00342,PS00095,FL0027,2026-06-22T07:46:00.000+05:30,ECONOMY,CONFIRMED,3781,680.58,2000,2461.58,PAID
BK00343,PS00662,FL0022,2026-05-13T08:13:00.000+05:30,ECONOMY,CANCELLED,4313,776.34,1500,3589.34,PAID
BK00344,PS00536,FL0051,2026-04-23T00:24:00.000+05:30,ECONOMY,CONFIRMED,4272,768.96,1500,3540.96,PAID
BK00345,PS00345,FL0006,2026-08-19T17:54:00.000+05:30,BUSINESS,CONFIRMED,12593,2266.74,0,14859.74,PAID
BK00346,PS00683,FL0066,2026-05-06T05:19:00.000+05:30,ECONOMY,CONFIRMED,5065,911.7,2000,3976.7,PAID
BK00347,PS00870,FL0111,2026-04-24T07:32:00.000+05:30,ECONOMY,CONFIRMED,7042,1267.56,1500,6809.56,PAID
BK00348,PS00047,FL0129,2026-06-25T13:09:00.000+05:30,ECONOMY,CONFIRMED,6763,1217.34,1500,6480.34,PAID
BK00349,PS00012,FL0002,2026-06-30T11:44:00.000+05:30,ECONOMY,CONFIRMED,3702,666.36,2000,2368.36,PAID
BK00350,PS00570,FL0028,2026-08-04T20:11:00.000+05:30,ECONOMY,CONFIRMED,5598,1007.64,0,6605.64,PAID
BK00351,PS00131,FL0084,2026-07-22T23:01:00.000+05:30,ECONOMY,CANCELLED,5713,1028.34,1500,5241.34,REFUNDED
BK00352,PS00352,FL0064,2026-05-18T02:15:00.000+05:30,ECONOMY,CONFIRMED,6110,1099.8,500,6709.8,PAID
BK00353,PS00895,FL0130,2026-08-05T16:26:00.000+05:30,ECONOMY,CONFIRMED,3607,649.26,2000,2256.26,PAID
BK00354,PS00684,FL0051,2026-07-13T00:24:00.000+05:30,ECONOMY,PENDING,5685,1023.3,2000,4708.3,PAID
BK00355,PS00983,FL0173,2026-06-22T09:11:00.000+05:30,ECONOMY,CONFIRMED,6181,1112.58,0,7293.58,PAID
BK00356,PS00425,FL0055,2026-05-10T04:48:00.000+05:30,ECONOMY,CONFIRMED,3673,661.14,2000,2334.14,PAID
BK00357,PS00305,FL0129,2026-08-02T13:09:00.000+05:30,ECONOMY,CONFIRMED,7853,1413.54,1000,8266.54,PAID
BK00358,PS00317,FL0141,2026-08-17T23:30:00.000+05:30,FIRST,CONFIRMED,37680,6782.4,2000,42462.4,PAID
BK00359,PS00307,FL0026,2026-04-19T22:05:00.000+05:30,ECONOMY,CANCELLED,4596,827.28,500,4923.28,PAID
BK00360,PS00287,FL0146,2026-07-10T07:42:00.000+05:30,ECONOMY,CONFIRMED,3316,596.88,1500,2412.88,PAID
BK00361,PS00115,FL0129,2026-06-13T13:09:00.000+05:30,ECONOMY,CONFIRMED,6072,1092.96,500,6664.96,PAID
BK00362,PS00445,FL0019,2026-04-30T01:43:00.000+05:30,ECONOMY,CONFIRMED,4737,852.66,2000,3589.66,PAID
BK00363,PS00632,FL0123,2026-07-01T22:32:00.000+05:30,ECONOMY,CONFIRMED,7184,1293.12,0,8477.12,PAID
BK00364,PS00907,FL0185,2026-05-18T12:51:00.000+05:30,ECONOMY,CONFIRMED,4047,728.46,2000,2775.46,PAID
BK00365,PS00085,FL0161,2026-07-11T20:10:00.000+05:30,ECONOMY,CONFIRMED,5016,902.88,0,5918.88,PAID
BK00366,PS00234,FL0158,2026-07-19T23:39:00.000+05:30,PREMIUM ECONOMY,CONFIRMED,9413,1694.34,2000,9107.34,PENDING
BK00367,PS00261,FL0055,2026-04-28T04:48:00.000+05:30,ECONOMY,CONFIRMED,5952,1071.36,1500,5523.36,PAID
BK00368,PS00191,FL0121,2026-05-03T05:51:00.000+05:30,FIRST,CONFIRMED,35210,6337.8,1500,40047.8,PAID
BK00369,PS00524,FL0003,2026-05-13T09:26:00.000+05:30,BUSINESS,CONFIRMED,22089,3976.02,0,26065.02,PAID
BK00370,PS00018,FL0090,2026-07-15T21:05:00.000+05:30,BUSINESS,PENDING,17721,3189.78,1000,19910.78,PAID
BK00371,PS00677,FL0082,2026-05-21T23:43:00.000+05:30,PREMIUM ECONOMY,CONFIRMED,8545,1538.1,500,9583.1,PAID
BK00372,PS00528,FL0065,2026-04-30T03:33:00.000+05:30,PREMIUM ECONOMY,CONFIRMED,8252,1485.36,2000,7737.36,PAID
BK00373,PS00095,FL0143,2026-04-24T16:54:00.000+05:30,FIRST,CONFIRMED,34215,6158.7,1000,39373.7,PAID
BK00374,PS00654,FL0103,2026-07-14T09:18:00.000+05:30,ECONOMY,CONFIRMED,7111,1279.98,1000,7390.98,PENDING
BK00375,PS00735,FL0039,2026-06-07T01:47:00.000+05:30,ECONOMY,CONFIRMED,5491,988.38,1000,5479.38,PAID
BK00376,PS00398,FL0034,2026-06-09T15:35:00.000+05:30,ECONOMY,CONFIRMED,6928,1247.04,500,7675.04,PAID
BK00377,PS00143,FL0076,2026-05-09T04:07:00.000+05:30,ECONOMY,PENDING,5971,1074.78,1500,5545.78,PAID
BK00378,PS00554,FL0172,2026-06-03T13:45:00.000+05:30,ECONOMY,CONFIRMED,3515,632.7,2000,2147.7,PAID
BK00379,PS00753,FL0182,2026-04-15T15:10:00.000+05:30,ECONOMY,CONFIRMED,4479,806.22,1000,4285.22,PAID
BK00380,PS00002,FL0118,2026-07-31T10:51:00.000+05:30,BUSINESS,CANCELLED,23544,4237.92,1500,26281.92,PAID
BK00381,PS00889,FL0025,2026-05-21T17:16:00.000+05:30,ECONOMY,PENDING,3533,635.94,1500,2668.94,PENDING
BK00382,PS00698,FL0016,2026-07-10T06:12:00.000+05:30,ECONOMY,CONFIRMED,6842,1231.56,500,7573.56,PAID
BK00383,PS00703,FL0112,2026-07-18T02:49:00.000+05:30,BUSINESS,CONFIRMED,14967,2694.06,1000,16661.06,PAID
BK00384,PS00457,FL0086,2026-06-22T13:16:00.000+05:30,ECONOMY,CANCELLED,3707,667.26,0,4374.26,PAID
BK00385,PS00769,FL0176,2026-08-11T02:41:00.000+05:30,ECONOMY,CONFIRMED,3563,641.34,2000,2204.34,PAID
BK00386,PS00863,FL0046,2026-07-05T20:49:00.000+05:30,PREMIUM ECONOMY,CANCELLED,10891,1960.38,500,12351.38,PAID
BK00387,PS00563,FL0090,2026-04-26T21:05:00.000+05:30,ECONOMY,CONFIRMED,5884,1059.12,500,6443.12,PAID
BK00388,PS00055,FL0144,2026-07-06T23:06:00.000+05:30,ECONOMY,CONFIRMED,5812,1046.16,500,6358.16,PAID
BK00389,PS00944,FL0078,2026-05-02T14:17:00.000+05:30,ECONOMY,CONFIRMED,5187,933.66,2000,4120.66,PAID
BK00390,PS00587,FL0057,2026-08-04T08:35:00.000+05:30,ECONOMY,CONFIRMED,6698,1205.64,2000,5903.64,PAID
BK00391,PS00401,FL0074,2026-07-16T06:02:00.000+05:30,ECONOMY,CONFIRMED,6181,1112.58,1500,5793.58,PAID
BK00392,PS00104,FL0173,2026-05-06T09:11:00.000+05:30,BUSINESS,CONFIRMED,18593,3346.74,500,21439.74,PAID
BK00393,PS00184,FL0169,2026-07-22T14:48:00.000+05:30,ECONOMY,CONFIRMED,3642,655.56,500,3797.56,PAID
BK00394,PS00285,FL0091,2026-06-12T21:07:00.000+05:30,ECONOMY,CONFIRMED,7190,1294.2,0,8484.2,PAID
BK00395,PS00779,FL0129,2026-05-03T13:09:00.000+05:30,ECONOMY,CONFIRMED,3500,630.0,1500,2630.0,PAID
BK00396,PS00272,FL0136,2026-07-13T00:00:00.000+05:30,FIRST,CONFIRMED,30020,5403.6,1500,33923.6,PAID
BK00397,PS00916,FL0200,2026-08-25T07:44:00.000+05:30,PREMIUM ECONOMY,CANCELLED,11043,1987.74,500,12530.74,PAID
BK00398,PS00156,FL0161,2026-07-18T20:10:00.000+05:30,ECONOMY,CONFIRMED,4850,873.0,1000,4723.0,PAID
BK00399,PS00167,FL0039,2026-05-05T01:47:00.000+05:30,ECONOMY,CONFIRMED,4195,755.1,2000,2950.1,PENDING
BK00400,PS00123,FL0055,2026-07-09T04:48:00.000+05:30,ECONOMY,CONFIRMED,7303,1314.54,500,8117.54,PAID
BK00401,PS00423,FL0123,2026-05-27T22:32:00.000+05:30,PREMIUM ECONOMY,CONFIRMED,8271,1488.78,2000,7759.78,PAID
BK00402,PS00246,FL0097,2026-06-24T09:06:00.000+05:30,BUSINESS,CONFIRMED,20923,3766.14,500,24189.14,PAID
BK00403,PS00283,FL0001,2026-06-09T23:23:00.000+05:30,ECONOMY,PENDING,3594,646.92,0,4240.92,REFUNDED
BK00404,PS00109,FL0131,2026-07-17T17:30:00.000+05:30,PREMIUM ECONOMY,CANCELLED,10684,1923.12,1000,11607.12,PAID
BK00405,PS00269,FL0021,2026-04-17T16:16:00.000+05:30,ECONOMY,CONFIRMED,5517,993.06,1500,5010.06,PAID
BK00406,PS00212,FL0144,2026-05-21T23:06:00.000+05:30,PREMIUM ECONOMY,CONFIRMED,9255,1665.9,0,10920.9,PAID
BK00407,PS00918,FL0181,2026-06-01T19:53:00.000+05:30,ECONOMY,CONFIRMED,6117,1101.06,1000,6218.06,PAID
BK00408,PS00645,FL0154,2026-06-02T18:41:00.000+05:30,BUSINESS,CANCELLED,19167,3450.06,0,22617.06,PAID
BK00409,PS00503,FL0036,2026-04-27T16:28:00.000+05:30,BUSINESS,CONFIRMED,14024,2524.32,1500,15048.32,PAID
BK00410,PS00790,FL0058,2026-07-19T08:10:00.000+05:30,ECONOMY,CONFIRMED,4112,740.16,1500,3352.16,PAID
BK00411,PS00876,FL0012,2026-06-24T23:44:00.000+05:30,ECONOMY,CONFIRMED,7396,1331.28,0,8727.28,PAID
BK00412,PS00878,FL0036,2026-05-17T16:28:00.000+05:30,ECONOMY,CANCELLED,3145,566.1,2000,1711.1,PAID
BK00413,PS00498,FL0016,2026-08-09T06:12:00.000+05:30,ECONOMY,CANCELLED,7927,1426.86,500,8853.86,PAID
BK00414,PS00139,FL0115,2026-07-10T21:48:00.000+05:30,ECONOMY,CONFIRMED,5267,948.06,1500,4715.06,PAID
BK00415,PS00372,FL0112,2026-05-27T02:49:00.000+05:30,ECONOMY,CONFIRMED,3852,693.36,2000,2545.36,PAID
BK00416,PS00086,FL0080,2026-07-21T23:54:00.000+05:30,BUSINESS,CONFIRMED,24873,4477.14,1500,27850.14,PAID
BK00417,PS00043,FL0080,2026-07-21T23:54:00.000+05:30,BUSINESS,CONFIRMED,15316,2756.88,2000,16072.88,PAID
BK00418,PS00274,FL0167,2026-07-13T05:21:00.000+05:30,ECONOMY,CONFIRMED,7401,1332.18,1000,7733.18,PAID
BK00419,PS00048,FL0018,2026-05-20T15:36:00.000+05:30,ECONOMY,CONFIRMED,6863,1235.34,1500,6598.34,PAID
BK00420,PS00498,FL0051,2026-07-04T00:24:00.000+05:30,ECONOMY,CONFIRMED,7617,1371.06,1000,7988.06,PAID
BK00421,PS00163,FL0182,2026-05-04T15:10:00.000+05:30,ECONOMY,CONFIRMED,7388,1329.84,2000,6717.84,PAID
BK00422,PS00549,FL0117,2026-04-29T05:35:00.000+05:30,ECONOMY,CANCELLED,7162,1289.16,1000,7451.16,PAID
BK00423,PS00031,FL0135,2026-05-25T12:36:00.000+05:30,PREMIUM ECONOMY,CONFIRMED,9137,1644.66,1000,9781.66,PAID
BK00424,PS00216,FL0038,2026-06-23T08:19:00.000+05:30,ECONOMY,PENDING,6304,1134.72,0,7438.72,PAID
BK00425,PS00412,FL0071,2026-07-04T13:39:00.000+05:30,ECONOMY,CONFIRMED,3540,637.2,1000,3177.2,PAID
BK00426,PS00799,FL0080,2026-05-28T23:54:00.000+05:30,PREMIUM ECONOMY,PENDING,9518,1713.24,500,10731.24,PAID
BK00427,PS00401,FL0104,2026-07-12T13:10:00.000+05:30,ECONOMY,CONFIRMED,6077,1093.86,2000,5170.86,PAID
BK00428,PS00409,FL0057,2026-05-26T08:35:00.000+05:30,ECONOMY,CONFIRMED,6069,1092.42,500,6661.42,PAID
BK00429,PS00713,FL0058,2026-07-13T08:10:00.000+05:30,ECONOMY,CONFIRMED,5758,1036.44,500,6294.44,PAID
BK00430,PS00802,FL0055,2026-05-28T04:48:00.000+05:30,ECONOMY,CONFIRMED,5336,960.48,1500,4796.48,PAID
BK00431,PS00247,FL0149,2026-08-10T13:58:00.000+05:30,ECONOMY,CONFIRMED,7558,1360.44,1000,7918.44,REFUNDED
BK00432,PS00268,FL0176,2026-05-26T02:41:00.000+05:30,ECONOMY,CONFIRMED,6162,1109.16,500,6771.16,PAID
BK00433,PS00222,FL0029,2026-05-17T09:42:00.000+05:30,ECONOMY,CONFIRMED,7348,1322.64,500,8170.64,PAID
BK00434,PS00686,FL0169,2026-08-06T14:48:00.000+05:30,BUSINESS,CONFIRMED,17511,3151.98,1000,19662.98,PAID
BK00435,PS00022,FL0073,2026-07-13T20:34:00.000+05:30,ECONOMY,CONFIRMED,5151,927.18,500,5578.18,PAID
BK00436,PS00046,FL0057,2026-06-14T08:35:00.000+05:30,ECONOMY,CONFIRMED,7409,1333.62,2000,6742.62,PAID
BK00437,PS00465,FL0197,2026-07-08T20:31:00.000+05:30,ECONOMY,CONFIRMED,6793,1222.74,1000,7015.74,PAID
BK00438,PS00564,FL0007,2026-06-21T19:26:00.000+05:30,ECONOMY,CONFIRMED,7835,1410.3,2000,7245.3,PAID
BK00439,PS00168,FL0172,2026-05-27T13:45:00.000+05:30,ECONOMY,CONFIRMED,3474,625.32,1000,3099.32,PAID
BK00440,PS00363,FL0050,2026-06-12T22:38:00.000+05:30,ECONOMY,CONFIRMED,6499,1169.82,1500,6168.82,PAID
BK00441,PS00098,FL0100,2026-06-11T18:25:00.000+05:30,ECONOMY,CANCELLED,3653,657.54,1000,3310.54,PAID
BK00442,PS00773,FL0060,2026-07-12T10:13:00.000+05:30,ECONOMY,CONFIRMED,3171,570.78,500,3241.78,PAID
BK00443,PS00327,FL0081,2026-06-30T20:53:00.000+05:30,ECONOMY,CONFIRMED,3324,598.32,1500,2422.32,PAID
BK00444,PS00388,FL0161,2026-07-23T20:10:00.000+05:30,FIRST,CONFIRMED,26708,4807.44,1500,30015.44,PAID
BK00445,PS00800,FL0136,2026-06-15T00:00:00.000+05:30,BUSINESS,CONFIRMED,22756,4096.08,1000,25852.08,PAID
BK00446,PS00804,FL0072,2026-06-12T10:20:00.000+05:30,ECONOMY,CONFIRMED,3794,682.92,1500,2976.92,PAID
BK00447,PS00518,FL0005,2026-05-25T10:57:00.000+05:30,FIRST,CONFIRMED,30635,5514.3,0,36149.3,PAID
BK00448,PS00056,FL0034,2026-05-24T15:35:00.000+05:30,ECONOMY,PENDING,7267,1308.06,2000,6575.06,PAID
BK00449,PS00016,FL0071,2026-06-05T13:39:00.000+05:30,ECONOMY,CONFIRMED,6937,1248.66,1500,6685.66,PAID
BK00450,PS00863,FL0078,2026-04-14T14:17:00.000+05:30,ECONOMY,CONFIRMED,3367,606.06,1000,2973.06,PAID
BK00451,PS00700,FL0014,2026-08-02T13:07:00.000+05:30,ECONOMY,CONFIRMED,7839,1411.02,500,8750.02,PAID
BK00452,PS00028,FL0112,2026-06-22T02:49:00.000+05:30,ECONOMY,CONFIRMED,7834,1410.12,2000,7244.12,REFUNDED
BK00453,PS00512,FL0097,2026-05-08T09:06:00.000+05:30,ECONOMY,CONFIRMED,5612,1010.16,0,6622.16,PAID
BK00454,PS00289,FL0127,2026-05-09T01:50:00.000+05:30,ECONOMY,CONFIRMED,4187,753.66,2000,2940.66,PAID
BK00455,PS00181,FL0109,2026-05-29T05:41:00.000+05:30,ECONOMY,CONFIRMED,5145,926.1,2000,4071.1,PAID
BK00456,PS00717,FL0196,2026-08-09T00:36:00.000+05:30,ECONOMY,CONFIRMED,5636,1014.48,2000,4650.48,PAID
BK00457,PS00449,FL0129,2026-07-29T13:09:00.000+05:30,ECONOMY,CONFIRMED,6937,1248.66,0,8185.66,PAID
BK00458,PS00445,FL0088,2026-05-07T01:28:00.000+05:30,BUSINESS,CONFIRMED,13490,2428.2,0,15918.2,PAID
BK00459,PS00427,FL0179,2026-07-28T17:01:00.000+05:30,ECONOMY,CONFIRMED,5290,952.2,500,5742.2,PENDING
BK00460,PS00559,FL0111,2026-06-07T07:32:00.000+05:30,ECONOMY,CONFIRMED,6572,1182.96,0,7754.96,PAID
BK00461,PS00011,FL0131,2026-05-03T17:30:00.000+05:30,ECONOMY,CONFIRMED,4039,727.02,2000,2766.02,PAID
BK00462,PS00566,FL0183,2026-07-21T22:19:00.000+05:30,ECONOMY,CONFIRMED,3354,603.72,1000,2957.72,PAID
BK00463,PS00367,FL0076,2026-07-03T04:07:00.000+05:30,BUSINESS,CONFIRMED,13637,2454.66,1500,14591.66,PAID
BK00464,PS00453,FL0198,2026-07-18T23:00:00.000+05:30,ECONOMY,CONFIRMED,3588,645.84,1000,3233.84,PAID
BK00465,PS00196,FL0107,2026-05-31T02:22:00.000+05:30,PREMIUM ECONOMY,CONFIRMED,8746,1574.28,0,10320.28,PENDING
BK00466,PS00355,FL0128,2026-06-06T00:01:00.000+05:30,PREMIUM ECONOMY,CONFIRMED,11488,2067.84,1000,12555.84,PAID
BK00467,PS00459,FL0115,2026-06-29T21:48:00.000+05:30,ECONOMY,CONFIRMED,4418,795.24,0,5213.24,PAID
BK00468,PS00010,FL0040,2026-06-16T17:55:00.000+05:30,ECONOMY,CONFIRMED,5680,1022.4,1000,5702.4,PAID
BK00469,PS00784,FL0131,2026-06-17T17:30:00.000+05:30,FIRST,CONFIRMED,26521,4773.78,0,31294.78,PAID
BK00470,PS00448,FL0005,2026-05-07T10:57:00.000+05:30,ECONOMY,CONFIRMED,5209,937.62,0,6146.62,PAID
BK00471,PS00845,FL0187,2026-05-17T10:08:00.000+05:30,ECONOMY,CONFIRMED,7568,1362.24,2000,6930.24,PAID
BK00472,PS00748,FL0001,2026-06-11T23:23:00.000+05:30,ECONOMY,CONFIRMED,7866,1415.88,1000,8281.88,PAID
BK00473,PS00973,FL0040,2026-05-03T17:55:00.000+05:30,ECONOMY,CONFIRMED,6235,1122.3,1000,6357.3,PAID
BK00474,PS00998,FL0092,2026-06-01T01:56:00.000+05:30,ECONOMY,CONFIRMED,5213,938.34,1500,4651.34,PAID
BK00475,PS00229,FL0180,2026-06-07T01:16:00.000+05:30,ECONOMY,CONFIRMED,5574,1003.32,2000,4577.32,PAID
BK00476,PS00139,FL0189,2026-05-08T10:48:00.000+05:30,PREMIUM ECONOMY,CONFIRMED,11517,2073.06,0,13590.06,PAID
BK00477,PS00406,FL0076,2026-07-17T04:07:00.000+05:30,ECONOMY,CONFIRMED,5043,907.74,1000,4950.74,PAID
BK00478,PS00024,FL0079,2026-05-23T02:26:00.000+05:30,BUSINESS,CONFIRMED,17834,3210.12,1000,20044.12,PAID
BK00479,PS00876,FL0167,2026-07-14T05:21:00.000+05:30,ECONOMY,CONFIRMED,4410,793.8,500,4703.8,PAID
BK00480,PS00971,FL0045,2026-08-12T16:40:00.000+05:30,ECONOMY,CONFIRMED,4862,875.16,1500,4237.16,PENDING
BK00481,PS00110,FL0164,2026-05-11T01:16:00.000+05:30,ECONOMY,PENDING,5155,927.9,0,6082.9,PAID
BK00482,PS00546,FL0166,2026-07-20T19:03:00.000+05:30,PREMIUM ECONOMY,CONFIRMED,10594,1906.92,2000,10500.92,PAID
BK00483,PS00681,FL0004,2026-07-16T03:45:00.000+05:30,ECONOMY,CONFIRMED,7546,1358.28,2000,6904.28,PENDING
BK00484,PS00270,FL0054,2026-07-23T10:45:00.000+05:30,ECONOMY,CONFIRMED,7444,1339.92,500,8283.92,PENDING
BK00485,PS00816,FL0182,2026-04-29T15:10:00.000+05:30,ECONOMY,CONFIRMED,5336,960.48,500,5796.48,PAID
BK00486,PS00185,FL0166,2026-07-01T19:03:00.000+05:30,ECONOMY,CONFIRMED,7578,1364.04,500,8442.04,PAID
BK00487,PS00769,FL0005,2026-06-26T10:57:00.000+05:30,PREMIUM ECONOMY,CONFIRMED,9134,1644.12,0,10778.12,PAID
BK00488,PS00452,FL0170,2026-07-19T02:40:00.000+05:30,ECONOMY,CONFIRMED,7280,1310.4,1500,7090.4,PAID
BK00489,PS00901,FL0036,2026-07-21T16:28:00.000+05:30,ECONOMY,CANCELLED,7847,1412.46,0,9259.46,PAID
BK00490,PS00314,FL0062,2026-05-09T12:00:00.000+05:30,ECONOMY,CONFIRMED,7537,1356.66,1000,7893.66,REFUNDED
BK00491,PS00262,FL0020,2026-05-27T17:18:00.000+05:30,ECONOMY,CONFIRMED,4215,758.7,1500,3473.7,PENDING
BK00492,PS00715,FL0039,2026-07-30T01:47:00.000+05:30,ECONOMY,CONFIRMED,4100,738.0,0,4838.0,PAID
BK00493,PS00366,FL0078,2026-05-03T14:17:00.000+05:30,ECONOMY,CONFIRMED,7699,1385.82,0,9084.82,PAID
BK00494,PS00770,FL0092,2026-05-11T01:56:00.000+05:30,BUSINESS,CONFIRMED,17996,3239.28,1500,19735.28,PAID
BK00495,PS00794,FL0059,2026-04-22T04:58:00.000+05:30,ECONOMY,CONFIRMED,4998,899.64,1500,4397.64,PAID
BK00496,PS00653,FL0106,2026-08-06T09:14:00.000+05:30,PREMIUM ECONOMY,CONFIRMED,9887,1779.66,0,11666.66,PAID
BK00497,PS00081,FL0092,2026-04-20T01:56:00.000+05:30,ECONOMY,CONFIRMED,6233,1121.94,0,7354.94,PAID
BK00498,PS00881,FL0130,2026-08-17T16:26:00.000+05:30,ECONOMY,CONFIRMED,4449,800.82,0,5249.82,PAID
BK00499,PS00368,FL0177,2026-07-02T07:12:00.000+05:30,ECONOMY,CONFIRMED,6892,1240.56,0,8132.56,PAID
BK00500,PS00205,FL0081,2026-06-09T20:53:00.000+05:30,ECONOMY,CANCELLED,5472,984.96,0,6456.96,PAID
BK00501,PS00809,FL0042,2026-07-29T08:07:00.000+05:30,PREMIUM ECONOMY,CONFIRMED,11844,2131.92,1500,12475.92,PAID
BK00502,PS00336,FL0083,2026-07-26T08:39:00.000+05:30,ECONOMY,CONFIRMED,4512,812.16,500,4824.16,PAID
BK00503,PS00782,FL0015,2026-05-16T01:50:00.000+05:30,ECONOMY,CONFIRMED,7925,1426.5,500,8851.5,PAID
BK00504,PS00714,FL0121,2026-05-08T05:51:00.000+05:30,ECONOMY,CANCELLED,4741,853.38,0,5594.38,PAID
BK00505,PS00380,FL0140,2026-08-05T23:49:00.000+05:30,ECONOMY,CONFIRMED,7153,1287.54,1500,6940.54,PAID
BK00506,PS00257,FL0018,2026-04-24T15:36:00.000+05:30,ECONOMY,PENDING,7690,1384.2,2000,7074.2,PAID
BK00507,PS00820,FL0178,2026-06-05T07:36:00.000+05:30,ECONOMY,CONFIRMED,6553,1179.54,2000,5732.54,PAID
BK00508,PS00019,FL0090,2026-06-14T21:05:00.000+05:30,PREMIUM ECONOMY,PENDING,10496,1889.28,500,11885.28,PAID
BK00509,PS00882,FL0003,2026-08-22T09:26:00.000+05:30,ECONOMY,CONFIRMED,3262,587.16,1500,2349.16,PAID
BK00510,PS00111,FL0135,2026-08-18T12:36:00.000+05:30,BUSINESS,CONFIRMED,16389,2950.02,500,18839.02,PAID
BK00511,PS00727,FL0026,2026-06-13T22:05:00.000+05:30,ECONOMY,PENDING,5678,1022.04,1500,5200.04,PAID
BK00512,PS00680,FL0169,2026-06-14T14:48:00.000+05:30,ECONOMY,CONFIRMED,5118,921.24,2000,4039.24,PAID
BK00513,PS00139,FL0067,2026-04-29T02:49:00.000+05:30,ECONOMY,CONFIRMED,6762,1217.16,500,7479.16,PAID
BK00514,PS00044,FL0047,2026-06-07T02:11:00.000+05:30,ECONOMY,CONFIRMED,5239,943.02,2000,4182.02,PAID
BK00515,PS00284,FL0012,2026-05-16T23:44:00.000+05:30,ECONOMY,PENDING,6096,1097.28,0,7193.28,PAID
BK00516,PS00172,FL0037,2026-05-18T18:43:00.000+05:30,ECONOMY,CONFIRMED,3271,588.78,2000,1859.78,PAID
BK00517,PS00507,FL0152,2026-07-28T13:38:00.000+05:30,ECONOMY,CONFIRMED,7926,1426.68,500,8852.68,PAID
BK00518,PS00394,FL0011,2026-07-24T00:09:00.000+05:30,ECONOMY,CONFIRMED,7314,1316.52,1000,7630.52,PAID
BK00519,PS00086,FL0088,2026-07-10T01:28:00.000+05:30,PREMIUM ECONOMY,CONFIRMED,8381,1508.58,0,9889.58,PAID
BK00520,PS00986,FL0050,2026-07-22T22:38:00.000+05:30,BUSINESS,CONFIRMED,17155,3087.9,1000,19242.9,PAID
BK00521,PS00909,FL0025,2026-08-05T17:16:00.000+05:30,ECONOMY,CONFIRMED,7902,1422.36,500,8824.36,PAID
BK00522,PS00095,FL0115,2026-05-24T21:48:00.000+05:30,FIRST,CONFIRMED,27551,4959.18,500,32010.18,PAID
BK00523,PS00948,FL0151,2026-07-20T13:13:00.000+05:30,ECONOMY,CONFIRMED,4922,885.96,0,5807.96,PAID
BK00524,PS00308,FL0139,2026-07-10T12:04:00.000+05:30,BUSINESS,CONFIRMED,18550,3339.0,1500,20389.0,PAID
BK00525,PS00507,FL0153,2026-05-04T12:05:00.000+05:30,BUSINESS,PENDING,18543,3337.74,1500,20380.74,PAID
BK00526,PS00175,FL0027,2026-05-04T07:46:00.000+05:30,ECONOMY,CONFIRMED,6243,1123.74,0,7366.74,PAID
BK00527,PS00614,FL0189,2026-08-07T10:48:00.000+05:30,ECONOMY,CONFIRMED,7239,1303.02,2000,6542.02,PAID
BK00528,PS00978,FL0149,2026-05-09T13:58:00.000+05:30,ECONOMY,CONFIRMED,4701,846.18,2000,3547.18,PAID
BK00529,PS00570,FL0099,2026-05-05T13:57:00.000+05:30,BUSINESS,PENDING,15760,2836.8,1000,17596.8,PAID
BK00530,PS00580,FL0027,2026-07-30T07:46:00.000+05:30,ECONOMY,CONFIRMED,3670,660.6,2000,2330.6,PAID
BK00531,PS00035,FL0008,2026-05-11T07:56:00.000+05:30,BUSINESS,CANCELLED,16866,3035.88,1000,18901.88,PAID
BK00532,PS00397,FL0132,2026-04-29T20:02:00.000+05:30,ECONOMY,CONFIRMED,6469,1164.42,1500,6133.42,PAID
BK00533,PS00381,FL0173,2026-06-07T09:11:00.000+05:30,ECONOMY,CONFIRMED,4855,873.9,2000,3728.9,PAID
BK00534,PS00151,FL0147,2026-06-30T14:49:00.000+05:30,PREMIUM ECONOMY,CONFIRMED,11978,2156.04,500,13634.04,PAID
BK00535,PS00789,FL0037,2026-05-21T18:43:00.000+05:30,ECONOMY,CONFIRMED,7576,1363.68,2000,6939.68,PAID
BK00536,PS00731,FL0077,2026-08-10T02:30:00.000+05:30,ECONOMY,CONFIRMED,7103,1278.54,500,7881.54,PAID
BK00537,PS00877,FL0121,2026-06-10T05:51:00.000+05:30,ECONOMY,PENDING,7289,1312.02,0,8601.02,PAID
BK00538,PS00551,FL0059,2026-04-16T04:58:00.000+05:30,ECONOMY,CONFIRMED,5944,1069.92,500,6513.92,PAID
BK00539,PS00841,FL0145,2026-07-07T12:44:00.000+05:30,BUSINESS,CONFIRMED,15602,2808.36,0,18410.36,PAID
BK00540,PS00744,FL0005,2026-07-11T10:57:00.000+05:30,ECONOMY,CONFIRMED,7291,1312.38,0,8603.38,PENDING
BK00541,PS00062,FL0130,2026-05-03T16:26:00.000+05:30,BUSINESS,CONFIRMED,16265,2927.7,1500,17692.7,PAID
BK00542,PS00903,FL0096,2026-06-06T20:50:00.000+05:30,ECONOMY,CONFIRMED,7146,1286.28,1500,6932.28,PAID
BK00543,PS00628,FL0061,2026-06-08T22:34:00.000+05:30,ECONOMY,CONFIRMED,4061,730.98,2000,2791.98,PAID
BK00544,PS00978,FL0079,2026-06-02T02:26:00.000+05:30,ECONOMY,CONFIRMED,6073,1093.14,500,6666.14,PAID
BK00545,PS00836,FL0025,2026-05-30T17:16:00.000+05:30,ECONOMY,CONFIRMED,6387,1149.66,0,7536.66,PENDING
BK00546,PS00997,FL0118,2026-05-19T10:51:00.000+05:30,BUSINESS,CONFIRMED,12003,2160.54,500,13663.54,PAID
BK00547,PS00991,FL0041,2026-08-05T01:48:00.000+05:30,ECONOMY,CONFIRMED,5903,1062.54,500,6465.54,PAID
BK00548,PS00874,FL0096,2026-05-14T20:50:00.000+05:30,ECONOMY,CONFIRMED,6091,1096.38,1500,5687.38,PAID
BK00549,PS00807,FL0109,2026-05-17T05:41:00.000+05:30,BUSINESS,CONFIRMED,13428,2417.04,1500,14345.04,PAID
BK00550,PS00824,FL0035,2026-04-26T03:33:00.000+05:30,ECONOMY,CONFIRMED,6680,1202.4,500,7382.4,PAID
BK00551,PS00510,FL0042,2026-04-22T08:07:00.000+05:30,BUSINESS,CONFIRMED,14468,2604.24,1000,16072.24,PAID
BK00552,PS00651,FL0159,2026-05-10T00:44:00.000+05:30,ECONOMY,CONFIRMED,4864,875.52,2000,3739.52,PAID
BK00553,PS00525,FL0111,2026-05-17T07:32:00.000+05:30,ECONOMY,CONFIRMED,5844,1051.92,1000,5895.92,PAID
BK00554,PS00016,FL0089,2026-06-13T02:36:00.000+05:30,PREMIUM ECONOMY,CONFIRMED,9727,1750.86,500,10977.86,PAID
BK00555,PS00757,FL0051,2026-07-23T00:24:00.000+05:30,BUSINESS,CONFIRMED,21070,3792.6,0,24862.6,PAID
BK00556,PS00866,FL0053,2026-05-17T05:02:00.000+05:30,ECONOMY,CONFIRMED,6967,1254.06,500,7721.06,PAID
BK00557,PS00537,FL0184,2026-07-24T09:58:00.000+05:30,ECONOMY,CONFIRMED,5559,1000.62,0,6559.62,PAID
BK00558,PS00762,FL0158,2026-05-22T23:39:00.000+05:30,ECONOMY,CONFIRMED,3652,657.36,1500,2809.36,PAID
BK00559,PS00106,FL0031,2026-06-08T06:23:00.000+05:30,ECONOMY,CONFIRMED,4383,788.94,500,4671.94,PAID
BK00560,PS00884,FL0195,2026-05-09T21:13:00.000+05:30,ECONOMY,CONFIRMED,3225,580.5,1500,2305.5,PAID
BK00561,PS00897,FL0081,2026-05-19T20:53:00.000+05:30,ECONOMY,PENDING,4835,870.3,2000,3705.3,PENDING
BK00562,PS00923,FL0200,2026-05-12T07:44:00.000+05:30,ECONOMY,CONFIRMED,7788,1401.84,500,8689.84,PAID
BK00563,PS00562,FL0062,2026-07-13T12:00:00.000+05:30,ECONOMY,CONFIRMED,7498,1349.64,500,8347.64,PAID
BK00564,PS00987,FL0123,2026-06-04T22:32:00.000+05:30,FIRST,CONFIRMED,36642,6595.56,2000,41237.56,PAID
BK00565,PS00864,FL0024,2026-04-28T06:29:00.000+05:30,FIRST,CONFIRMED,27481,4946.58,1500,30927.58,PENDING
BK00566,PS00674,FL0200,2026-05-15T07:44:00.000+05:30,ECONOMY,CONFIRMED,4981,896.58,1000,4877.58,PAID
BK00567,PS00521,FL0164,2026-06-04T01:16:00.000+05:30,ECONOMY,CONFIRMED,3137,564.66,2000,1701.66,PAID
BK00568,PS00081,FL0067,2026-07-30T02:49:00.000+05:30,BUSINESS,CONFIRMED,18712,3368.16,500,21580.16,PAID
BK00569,PS00170,FL0143,2026-07-18T16:54:00.000+05:30,ECONOMY,CONFIRMED,7078,1274.04,2000,6352.04,PENDING
BK00570,PS00694,FL0006,2026-07-14T17:54:00.000+05:30,ECONOMY,CONFIRMED,4998,899.64,1500,4397.64,PAID
BK00571,PS00272,FL0113,2026-07-20T11:26:00.000+05:30,ECONOMY,CONFIRMED,6593,1186.74,2000,5779.74,PAID
BK00572,PS00936,FL0090,2026-06-19T21:05:00.000+05:30,FIRST,CONFIRMED,31415,5654.7,0,37069.7,PAID
BK00573,PS00451,FL0179,2026-07-07T17:01:00.000+05:30,ECONOMY,CONFIRMED,7803,1404.54,2000,7207.54,PAID
BK00574,PS00991,FL0130,2026-06-02T16:26:00.000+05:30,PREMIUM ECONOMY,CONFIRMED,9767,1758.06,500,11025.06,PAID
BK00575,PS00379,FL0162,2026-06-18T12:14:00.000+05:30,ECONOMY,PENDING,4154,747.72,1500,3401.72,PAID
BK00576,PS00108,FL0034,2026-06-28T15:35:00.000+05:30,ECONOMY,CONFIRMED,7082,1274.76,1000,7356.76,PAID
BK00577,PS00710,FL0068,2026-04-27T15:44:00.000+05:30,ECONOMY,CONFIRMED,3055,549.9,1500,2104.9,PAID
BK00578,PS00196,FL0129,2026-05-23T13:09:00.000+05:30,BUSINESS,CONFIRMED,21164,3809.52,1000,23973.52,PAID
BK00579,PS00346,FL0044,2026-07-09T15:19:00.000+05:30,ECONOMY,PENDING,6328,1139.04,1500,5967.04,PAID
BK00580,PS00286,FL0102,2026-05-29T16:29:00.000+05:30,BUSINESS,CONFIRMED,17265,3107.7,1000,19372.7,PAID
BK00581,PS00522,FL0128,2026-06-29T00:01:00.000+05:30,ECONOMY,CONFIRMED,3833,689.94,0,4522.94,PAID
BK00582,PS00825,FL0118,2026-07-28T10:51:00.000+05:30,ECONOMY,CONFIRMED,3425,616.5,500,3541.5,PAID
BK00583,PS00536,FL0011,2026-04-17T00:09:00.000+05:30,ECONOMY,PENDING,3099,557.82,500,3156.82,PAID
BK00584,PS00731,FL0100,2026-06-22T18:25:00.000+05:30,ECONOMY,PENDING,6952,1251.36,1000,7203.36,PAID
BK00585,PS00083,FL0146,2026-05-28T07:42:00.000+05:30,ECONOMY,CONFIRMED,7084,1275.12,1000,7359.12,PAID
BK00586,PS00750,FL0043,2026-05-26T12:42:00.000+05:30,PREMIUM ECONOMY,CONFIRMED,9734,1752.12,1500,9986.12,PAID
BK00587,PS00918,FL0200,2026-06-08T07:44:00.000+05:30,ECONOMY,CONFIRMED,5629,1013.22,1000,5642.22,PENDING
BK00588,PS00768,FL0191,2026-07-18T00:54:00.000+05:30,ECONOMY,CANCELLED,7192,1294.56,0,8486.56,PAID
BK00589,PS00354,FL0101,2026-07-25T19:08:00.000+05:30,BUSINESS,CONFIRMED,21422,3855.96,500,24777.96,PAID
BK00590,PS00757,FL0149,2026-05-22T13:58:00.000+05:30,ECONOMY,CONFIRMED,6912,1244.16,0,8156.16,PAID
BK00591,PS00185,FL0037,2026-06-26T18:43:00.000+05:30,ECONOMY,CONFIRMED,6953,1251.54,1500,6704.54,PAID
BK00592,PS00235,FL0171,2026-04-15T15:42:00.000+05:30,ECONOMY,CONFIRMED,7594,1366.92,0,8960.92,PAID
BK00593,PS00736,FL0075,2026-07-12T02:42:00.000+05:30,PREMIUM ECONOMY,CONFIRMED,10713,1928.34,0,12641.34,PAID
BK00594,PS00940,FL0144,2026-05-02T23:06:00.000+05:30,ECONOMY,CONFIRMED,5733,1031.94,2000,4764.94,PAID
BK00595,PS00572,FL0079,2026-07-15T02:26:00.000+05:30,ECONOMY,CONFIRMED,6658,1198.44,2000,5856.44,PAID
BK00596,PS00273,FL0099,2026-05-03T13:57:00.000+05:30,ECONOMY,CONFIRMED,3910,703.8,2000,2613.8,PAID
BK00597,PS00328,FL0180,2026-06-26T01:16:00.000+05:30,ECONOMY,CONFIRMED,3983,716.94,1500,3199.94,PAID
BK00598,PS00583,FL0195,2026-06-30T21:13:00.000+05:30,ECONOMY,CONFIRMED,7945,1430.1,500,8875.1,PAID
BK00599,PS00524,FL0084,2026-07-27T23:01:00.000+05:30,BUSINESS,CONFIRMED,22237,4002.66,0,26239.66,PAID
BK00600,PS00929,FL0003,2026-07-05T09:26:00.000+05:30,ECONOMY,CONFIRMED,7251,1305.18,1500,7056.18,PENDING
BK00601,PS00056,FL0163,2026-06-20T08:18:00.000+05:30,ECONOMY,CONFIRMED,7275,1309.5,0,8584.5,PAID
BK00602,PS00843,FL0016,2026-04-19T06:12:00.000+05:30,BUSINESS,CONFIRMED,22576,4063.68,1000,25639.68,PAID
BK00603,PS00184,FL0193,2026-07-12T01:05:00.000+05:30,ECONOMY,PENDING,3161,568.98,0,3729.98,PAID
BK00604,PS00170,FL0111,2026-07-20T07:32:00.000+05:30,PREMIUM ECONOMY,CONFIRMED,10550,1899.0,500,11949.0,PAID
BK00605,PS00856,FL0188,2026-06-09T03:01:00.000+05:30,ECONOMY,CONFIRMED,4300,774.0,1500,3574.0,PAID
BK00606,PS00087,FL0194,2026-06-10T06:24:00.000+05:30,ECONOMY,CONFIRMED,5088,915.84,1500,4503.84,PAID
BK00607,PS00520,FL0093,2026-04-23T07:37:00.000+05:30,ECONOMY,CONFIRMED,6395,1151.1,1500,6046.1,PAID
BK00608,PS00299,FL0160,2026-04-22T03:28:00.000+05:30,ECONOMY,CONFIRMED,7911,1423.98,1000,8334.98,PAID
BK00609,PS00517,FL0094,2026-06-23T06:12:00.000+05:30,ECONOMY,CONFIRMED,6031,1085.58,0,7116.58,REFUNDED
BK00610,PS00880,FL0035,2026-08-05T03:33:00.000+05:30,BUSINESS,CONFIRMED,22792,4102.56,2000,24894.56,PAID
BK00611,PS00645,FL0148,2026-05-10T19:51:00.000+05:30,ECONOMY,CONFIRMED,5532,995.76,1500,5027.76,PAID
BK00612,PS00250,FL0183,2026-05-27T22:19:00.000+05:30,ECONOMY,CONFIRMED,3272,588.96,500,3360.96,PAID
BK00613,PS00067,FL0138,2026-06-14T07:55:00.000+05:30,ECONOMY,CONFIRMED,3202,576.36,500,3278.36,PAID
BK00614,PS00477,FL0160,2026-07-25T03:28:00.000+05:30,ECONOMY,CONFIRMED,5770,1038.6,0,6808.6,PENDING
BK00615,PS00864,FL0096,2026-06-23T20:50:00.000+05:30,ECONOMY,CONFIRMED,7019,1263.42,0,8282.42,PAID
BK00616,PS00488,FL0193,2026-04-20T01:05:00.000+05:30,ECONOMY,CANCELLED,3899,701.82,0,4600.82,PAID
BK00617,PS00702,FL0173,2026-04-27T09:11:00.000+05:30,ECONOMY,CONFIRMED,3564,641.52,500,3705.52,PAID
BK00618,PS00238,FL0119,2026-05-30T23:00:00.000+05:30,ECONOMY,PENDING,6889,1240.02,500,7629.02,PAID
BK00619,PS00003,FL0155,2026-05-29T06:11:00.000+05:30,FIRST,CONFIRMED,25227,4540.86,1500,28267.86,PAID
BK00620,PS00714,FL0101,2026-07-10T19:08:00.000+05:30,ECONOMY,CONFIRMED,5464,983.52,2000,4447.52,PAID
BK00621,PS00870,FL0031,2026-08-07T06:23:00.000+05:30,BUSINESS,CONFIRMED,15279,2750.22,1000,17029.22,PAID
BK00622,PS00323,FL0134,2026-07-25T08:42:00.000+05:30,ECONOMY,CONFIRMED,4663,839.34,1000,4502.34,PAID
BK00623,PS00354,FL0127,2026-07-16T01:50:00.000+05:30,FIRST,CONFIRMED,39216,7058.88,500,45774.88,PAID
BK00624,PS00750,FL0065,2026-05-14T03:33:00.000+05:30,ECONOMY,CONFIRMED,3995,719.1,500,4214.1,PAID
BK00625,PS00338,FL0042,2026-05-04T08:07:00.000+05:30,PREMIUM ECONOMY,PENDING,9644,1735.92,1000,10379.92,PAID
BK00626,PS00462,FL0120,2026-05-12T21:25:00.000+05:30,PREMIUM ECONOMY,CONFIRMED,10810,1945.8,2000,10755.8,PAID
BK00627,PS00896,FL0080,2026-06-16T23:54:00.000+05:30,BUSINESS,PENDING,22460,4042.8,1500,25002.8,PAID
BK00628,PS00306,FL0198,2026-05-12T23:00:00.000+05:30,ECONOMY,CONFIRMED,6373,1147.14,1500,6020.14,PAID
BK00629,PS00215,FL0035,2026-06-27T03:33:00.000+05:30,ECONOMY,CONFIRMED,5765,1037.7,500,6302.7,PAID
BK00630,PS00399,FL0002,2026-07-01T11:44:00.000+05:30,FIRST,CONFIRMED,31546,5678.28,1500,35724.28,PENDING
BK00631,PS00246,FL0193,2026-05-06T01:05:00.000+05:30,ECONOMY,CONFIRMED,3178,572.04,1000,2750.04,PAID
BK00632,PS00342,FL0180,2026-08-17T01:16:00.000+05:30,BUSINESS,PENDING,24739,4453.02,500,28692.02,PAID
BK00633,PS00710,FL0082,2026-06-10T23:43:00.000+05:30,BUSINESS,CONFIRMED,19874,3577.32,2000,21451.32,PAID
BK00634,PS00822,FL0156,2026-08-13T04:18:00.000+05:30,ECONOMY,PENDING,4310,775.8,1500,3585.8,PAID
BK00635,PS00722,FL0052,2026-05-19T12:14:00.000+05:30,ECONOMY,CONFIRMED,6592,1186.56,500,7278.56,PAID
BK00636,PS00722,FL0043,2026-05-12T12:42:00.000+05:30,ECONOMY,PENDING,5621,1011.78,500,6132.78,PAID
BK00637,PS00368,FL0117,2026-06-19T05:35:00.000+05:30,ECONOMY,CONFIRMED,4545,818.1,0,5363.1,PAID
BK00638,PS00980,FL0032,2026-06-05T00:14:00.000+05:30,ECONOMY,CONFIRMED,4780,860.4,0,5640.4,PAID
BK00639,PS00530,FL0198,2026-04-26T23:00:00.000+05:30,ECONOMY,CONFIRMED,4851,873.18,1500,4224.18,PAID
BK00640,PS00844,FL0157,2026-07-24T00:55:00.000+05:30,ECONOMY,CONFIRMED,4709,847.62,500,5056.62,PAID
BK00641,PS00047,FL0042,2026-04-27T08:07:00.000+05:30,ECONOMY,CONFIRMED,3869,696.42,2000,2565.42,PAID
BK00642,PS00637,FL0116,2026-07-24T12:06:00.000+05:30,ECONOMY,CONFIRMED,5343,961.74,2000,4304.74,PAID
BK00643,PS00408,FL0118,2026-08-11T10:51:00.000+05:30,ECONOMY,CONFIRMED,5740,1033.2,2000,4773.2,PAID
BK00644,PS00595,FL0014,2026-05-23T13:07:00.000+05:30,BUSINESS,CONFIRMED,20450,3681.0,500,23631.0,PAID
BK00645,PS00392,FL0168,2026-07-31T15:47:00.000+05:30,BUSINESS,CONFIRMED,16319,2937.42,0,19256.42,PAID
BK00646,PS00616,FL0029,2026-05-29T09:42:00.000+05:30,ECONOMY,CONFIRMED,7115,1280.7,2000,6395.7,PAID
BK00647,PS00104,FL0013,2026-06-03T01:09:00.000+05:30,ECONOMY,CONFIRMED,6114,1100.52,0,7214.52,PAID
BK00648,PS00290,FL0071,2026-05-01T13:39:00.000+05:30,ECONOMY,PENDING,3800,684.0,1000,3484.0,PAID
BK00649,PS00484,FL0053,2026-08-03T05:02:00.000+05:30,ECONOMY,CONFIRMED,6055,1089.9,1500,5644.9,PAID
BK00650,PS00706,FL0060,2026-07-19T10:13:00.000+05:30,ECONOMY,CONFIRMED,5289,952.02,1000,5241.02,PAID
BK00651,PS00768,FL0108,2026-07-07T13:18:00.000+05:30,ECONOMY,CONFIRMED,4281,770.58,2000,3051.58,PAID
BK00652,PS00326,FL0176,2026-07-29T02:41:00.000+05:30,PREMIUM ECONOMY,CONFIRMED,9820,1767.6,1000,10587.6,PAID
BK00653,PS00837,FL0059,2026-08-05T04:58:00.000+05:30,BUSINESS,CONFIRMED,22816,4106.88,1500,25422.88,PENDING
BK00654,PS00941,FL0059,2026-06-03T04:58:00.000+05:30,ECONOMY,CONFIRMED,5999,1079.82,1500,5578.82,PAID
BK00655,PS00309,FL0123,2026-08-03T22:32:00.000+05:30,ECONOMY,CONFIRMED,3214,578.52,1000,2792.52,PAID
BK00656,PS00727,FL0017,2026-05-09T08:56:00.000+05:30,PREMIUM ECONOMY,CONFIRMED,8119,1461.42,1000,8580.42,PAID
BK00657,PS00910,FL0033,2026-06-12T08:26:00.000+05:30,PREMIUM ECONOMY,CONFIRMED,9479,1706.22,1000,10185.22,PENDING
BK00658,PS00434,FL0113,2026-04-18T11:26:00.000+05:30,ECONOMY,CONFIRMED,5424,976.32,1500,4900.32,PAID
BK00659,PS00693,FL0192,2026-05-15T12:51:00.000+05:30,ECONOMY,CANCELLED,5337,960.66,2000,4297.66,PAID
BK00660,PS00676,FL0165,2026-08-01T14:40:00.000+05:30,ECONOMY,CONFIRMED,3814,686.52,1500,3000.52,PAID
BK00661,PS00980,FL0145,2026-07-18T12:44:00.000+05:30,ECONOMY,CANCELLED,5333,959.94,2000,4292.94,PAID
BK00662,PS00050,FL0109,2026-05-20T05:41:00.000+05:30,ECONOMY,CONFIRMED,4095,737.1,0,4832.1,PAID
BK00663,PS00193,FL0161,2026-06-28T20:10:00.000+05:30,PREMIUM ECONOMY,CONFIRMED,10850,1953.0,1000,11803.0,PENDING
BK00664,PS00054,FL0064,2026-07-20T02:15:00.000+05:30,ECONOMY,CONFIRMED,6937,1248.66,0,8185.66,PAID
BK00665,PS00760,FL0141,2026-07-31T23:30:00.000+05:30,ECONOMY,CONFIRMED,7102,1278.36,500,7880.36,PAID
BK00666,PS00125,FL0175,2026-05-11T20:18:00.000+05:30,ECONOMY,CONFIRMED,3191,574.38,2000,1765.38,REFUNDED
BK00667,PS00246,FL0119,2026-08-10T23:00:00.000+05:30,ECONOMY,PENDING,3839,691.02,500,4030.02,PAID
BK00668,PS00515,FL0028,2026-06-14T20:11:00.000+05:30,ECONOMY,CONFIRMED,4270,768.6,1000,4038.6,PENDING
BK00669,PS00947,FL0187,2026-04-16T10:08:00.000+05:30,FIRST,CONFIRMED,31176,5611.68,2000,34787.68,PAID
BK00670,PS00800,FL0020,2026-06-29T17:18:00.000+05:30,PREMIUM ECONOMY,CONFIRMED,11148,2006.64,0,13154.64,PAID
BK00671,PS00092,FL0018,2026-06-23T15:36:00.000+05:30,ECONOMY,CONFIRMED,5193,934.74,0,6127.74,PAID
BK00672,PS00418,FL0143,2026-06-28T16:54:00.000+05:30,ECONOMY,PENDING,3660,658.8,1500,2818.8,PENDING
BK00673,PS00342,FL0150,2026-06-11T01:07:00.000+05:30,ECONOMY,PENDING,7174,1291.32,1000,7465.32,PAID
BK00674,PS00596,FL0149,2026-07-03T13:58:00.000+05:30,ECONOMY,CONFIRMED,3856,694.08,0,4550.08,PAID
BK00675,PS00693,FL0145,2026-07-22T12:44:00.000+05:30,BUSINESS,CONFIRMED,23559,4240.62,0,27799.62,PAID
BK00676,PS00035,FL0127,2026-08-03T01:50:00.000+05:30,ECONOMY,CONFIRMED,7202,1296.36,1500,6998.36,PAID
BK00677,PS00700,FL0001,2026-05-23T23:23:00.000+05:30,ECONOMY,CONFIRMED,7820,1407.6,1000,8227.6,PAID
BK00678,PS00316,FL0143,2026-05-25T16:54:00.000+05:30,FIRST,CONFIRMED,38894,7000.92,500,45394.92,PAID
BK00679,PS00708,FL0044,2026-08-17T15:19:00.000+05:30,ECONOMY,CONFIRMED,7014,1262.52,0,8276.52,PAID
BK00680,PS00472,FL0150,2026-05-30T01:07:00.000+05:30,BUSINESS,CONFIRMED,20785,3741.3,1500,23026.3,PAID
BK00681,PS00248,FL0032,2026-05-11T00:14:00.000+05:30,ECONOMY,CONFIRMED,7414,1334.52,1500,7248.52,PAID
BK00682,PS00242,FL0075,2026-05-09T02:42:00.000+05:30,FIRST,CONFIRMED,25653,4617.54,1000,29270.54,PAID
BK00683,PS00078,FL0151,2026-06-16T13:13:00.000+05:30,BUSINESS,CONFIRMED,13705,2466.9,1000,15171.9,PAID
BK00684,PS00359,FL0095,2026-05-13T03:52:00.000+05:30,ECONOMY,CONFIRMED,4754,855.72,1500,4109.72,PAID
BK00685,PS00265,FL0164,2026-05-25T01:16:00.000+05:30,ECONOMY,CONFIRMED,6943,1249.74,1500,6692.74,PAID
BK00686,PS00640,FL0127,2026-07-23T01:50:00.000+05:30,PREMIUM ECONOMY,CONFIRMED,8604,1548.72,0,10152.72,PAID
BK00687,PS00324,FL0110,2026-05-05T10:52:00.000+05:30,ECONOMY,CONFIRMED,5558,1000.44,500,6058.44,PAID
BK00688,PS00089,FL0029,2026-04-30T09:42:00.000+05:30,ECONOMY,CONFIRMED,7933,1427.94,0,9360.94,PAID
BK00689,PS00412,FL0112,2026-04-25T02:49:00.000+05:30,BUSINESS,CONFIRMED,18218,3279.24,0,21497.24,PAID
BK00690,PS00910,FL0136,2026-06-05T00:00:00.000+05:30,ECONOMY,CONFIRMED,4418,795.24,0,5213.24,PENDING
BK00691,PS00055,FL0107,2026-05-26T02:22:00.000+05:30,BUSINESS,PENDING,20903,3762.54,1500,23165.54,PAID
BK00692,PS00511,FL0093,2026-06-11T07:37:00.000+05:30,PREMIUM ECONOMY,CONFIRMED,10242,1843.56,1500,10585.56,PAID
BK00693,PS00597,FL0099,2026-04-29T13:57:00.000+05:30,BUSINESS,CONFIRMED,23859,4294.62,1500,26653.62,PAID
BK00694,PS00958,FL0104,2026-04-28T13:10:00.000+05:30,ECONOMY,CONFIRMED,7474,1345.32,1000,7819.32,PAID
BK00695,PS00213,FL0123,2026-07-30T22:32:00.000+05:30,FIRST,CONFIRMED,27624,4972.32,500,32096.32,PAID
BK00696,PS00172,FL0144,2026-05-17T23:06:00.000+05:30,ECONOMY,CONFIRMED,5896,1061.28,0,6957.28,PAID
BK00697,PS00557,FL0062,2026-05-08T12:00:00.000+05:30,BUSINESS,CONFIRMED,22781,4100.58,2000,24881.58,PAID
BK00698,PS00546,FL0188,2026-04-10T03:01:00.000+05:30,ECONOMY,CONFIRMED,4823,868.14,1500,4191.14,PAID
BK00699,PS00832,FL0107,2026-06-18T02:22:00.000+05:30,ECONOMY,CONFIRMED,7351,1323.18,500,8174.18,PAID
BK00700,PS00713,FL0083,2026-04-25T08:39:00.000+05:30,ECONOMY,CONFIRMED,7171,1290.78,0,8461.78,PAID
BK00701,PS00652,FL0094,2026-05-23T06:12:00.000+05:30,ECONOMY,CONFIRMED,7700,1386.0,2000,7086.0,PAID
BK00702,PS00201,FL0016,2026-07-08T06:12:00.000+05:30,ECONOMY,CONFIRMED,6906,1243.08,2000,6149.08,PENDING
BK00703,PS00809,FL0021,2026-05-25T16:16:00.000+05:30,PREMIUM ECONOMY,CONFIRMED,10676,1921.68,2000,10597.68,PAID
BK00704,PS00687,FL0117,2026-04-12T05:35:00.000+05:30,PREMIUM ECONOMY,CONFIRMED,8651,1557.18,1500,8708.18,PAID
BK00705,PS00118,FL0117,2026-06-17T05:35:00.000+05:30,ECONOMY,CONFIRMED,5876,1057.68,1000,5933.68,PAID
BK00706,PS00188,FL0162,2026-07-09T12:14:00.000+05:30,ECONOMY,CONFIRMED,3337,600.66,2000,1937.66,PAID
BK00707,PS00090,FL0048,2026-05-12T00:59:00.000+05:30,ECONOMY,CONFIRMED,4470,804.6,1500,3774.6,PAID
BK00708,PS00470,FL0139,2026-07-14T12:04:00.000+05:30,ECONOMY,CONFIRMED,5996,1079.28,1500,5575.28,PAID
BK00709,PS00390,FL0179,2026-05-20T17:01:00.000+05:30,ECONOMY,CONFIRMED,5484,987.12,500,5971.12,PAID
BK00710,PS00666,FL0114,2026-06-08T15:23:00.000+05:30,ECONOMY,CONFIRMED,3845,692.1,500,4037.1,PAID
BK00711,PS00562,FL0038,2026-06-03T08:19:00.000+05:30,FIRST,PENDING,38771,6978.78,0,45749.78,PAID
BK00712,PS00859,FL0070,2026-07-13T01:52:00.000+05:30,BUSINESS,CONFIRMED,16534,2976.12,0,19510.12,PAID
BK00713,PS00670,FL0041,2026-06-19T01:48:00.000+05:30,ECONOMY,CONFIRMED,3703,666.54,2000,2369.54,PAID
BK00714,PS00689,FL0024,2026-06-28T06:29:00.000+05:30,ECONOMY,CONFIRMED,6612,1190.16,500,7302.16,PAID
BK00715,PS00005,FL0032,2026-05-21T00:14:00.000+05:30,FIRST,CONFIRMED,26374,4747.32,2000,29121.32,PAID
BK00716,PS00107,FL0007,2026-06-13T19:26:00.000+05:30,ECONOMY,CONFIRMED,6336,1140.48,2000,5476.48,PAID
BK00717,PS00026,FL0126,2026-05-21T21:39:00.000+05:30,ECONOMY,CONFIRMED,3549,638.82,0,4187.82,PAID
BK00718,PS00909,FL0075,2026-04-28T02:42:00.000+05:30,PREMIUM ECONOMY,CONFIRMED,9160,1648.8,1000,9808.8,PAID
BK00719,PS00444,FL0028,2026-08-05T20:11:00.000+05:30,ECONOMY,CONFIRMED,4542,817.56,0,5359.56,PAID
BK00720,PS00763,FL0004,2026-05-05T03:45:00.000+05:30,ECONOMY,CONFIRMED,5007,901.26,1000,4908.26,PAID
BK00721,PS00464,FL0137,2026-08-17T17:20:00.000+05:30,ECONOMY,CONFIRMED,5880,1058.4,2000,4938.4,PAID
BK00722,PS00362,FL0104,2026-06-21T13:10:00.000+05:30,ECONOMY,CONFIRMED,3627,652.86,0,4279.86,PAID
BK00723,PS00223,FL0021,2026-06-09T16:16:00.000+05:30,ECONOMY,CANCELLED,3850,693.0,500,4043.0,PENDING
BK00724,PS00070,FL0120,2026-04-27T21:25:00.000+05:30,ECONOMY,CONFIRMED,7190,1294.2,1500,6984.2,PAID
BK00725,PS00564,FL0145,2026-06-09T12:44:00.000+05:30,ECONOMY,CONFIRMED,5659,1018.62,1000,5677.62,PAID
BK00726,PS00791,FL0167,2026-07-22T05:21:00.000+05:30,ECONOMY,CONFIRMED,4549,818.82,500,4867.82,PAID
BK00727,PS00558,FL0102,2026-05-04T16:29:00.000+05:30,ECONOMY,CONFIRMED,4687,843.66,0,5530.66,PAID
BK00728,PS00446,FL0006,2026-05-27T17:54:00.000+05:30,ECONOMY,CONFIRMED,4939,889.02,1500,4328.02,PAID
BK00729,PS00708,FL0045,2026-06-27T16:40:00.000+05:30,FIRST,CONFIRMED,29116,5240.88,1500,32856.88,PAID
BK00730,PS00839,FL0037,2026-05-18T18:43:00.000+05:30,FIRST,CONFIRMED,33276,5989.68,1500,37765.68,PAID
BK00731,PS00301,FL0079,2026-06-12T02:26:00.000+05:30,ECONOMY,CONFIRMED,6766,1217.88,1500,6483.88,PAID
BK00732,PS00526,FL0164,2026-05-15T01:16:00.000+05:30,ECONOMY,CONFIRMED,6180,1112.4,0,7292.4,PAID
BK00733,PS00101,FL0118,2026-06-17T10:51:00.000+05:30,ECONOMY,CONFIRMED,3655,657.9,2000,2312.9,PAID
BK00734,PS00204,FL0149,2026-07-06T13:58:00.000+05:30,ECONOMY,PENDING,6421,1155.78,2000,5576.78,PAID
BK00735,PS00423,FL0010,2026-06-22T09:55:00.000+05:30,ECONOMY,CONFIRMED,4606,829.08,1500,3935.08,PAID
BK00736,PS00361,FL0001,2026-06-03T23:23:00.000+05:30,ECONOMY,CONFIRMED,5401,972.18,500,5873.18,PAID
BK00737,PS00358,FL0156,2026-06-12T04:18:00.000+05:30,ECONOMY,CANCELLED,6810,1225.8,2000,6035.8,PAID
BK00738,PS00269,FL0065,2026-06-03T03:33:00.000+05:30,ECONOMY,CONFIRMED,5063,911.34,500,5474.34,PAID
BK00739,PS00417,FL0046,2026-08-04T20:49:00.000+05:30,ECONOMY,CONFIRMED,6469,1164.42,1500,6133.42,PAID
BK00740,PS00296,FL0009,2026-08-02T01:29:00.000+05:30,BUSINESS,PENDING,24585,4425.3,500,28510.3,PAID
BK00741,PS00633,FL0041,2026-08-14T01:48:00.000+05:30,ECONOMY,CONFIRMED,7040,1267.2,1500,6807.2,PAID
BK00742,PS00762,FL0197,2026-07-15T20:31:00.000+05:30,ECONOMY,CONFIRMED,6668,1200.24,1500,6368.24,PAID
BK00743,PS00655,FL0196,2026-08-22T00:36:00.000+05:30,BUSINESS,CONFIRMED,21494,3868.92,2000,23362.92,PENDING
BK00744,PS00723,FL0068,2026-05-10T15:44:00.000+05:30,ECONOMY,CONFIRMED,5634,1014.12,2000,4648.12,PAID
BK00745,PS00097,FL0109,2026-05-24T05:41:00.000+05:30,ECONOMY,CONFIRMED,5048,908.64,0,5956.64,PAID
BK00746,PS00608,FL0011,2026-05-13T00:09:00.000+05:30,ECONOMY,CONFIRMED,7091,1276.38,1000,7367.38,PAID
BK00747,PS00982,FL0180,2026-05-18T01:16:00.000+05:30,ECONOMY,CONFIRMED,7197,1295.46,1000,7492.46,PAID
BK00748,PS00886,FL0159,2026-08-25T00:44:00.000+05:30,ECONOMY,CONFIRMED,4900,882.0,0,5782.0,PAID
BK00749,PS00165,FL0021,2026-06-15T16:16:00.000+05:30,ECONOMY,PENDING,3670,660.6,500,3830.6,PAID
BK00750,PS00187,FL0028,2026-06-28T20:11:00.000+05:30,BUSINESS,CONFIRMED,15949,2870.82,1000,17819.82,PAID
BK00751,PS00493,FL0168,2026-05-14T15:47:00.000+05:30,ECONOMY,CONFIRMED,7571,1362.78,0,8933.78,PENDING
BK00752,PS00913,FL0102,2026-07-21T16:29:00.000+05:30,FIRST,CONFIRMED,32963,5933.34,0,38896.34,PAID
BK00753,PS00376,FL0001,2026-07-02T23:23:00.000+05:30,ECONOMY,CONFIRMED,4839,871.02,1500,4210.02,PAID
BK00754,PS00743,FL0097,2026-04-14T09:06:00.000+05:30,BUSINESS,CONFIRMED,12797,2303.46,0,15100.46,PAID
BK00755,PS00411,FL0143,2026-05-13T16:54:00.000+05:30,ECONOMY,CONFIRMED,7698,1385.64,2000,7083.64,PAID
BK00756,PS00350,FL0029,2026-07-16T09:42:00.000+05:30,BUSINESS,CONFIRMED,12859,2314.62,1500,13673.62,PAID
BK00757,PS00353,FL0190,2026-07-04T12:08:00.000+05:30,ECONOMY,CONFIRMED,3013,542.34,1500,2055.34,PAID
BK00758,PS00090,FL0086,2026-06-05T13:16:00.000+05:30,ECONOMY,CONFIRMED,6844,1231.92,500,7575.92,PAID
BK00759,PS00747,FL0022,2026-07-27T08:13:00.000+05:30,BUSINESS,CONFIRMED,17765,3197.7,0,20962.7,PAID
BK00760,PS00047,FL0030,2026-08-01T04:05:00.000+05:30,ECONOMY,CANCELLED,3472,624.96,0,4096.96,PENDING
BK00761,PS00330,FL0059,2026-05-07T04:58:00.000+05:30,ECONOMY,CONFIRMED,3414,614.52,0,4028.52,PAID
BK00762,PS00440,FL0146,2026-06-04T07:42:00.000+05:30,ECONOMY,CONFIRMED,7991,1438.38,1000,8429.38,PAID
BK00763,PS00794,FL0053,2026-06-28T05:02:00.000+05:30,ECONOMY,CONFIRMED,4431,797.58,1000,4228.58,PAID
BK00764,PS00449,FL0011,2026-05-17T00:09:00.000+05:30,ECONOMY,CONFIRMED,5060,910.8,2000,3970.8,PAID
BK00765,PS00994,FL0154,2026-05-18T18:41:00.000+05:30,ECONOMY,CONFIRMED,5341,961.38,1000,5302.38,PAID
BK00766,PS00782,FL0090,2026-06-14T21:05:00.000+05:30,ECONOMY,CONFIRMED,6092,1096.56,0,7188.56,PAID
BK00767,PS00963,FL0020,2026-08-02T17:18:00.000+05:30,BUSINESS,CONFIRMED,15745,2834.1,2000,16579.1,PAID
BK00768,PS00095,FL0003,2026-08-10T09:26:00.000+05:30,BUSINESS,CONFIRMED,12362,2225.16,2000,12587.16,PAID
BK00769,PS00094,FL0008,2026-07-25T07:56:00.000+05:30,ECONOMY,CONFIRMED,3402,612.36,1000,3014.36,PAID
BK00770,PS00178,FL0102,2026-07-13T16:29:00.000+05:30,ECONOMY,CONFIRMED,3444,619.92,1000,3063.92,PAID
BK00771,PS00535,FL0089,2026-04-14T02:36:00.000+05:30,ECONOMY,CONFIRMED,6449,1160.82,2000,5609.82,PAID
BK00772,PS00251,FL0089,2026-07-11T02:36:00.000+05:30,ECONOMY,CONFIRMED,7662,1379.16,1000,8041.16,PENDING
BK00773,PS00216,FL0089,2026-06-14T02:36:00.000+05:30,ECONOMY,CONFIRMED,7766,1397.88,0,9163.88,PAID
BK00774,PS00695,FL0080,2026-06-16T23:54:00.000+05:30,ECONOMY,CONFIRMED,3805,684.9,1500,2989.9,PAID
BK00775,PS00989,FL0073,2026-05-22T20:34:00.000+05:30,ECONOMY,PENDING,7373,1327.14,500,8200.14,PAID
BK00776,PS00187,FL0189,2026-07-30T10:48:00.000+05:30,BUSINESS,CONFIRMED,19525,3514.5,1500,21539.5,PAID
BK00777,PS00974,FL0062,2026-06-02T12:00:00.000+05:30,ECONOMY,CONFIRMED,5096,917.28,500,5513.28,PAID
BK00778,PS00976,FL0082,2026-07-11T23:43:00.000+05:30,ECONOMY,CONFIRMED,5191,934.38,500,5625.38,PAID
BK00779,PS00742,FL0039,2026-06-05T01:47:00.000+05:30,ECONOMY,CONFIRMED,3644,655.92,0,4299.92,PAID
BK00780,PS00403,FL0103,2026-08-01T09:18:00.000+05:30,ECONOMY,CONFIRMED,4544,817.92,1000,4361.92,PAID
BK00781,PS00662,FL0050,2026-05-01T22:38:00.000+05:30,ECONOMY,CONFIRMED,7041,1267.38,500,7808.38,PAID
BK00782,PS00934,FL0085,2026-08-11T06:23:00.000+05:30,ECONOMY,CONFIRMED,7401,1332.18,1500,7233.18,PAID
BK00783,PS00159,FL0188,2026-07-12T03:01:00.000+05:30,BUSINESS,PENDING,22686,4083.48,2000,24769.48,PAID
BK00784,PS00237,FL0073,2026-07-16T20:34:00.000+05:30,ECONOMY,CONFIRMED,4013,722.34,0,4735.34,PAID
BK00785,PS00765,FL0051,2026-04-19T00:24:00.000+05:30,BUSINESS,CONFIRMED,24138,4344.84,1500,26982.84,PENDING
BK00786,PS00836,FL0023,2026-05-09T20:11:00.000+05:30,PREMIUM ECONOMY,CONFIRMED,10963,1973.34,0,12936.34,PAID
BK00787,PS00449,FL0121,2026-07-07T05:51:00.000+05:30,ECONOMY,CONFIRMED,4487,807.66,0,5294.66,PAID
BK00788,PS00141,FL0037,2026-06-03T18:43:00.000+05:30,ECONOMY,CONFIRMED,6554,1179.72,2000,5733.72,PAID
BK00789,PS00109,FL0069,2026-07-29T23:07:00.000+05:30,ECONOMY,PENDING,7546,1358.28,500,8404.28,PAID
BK00790,PS00173,FL0054,2026-06-19T10:45:00.000+05:30,ECONOMY,CONFIRMED,6759,1216.62,1000,6975.62,PAID
BK00791,PS00966,FL0154,2026-08-05T18:41:00.000+05:30,ECONOMY,CONFIRMED,7713,1388.34,0,9101.34,PAID
BK00792,PS00067,FL0170,2026-05-28T02:40:00.000+05:30,ECONOMY,CONFIRMED,6596,1187.28,1500,6283.28,PAID
BK00793,PS00515,FL0075,2026-05-02T02:42:00.000+05:30,ECONOMY,CONFIRMED,3362,605.16,1000,2967.16,PAID
BK00794,PS00779,FL0050,2026-04-14T22:38:00.000+05:30,ECONOMY,PENDING,5750,1035.0,1500,5285.0,PAID
BK00795,PS00523,FL0150,2026-06-17T01:07:00.000+05:30,ECONOMY,PENDING,3068,552.24,0,3620.24,PAID
BK00796,PS00618,FL0134,2026-08-12T08:42:00.000+05:30,ECONOMY,CONFIRMED,3482,626.76,2000,2108.76,PAID
BK00797,PS00984,FL0177,2026-05-08T07:12:00.000+05:30,ECONOMY,CONFIRMED,7311,1315.98,1000,7626.98,PAID
BK00798,PS00225,FL0087,2026-07-10T17:39:00.000+05:30,FIRST,CONFIRMED,30669,5520.42,1000,35189.42,PAID
BK00799,PS00816,FL0198,2026-05-17T23:00:00.000+05:30,ECONOMY,CONFIRMED,7758,1396.44,500,8654.44,PAID
BK00800,PS00037,FL0199,2026-05-10T14:46:00.000+05:30,ECONOMY,CONFIRMED,6920,1245.6,0,8165.6,PAID
BK00801,PS00580,FL0122,2026-06-20T06:56:00.000+05:30,ECONOMY,CONFIRMED,3246,584.28,1000,2830.28,PAID
BK00802,PS00816,FL0171,2026-05-03T15:42:00.000+05:30,BUSINESS,CANCELLED,17995,3239.1,1500,19734.1,PAID
BK00803,PS00716,FL0131,2026-06-17T17:30:00.000+05:30,PREMIUM ECONOMY,CONFIRMED,8920,1605.6,500,10025.6,PAID
BK00804,PS00688,FL0199,2026-04-26T14:46:00.000+05:30,ECONOMY,CONFIRMED,3885,699.3,1500,3084.3,PENDING
BK00805,PS00320,FL0011,2026-05-11T00:09:00.000+05:30,PREMIUM ECONOMY,CANCELLED,10172,1830.96,2000,10002.96,PAID
BK00806,PS00471,FL0083,2026-07-10T08:39:00.000+05:30,BUSINESS,CONFIRMED,20481,3686.58,1500,22667.58,PAID
BK00807,PS00132,FL0052,2026-07-03T12:14:00.000+05:30,ECONOMY,CONFIRMED,7319,1317.42,2000,6636.42,PAID
BK00808,PS00608,FL0163,2026-07-27T08:18:00.000+05:30,BUSINESS,CONFIRMED,18787,3381.66,500,21668.66,PAID
BK00809,PS00689,FL0024,2026-07-18T06:29:00.000+05:30,BUSINESS,CONFIRMED,24589,4426.02,500,28515.02,PAID
BK00810,PS00729,FL0090,2026-05-29T21:05:00.000+05:30,FIRST,CONFIRMED,37652,6777.36,1000,43429.36,PAID
BK00811,PS00188,FL0070,2026-07-25T01:52:00.000+05:30,ECONOMY,CONFIRMED,7609,1369.62,1000,7978.62,PAID
BK00812,PS00766,FL0196,2026-05-17T00:36:00.000+05:30,ECONOMY,CONFIRMED,4326,778.68,2000,3104.68,PAID
BK00813,PS00918,FL0138,2026-08-11T07:55:00.000+05:30,ECONOMY,CONFIRMED,5656,1018.08,1500,5174.08,PAID
BK00814,PS00492,FL0139,2026-04-24T12:04:00.000+05:30,ECONOMY,CONFIRMED,6330,1139.4,500,6969.4,PAID
BK00815,PS00410,FL0185,2026-05-18T12:51:00.000+05:30,ECONOMY,CONFIRMED,5194,934.92,0,6128.92,PAID
BK00816,PS00584,FL0035,2026-07-23T03:33:00.000+05:30,ECONOMY,CONFIRMED,7541,1357.38,2000,6898.38,PAID
BK00817,PS00345,FL0176,2026-06-06T02:41:00.000+05:30,ECONOMY,CONFIRMED,7877,1417.86,0,9294.86,PAID
BK00818,PS00434,FL0059,2026-08-03T04:58:00.000+05:30,BUSINESS,CONFIRMED,14801,2664.18,1000,16465.18,PENDING
BK00819,PS00644,FL0047,2026-08-10T02:11:00.000+05:30,ECONOMY,CONFIRMED,5899,1061.82,0,6960.82,PAID
BK00820,PS00719,FL0018,2026-05-25T15:36:00.000+05:30,ECONOMY,CONFIRMED,5949,1070.82,1500,5519.82,PAID
BK00821,PS00538,FL0087,2026-04-29T17:39:00.000+05:30,ECONOMY,CONFIRMED,6000,1080.0,0,7080.0,PAID
BK00822,PS00722,FL0162,2026-05-04T12:14:00.000+05:30,ECONOMY,CONFIRMED,4662,839.16,500,5001.16,PENDING
BK00823,PS00198,FL0091,2026-06-11T21:07:00.000+05:30,ECONOMY,CONFIRMED,3071,552.78,1000,2623.78,PAID
BK00824,PS00601,FL0172,2026-07-22T13:45:00.000+05:30,ECONOMY,CONFIRMED,5280,950.4,0,6230.4,PAID
BK00825,PS00769,FL0130,2026-07-31T16:26:00.000+05:30,ECONOMY,CONFIRMED,5455,981.9,2000,4436.9,PENDING
BK00826,PS00100,FL0161,2026-04-08T20:10:00.000+05:30,ECONOMY,PENDING,5236,942.48,1000,5178.48,PENDING
BK00827,PS00040,FL0012,2026-06-03T23:44:00.000+05:30,ECONOMY,CONFIRMED,6386,1149.48,500,7035.48,PAID
BK00828,PS00381,FL0023,2026-05-25T20:11:00.000+05:30,BUSINESS,CONFIRMED,23073,4153.14,500,26726.14,PAID
BK00829,PS00430,FL0090,2026-05-16T21:05:00.000+05:30,ECONOMY,CONFIRMED,4323,778.14,1000,4101.14,PAID
BK00830,PS00181,FL0088,2026-08-07T01:28:00.000+05:30,ECONOMY,CONFIRMED,7598,1367.64,0,8965.64,PAID
BK00831,PS00706,FL0114,2026-05-05T15:23:00.000+05:30,BUSINESS,CONFIRMED,22336,4020.48,2000,24356.48,PAID
BK00832,PS00966,FL0166,2026-05-25T19:03:00.000+05:30,ECONOMY,CONFIRMED,7477,1345.86,2000,6822.86,PAID
BK00833,PS00627,FL0099,2026-07-12T13:57:00.000+05:30,ECONOMY,CONFIRMED,6179,1112.22,2000,5291.22,PAID
BK00834,PS00709,FL0066,2026-07-11T05:19:00.000+05:30,BUSINESS,CONFIRMED,13968,2514.24,0,16482.24,PAID
BK00835,PS00015,FL0040,2026-06-08T17:55:00.000+05:30,ECONOMY,CONFIRMED,4528,815.04,1500,3843.04,REFUNDED
BK00836,PS00656,FL0082,2026-08-09T23:43:00.000+05:30,PREMIUM ECONOMY,CONFIRMED,9878,1778.04,1000,10656.04,PAID
BK00837,PS00884,FL0078,2026-04-07T14:17:00.000+05:30,ECONOMY,CANCELLED,7899,1421.82,1000,8320.82,PAID
BK00838,PS00724,FL0089,2026-04-15T02:36:00.000+05:30,ECONOMY,CONFIRMED,6796,1223.28,1000,7019.28,PAID
BK00839,PS00128,FL0135,2026-06-17T12:36:00.000+05:30,ECONOMY,CONFIRMED,7883,1418.94,1000,8301.94,PAID
BK00840,PS00436,FL0167,2026-05-16T05:21:00.000+05:30,PREMIUM ECONOMY,CONFIRMED,9326,1678.68,500,10504.68,REFUNDED
BK00841,PS00612,FL0037,2026-08-23T18:43:00.000+05:30,ECONOMY,CONFIRMED,4155,747.9,2000,2902.9,PAID
BK00842,PS00333,FL0188,2026-07-30T03:01:00.000+05:30,FIRST,CONFIRMED,39016,7022.88,1000,45038.88,PAID
BK00843,PS00924,FL0083,2026-07-06T08:39:00.000+05:30,ECONOMY,CONFIRMED,3969,714.42,1500,3183.42,PAID
BK00844,PS00938,FL0026,2026-07-10T22:05:00.000+05:30,ECONOMY,CONFIRMED,6547,1178.46,1000,6725.46,PAID
BK00845,PS00829,FL0072,2026-05-10T10:20:00.000+05:30,PREMIUM ECONOMY,CONFIRMED,10274,1849.32,1000,11123.32,PAID
BK00846,PS00404,FL0096,2026-07-18T20:50:00.000+05:30,ECONOMY,CONFIRMED,3568,642.24,2000,2210.24,PAID
BK00847,PS00689,FL0170,2026-08-18T02:40:00.000+05:30,BUSINESS,CANCELLED,12509,2251.62,1000,13760.62,PAID
BK00848,PS00903,FL0155,2026-06-30T06:11:00.000+05:30,ECONOMY,CONFIRMED,7590,1366.2,1500,7456.2,PAID
BK00849,PS00531,FL0001,2026-05-15T23:23:00.000+05:30,BUSINESS,CONFIRMED,15310,2755.8,1500,16565.8,PAID
BK00850,PS00769,FL0159,2026-07-01T00:44:00.000+05:30,ECONOMY,PENDING,6111,1099.98,0,7210.98,PAID
BK00851,PS00032,FL0042,2026-06-21T08:07:00.000+05:30,FIRST,CONFIRMED,25303,4554.54,0,29857.54,PAID
BK00852,PS00118,FL0030,2026-06-24T04:05:00.000+05:30,BUSINESS,CONFIRMED,20141,3625.38,1000,22766.38,PAID
BK00853,PS00476,FL0091,2026-05-12T21:07:00.000+05:30,ECONOMY,CONFIRMED,4770,858.6,1000,4628.6,PAID
BK00854,PS00577,FL0035,2026-06-13T03:33:00.000+05:30,ECONOMY,CONFIRMED,3569,642.42,1000,3211.42,PAID
BK00855,PS00910,FL0144,2026-07-05T23:06:00.000+05:30,ECONOMY,CONFIRMED,7409,1333.62,500,8242.62,PAID
BK00856,PS00229,FL0163,2026-07-19T08:18:00.000+05:30,PREMIUM ECONOMY,CONFIRMED,10259,1846.62,1500,10605.62,PAID
BK00857,PS00582,FL0181,2026-05-06T19:53:00.000+05:30,ECONOMY,CONFIRMED,3434,618.12,2000,2052.12,PAID
BK00858,PS00431,FL0046,2026-07-05T20:49:00.000+05:30,ECONOMY,CONFIRMED,5174,931.32,1500,4605.32,PAID
BK00859,PS00754,FL0173,2026-06-22T09:11:00.000+05:30,BUSINESS,CONFIRMED,13678,2462.04,2000,14140.04,PAID
BK00860,PS00736,FL0067,2026-04-27T02:49:00.000+05:30,FIRST,CONFIRMED,28402,5112.36,1500,32014.36,PAID
BK00861,PS00106,FL0115,2026-08-01T21:48:00.000+05:30,ECONOMY,CANCELLED,6028,1085.04,500,6613.04,PAID
BK00862,PS00819,FL0164,2026-06-26T01:16:00.000+05:30,ECONOMY,PENDING,6694,1204.92,1000,6898.92,PAID
BK00863,PS00264,FL0048,2026-08-08T00:59:00.000+05:30,BUSINESS,CONFIRMED,21252,3825.36,500,24577.36,PAID
BK00864,PS00162,FL0101,2026-07-01T19:08:00.000+05:30,BUSINESS,CONFIRMED,18867,3396.06,500,21763.06,PAID
BK00865,PS00555,FL0168,2026-06-29T15:47:00.000+05:30,ECONOMY,CONFIRMED,6972,1254.96,1500,6726.96,PAID
BK00866,PS00242,FL0119,2026-08-09T23:00:00.000+05:30,ECONOMY,CONFIRMED,5210,937.8,0,6147.8,PAID
BK00867,PS00725,FL0178,2026-04-10T07:36:00.000+05:30,BUSINESS,CONFIRMED,19233,3461.94,1500,21194.94,PAID
BK00868,PS00988,FL0185,2026-07-29T12:51:00.000+05:30,ECONOMY,CONFIRMED,3752,675.36,2000,2427.36,PAID
BK00869,PS00944,FL0038,2026-07-26T08:19:00.000+05:30,ECONOMY,CONFIRMED,3936,708.48,1500,3144.48,PAID
BK00870,PS00038,FL0139,2026-05-03T12:04:00.000+05:30,PREMIUM ECONOMY,CONFIRMED,9666,1739.88,500,10905.88,PAID
BK00871,PS00745,FL0198,2026-04-17T23:00:00.000+05:30,BUSINESS,CONFIRMED,23116,4160.88,500,26776.88,PAID
BK00872,PS00824,FL0046,2026-08-11T20:49:00.000+05:30,ECONOMY,CONFIRMED,5765,1037.7,1000,5802.7,PAID
BK00873,PS00614,FL0027,2026-07-20T07:46:00.000+05:30,BUSINESS,CONFIRMED,24024,4324.32,1500,26848.32,PAID
BK00874,PS00969,FL0182,2026-07-20T15:10:00.000+05:30,ECONOMY,CONFIRMED,3129,563.22,1500,2192.22,PAID
BK00875,PS00148,FL0020,2026-07-09T17:18:00.000+05:30,PREMIUM ECONOMY,CONFIRMED,8128,1463.04,500,9091.04,PENDING
BK00876,PS00735,FL0101,2026-08-22T19:08:00.000+05:30,ECONOMY,CONFIRMED,7823,1408.14,500,8731.14,PAID
BK00877,PS00270,FL0038,2026-05-23T08:19:00.000+05:30,ECONOMY,CONFIRMED,6420,1155.6,0,7575.6,PAID
BK00878,PS00925,FL0046,2026-08-19T20:49:00.000+05:30,ECONOMY,PENDING,4591,826.38,0,5417.38,PENDING
BK00879,PS00429,FL0074,2026-07-29T06:02:00.000+05:30,BUSINESS,CONFIRMED,21198,3815.64,500,24513.64,PAID
BK00880,PS00086,FL0115,2026-06-27T21:48:00.000+05:30,ECONOMY,PENDING,5720,1029.6,1000,5749.6,PAID
BK00881,PS00794,FL0032,2026-08-07T00:14:00.000+05:30,ECONOMY,CONFIRMED,6594,1186.92,2000,5780.92,PAID
BK00882,PS00321,FL0055,2026-06-11T04:48:00.000+05:30,ECONOMY,CONFIRMED,6141,1105.38,500,6746.38,PAID
BK00883,PS00832,FL0025,2026-04-30T17:16:00.000+05:30,PREMIUM ECONOMY,CONFIRMED,9785,1761.3,0,11546.3,PAID
BK00884,PS00047,FL0091,2026-05-20T21:07:00.000+05:30,BUSINESS,CONFIRMED,14264,2567.52,2000,14831.52,PAID
BK00885,PS00192,FL0109,2026-07-13T05:41:00.000+05:30,BUSINESS,CONFIRMED,17677,3181.86,500,20358.86,PAID
BK00886,PS00428,FL0056,2026-07-25T11:12:00.000+05:30,PREMIUM ECONOMY,CONFIRMED,8670,1560.6,2000,8230.6,PAID
BK00887,PS00015,FL0014,2026-05-16T13:07:00.000+05:30,PREMIUM ECONOMY,CONFIRMED,11404,2052.72,2000,11456.72,PAID
BK00888,PS00466,FL0176,2026-06-02T02:41:00.000+05:30,ECONOMY,CANCELLED,6539,1177.02,2000,5716.02,PAID
BK00889,PS00542,FL0025,2026-05-13T17:16:00.000+05:30,ECONOMY,CONFIRMED,7082,1274.76,1000,7356.76,PAID
BK00890,PS00079,FL0101,2026-08-02T19:08:00.000+05:30,ECONOMY,CONFIRMED,4041,727.38,2000,2768.38,PENDING
BK00891,PS00314,FL0099,2026-05-25T13:57:00.000+05:30,ECONOMY,CONFIRMED,6663,1199.34,2000,5862.34,PAID
BK00892,PS00645,FL0033,2026-06-23T08:26:00.000+05:30,BUSINESS,PENDING,23961,4312.98,1000,27273.98,PAID
BK00893,PS00575,FL0070,2026-07-16T01:52:00.000+05:30,ECONOMY,CONFIRMED,6927,1246.86,500,7673.86,PAID
BK00894,PS00028,FL0080,2026-06-09T23:54:00.000+05:30,ECONOMY,CANCELLED,3694,664.92,1500,2858.92,PAID
BK00895,PS00187,FL0127,2026-07-09T01:50:00.000+05:30,ECONOMY,CONFIRMED,4783,860.94,500,5143.94,PAID
BK00896,PS00322,FL0065,2026-07-22T03:33:00.000+05:30,ECONOMY,CONFIRMED,5582,1004.76,1000,5586.76,PAID
BK00897,PS00367,FL0152,2026-07-01T13:38:00.000+05:30,BUSINESS,CONFIRMED,24953,4491.54,0,29444.54,PAID
BK00898,PS00869,FL0076,2026-07-24T04:07:00.000+05:30,BUSINESS,CONFIRMED,13782,2480.76,2000,14262.76,PAID
BK00899,PS00735,FL0193,2026-07-19T01:05:00.000+05:30,ECONOMY,PENDING,6822,1227.96,1000,7049.96,PAID
BK00900,PS00144,FL0046,2026-07-19T20:49:00.000+05:30,ECONOMY,CONFIRMED,4609,829.62,1000,4438.62,PAID
BK00901,PS00250,FL0163,2026-05-25T08:18:00.000+05:30,ECONOMY,CONFIRMED,4308,775.44,1500,3583.44,PAID
BK00902,PS00317,FL0024,2026-05-29T06:29:00.000+05:30,ECONOMY,CONFIRMED,6211,1117.98,1000,6328.98,PAID
BK00903,PS00387,FL0116,2026-05-10T12:06:00.000+05:30,FIRST,CONFIRMED,35673,6421.14,2000,40094.14,PAID
BK00904,PS00912,FL0022,2026-07-04T08:13:00.000+05:30,ECONOMY,CONFIRMED,7610,1369.8,0,8979.8,PAID
BK00905,PS00812,FL0055,2026-04-19T04:48:00.000+05:30,BUSINESS,CONFIRMED,20454,3681.72,500,23635.72,PAID
BK00906,PS00078,FL0011,2026-05-13T00:09:00.000+05:30,ECONOMY,CONFIRMED,7386,1329.48,0,8715.48,PAID
BK00907,PS00509,FL0198,2026-07-22T23:00:00.000+05:30,ECONOMY,CONFIRMED,5291,952.38,0,6243.38,PAID
BK00908,PS00031,FL0094,2026-08-06T06:12:00.000+05:30,ECONOMY,CONFIRMED,4764,857.52,500,5121.52,PENDING
BK00909,PS00579,FL0056,2026-06-18T11:12:00.000+05:30,FIRST,CONFIRMED,29806,5365.08,1500,33671.08,PAID
BK00910,PS00144,FL0117,2026-06-25T05:35:00.000+05:30,ECONOMY,CONFIRMED,6572,1182.96,1500,6254.96,PAID
BK00911,PS00693,FL0004,2026-08-05T03:45:00.000+05:30,ECONOMY,CONFIRMED,7592,1366.56,0,8958.56,PAID
BK00912,PS00738,FL0145,2026-05-01T12:44:00.000+05:30,PREMIUM ECONOMY,CONFIRMED,10596,1907.28,0,12503.28,PAID
BK00913,PS00300,FL0028,2026-05-11T20:11:00.000+05:30,ECONOMY,CONFIRMED,6211,1117.98,0,7328.98,PAID
BK00914,PS00633,FL0111,2026-06-14T07:32:00.000+05:30,ECONOMY,CONFIRMED,5764,1037.52,2000,4801.52,PAID
BK00915,PS00214,FL0159,2026-06-08T00:44:00.000+05:30,ECONOMY,PENDING,4474,805.32,1500,3779.32,PAID
BK00916,PS00188,FL0176,2026-04-25T02:41:00.000+05:30,ECONOMY,PENDING,5416,974.88,1500,4890.88,PAID
BK00917,PS00933,FL0129,2026-07-05T13:09:00.000+05:30,ECONOMY,CONFIRMED,6340,1141.2,2000,5481.2,PAID
BK00918,PS00256,FL0050,2026-04-15T22:38:00.000+05:30,BUSINESS,CONFIRMED,24315,4376.7,1500,27191.7,PAID
BK00919,PS00840,FL0184,2026-05-06T09:58:00.000+05:30,ECONOMY,CONFIRMED,3295,593.1,2000,1888.1,PAID
BK00920,PS00160,FL0149,2026-06-20T13:58:00.000+05:30,ECONOMY,CONFIRMED,7689,1384.02,0,9073.02,PENDING
BK00921,PS00576,FL0194,2026-04-24T06:24:00.000+05:30,ECONOMY,CONFIRMED,5571,1002.78,500,6073.78,PAID
BK00922,PS00550,FL0161,2026-07-12T20:10:00.000+05:30,PREMIUM ECONOMY,CONFIRMED,11490,2068.2,1500,12058.2,PAID
BK00923,PS00251,FL0097,2026-06-18T09:06:00.000+05:30,ECONOMY,CONFIRMED,3845,692.1,0,4537.1,PAID
BK00924,PS00313,FL0109,2026-05-15T05:41:00.000+05:30,ECONOMY,CONFIRMED,3714,668.52,1000,3382.52,PAID
BK00925,PS00244,FL0192,2026-07-25T12:51:00.000+05:30,ECONOMY,CONFIRMED,6892,1240.56,500,7632.56,PAID
BK00926,PS00303,FL0007,2026-05-27T19:26:00.000+05:30,ECONOMY,CONFIRMED,6841,1231.38,1000,7072.38,PAID
BK00927,PS00508,FL0169,2026-07-02T14:48:00.000+05:30,ECONOMY,CONFIRMED,4942,889.56,2000,3831.56,PAID
BK00928,PS00281,FL0088,2026-08-05T01:28:00.000+05:30,ECONOMY,CONFIRMED,4138,744.84,500,4382.84,PAID
BK00929,PS00093,FL0148,2026-05-26T19:51:00.000+05:30,ECONOMY,CONFIRMED,6681,1202.58,1000,6883.58,PAID
BK00930,PS00394,FL0146,2026-06-06T07:42:00.000+05:30,ECONOMY,CONFIRMED,5227,940.86,500,5667.86,PAID
BK00931,PS00681,FL0139,2026-08-14T12:04:00.000+05:30,ECONOMY,CONFIRMED,4683,842.94,500,5025.94,PAID
BK00932,PS00420,FL0131,2026-07-25T17:30:00.000+05:30,ECONOMY,CONFIRMED,4066,731.88,0,4797.88,PAID
BK00933,PS00195,FL0060,2026-06-13T10:13:00.000+05:30,ECONOMY,CONFIRMED,7692,1384.56,500,8576.56,PAID
BK00934,PS00811,FL0065,2026-07-10T03:33:00.000+05:30,PREMIUM ECONOMY,CONFIRMED,10080,1814.4,1000,10894.4,PENDING
BK00935,PS00088,FL0090,2026-08-03T21:05:00.000+05:30,ECONOMY,CONFIRMED,7024,1264.32,2000,6288.32,PAID
BK00936,PS00256,FL0125,2026-06-03T07:26:00.000+05:30,ECONOMY,CONFIRMED,4011,721.98,2000,2732.98,PAID
BK00937,PS00856,FL0121,2026-07-13T05:51:00.000+05:30,ECONOMY,CONFIRMED,3609,649.62,2000,2258.62,PAID
BK00938,PS00429,FL0003,2026-05-21T09:26:00.000+05:30,BUSINESS,CONFIRMED,24476,4405.68,1500,27381.68,PAID
BK00939,PS00378,FL0091,2026-06-09T21:07:00.000+05:30,PREMIUM ECONOMY,CONFIRMED,8406,1513.08,500,9419.08,PAID
BK00940,PS00618,FL0177,2026-07-22T07:12:00.000+05:30,ECONOMY,CONFIRMED,6682,1202.76,0,7884.76,PAID
BK00941,PS00933,FL0132,2026-07-13T20:02:00.000+05:30,ECONOMY,CONFIRMED,7981,1436.58,2000,7417.58,PAID
BK00942,PS00288,FL0073,2026-06-06T20:34:00.000+05:30,PREMIUM ECONOMY,CONFIRMED,11917,2145.06,500,13562.06,PAID
BK00943,PS00894,FL0111,2026-05-11T07:32:00.000+05:30,BUSINESS,CONFIRMED,22771,4098.78,0,26869.78,PAID
BK00944,PS00070,FL0022,2026-07-11T08:13:00.000+05:30,ECONOMY,CONFIRMED,3342,601.56,500,3443.56,PAID
BK00945,PS00971,FL0197,2026-05-21T20:31:00.000+05:30,FIRST,CONFIRMED,37311,6715.98,2000,42026.98,PAID
BK00946,PS00044,FL0050,2026-04-15T22:38:00.000+05:30,FIRST,CONFIRMED,39220,7059.6,0,46279.6,PAID
BK00947,PS00696,FL0009,2026-04-21T01:29:00.000+05:30,ECONOMY,CONFIRMED,6385,1149.3,1500,6034.3,PAID
BK00948,PS00972,FL0032,2026-06-30T00:14:00.000+05:30,ECONOMY,PENDING,6414,1154.52,1500,6068.52,PENDING
BK00949,PS00248,FL0080,2026-08-08T23:54:00.000+05:30,ECONOMY,CONFIRMED,3692,664.56,0,4356.56,PAID
BK00950,PS00309,FL0091,2026-07-31T21:07:00.000+05:30,ECONOMY,CONFIRMED,4435,798.3,2000,3233.3,PAID
BK00951,PS00685,FL0020,2026-07-25T17:18:00.000+05:30,ECONOMY,CONFIRMED,7952,1431.36,1000,8383.36,PAID
BK00952,PS00333,FL0061,2026-07-13T22:34:00.000+05:30,PREMIUM ECONOMY,CONFIRMED,8703,1566.54,1000,9269.54,PAID
BK00953,PS00828,FL0118,2026-04-20T10:51:00.000+05:30,ECONOMY,CONFIRMED,3547,638.46,1000,3185.46,PENDING
BK00954,PS00403,FL0076,2026-06-01T04:07:00.000+05:30,PREMIUM ECONOMY,CONFIRMED,8991,1618.38,0,10609.38,PAID
BK00955,PS00781,FL0044,2026-06-02T15:19:00.000+05:30,ECONOMY,CONFIRMED,3278,590.04,500,3368.04,PAID
BK00956,PS00983,FL0030,2026-07-02T04:05:00.000+05:30,ECONOMY,CANCELLED,6766,1217.88,1000,6983.88,PENDING
BK00957,PS00314,FL0003,2026-05-24T09:26:00.000+05:30,PREMIUM ECONOMY,CONFIRMED,8847,1592.46,0,10439.46,PAID
BK00958,PS00975,FL0004,2026-04-21T03:45:00.000+05:30,BUSINESS,CONFIRMED,24023,4324.14,1000,27347.14,PENDING
BK00959,PS00954,FL0186,2026-07-11T08:30:00.000+05:30,ECONOMY,CONFIRMED,5160,928.8,500,5588.8,PENDING
BK00960,PS00952,FL0160,2026-05-10T03:28:00.000+05:30,PREMIUM ECONOMY,CONFIRMED,9064,1631.52,1500,9195.52,PAID
BK00961,PS00957,FL0063,2026-06-29T23:44:00.000+05:30,ECONOMY,CONFIRMED,6468,1164.24,1000,6632.24,PAID
BK00962,PS00572,FL0190,2026-06-05T12:08:00.000+05:30,PREMIUM ECONOMY,CONFIRMED,8030,1445.4,0,9475.4,PAID
BK00963,PS00840,FL0064,2026-05-08T02:15:00.000+05:30,ECONOMY,CONFIRMED,5643,1015.74,2000,4658.74,PENDING
BK00964,PS00420,FL0162,2026-07-20T12:14:00.000+05:30,BUSINESS,CONFIRMED,20458,3682.44,1500,22640.44,PENDING
BK00965,PS00752,FL0095,2026-05-17T03:52:00.000+05:30,ECONOMY,CONFIRMED,7117,1281.06,500,7898.06,PAID
BK00966,PS00116,FL0073,2026-04-15T20:34:00.000+05:30,ECONOMY,PENDING,3317,597.06,1000,2914.06,PAID
BK00967,PS00693,FL0052,2026-07-16T12:14:00.000+05:30,ECONOMY,CONFIRMED,4465,803.7,0,5268.7,PAID
BK00968,PS00351,FL0144,2026-08-02T23:06:00.000+05:30,ECONOMY,CONFIRMED,4714,848.52,1000,4562.52,PAID
BK00969,PS00477,FL0175,2026-07-06T20:18:00.000+05:30,ECONOMY,CONFIRMED,5401,972.18,2000,4373.18,PAID
BK00970,PS00634,FL0018,2026-04-10T15:36:00.000+05:30,BUSINESS,CONFIRMED,16176,2911.68,2000,17087.68,PAID
BK00971,PS00462,FL0012,2026-06-15T23:44:00.000+05:30,PREMIUM ECONOMY,CONFIRMED,11099,1997.82,1500,11596.82,PAID
BK00972,PS00772,FL0148,2026-06-23T19:51:00.000+05:30,BUSINESS,CONFIRMED,24805,4464.9,2000,27269.9,PAID
BK00973,PS00882,FL0183,2026-06-06T22:19:00.000+05:30,ECONOMY,PENDING,3949,710.82,2000,2659.82,PAID
BK00974,PS00773,FL0075,2026-07-22T02:42:00.000+05:30,BUSINESS,CONFIRMED,21467,3864.06,1000,24331.06,PAID
BK00975,PS00749,FL0025,2026-06-19T17:16:00.000+05:30,ECONOMY,CONFIRMED,5492,988.56,1500,4980.56,PENDING
BK00976,PS00813,FL0006,2026-08-15T17:54:00.000+05:30,ECONOMY,CONFIRMED,4955,891.9,1500,4346.9,PAID
BK00977,PS00023,FL0128,2026-06-28T00:01:00.000+05:30,ECONOMY,CONFIRMED,3711,667.98,1500,2878.98,PAID
BK00978,PS00359,FL0186,2026-05-14T08:30:00.000+05:30,ECONOMY,CONFIRMED,6571,1182.78,1000,6753.78,PAID
BK00979,PS00954,FL0150,2026-07-23T01:07:00.000+05:30,ECONOMY,CONFIRMED,5068,912.24,1000,4980.24,PAID
BK00980,PS00332,FL0117,2026-05-27T05:35:00.000+05:30,ECONOMY,CONFIRMED,7234,1302.12,1000,7536.12,PENDING
BK00981,PS00837,FL0117,2026-06-22T05:35:00.000+05:30,ECONOMY,PENDING,7814,1406.52,500,8720.52,PAID
BK00982,PS00313,FL0184,2026-05-25T09:58:00.000+05:30,ECONOMY,CONFIRMED,7077,1273.86,1000,7350.86,PAID
BK00983,PS00761,FL0085,2026-04-28T06:23:00.000+05:30,BUSINESS,CONFIRMED,12423,2236.14,1500,13159.14,PAID
BK00984,PS00876,FL0049,2026-07-02T18:21:00.000+05:30,PREMIUM ECONOMY,CONFIRMED,9578,1724.04,2000,9302.04,PAID
BK00985,PS00792,FL0085,2026-06-16T06:23:00.000+05:30,ECONOMY,CONFIRMED,4627,832.86,1000,4459.86,PAID
BK00986,PS00350,FL0199,2026-05-14T14:46:00.000+05:30,ECONOMY,CONFIRMED,7414,1334.52,1500,7248.52,PENDING
BK00987,PS00556,FL0111,2026-07-05T07:32:00.000+05:30,ECONOMY,PENDING,3344,601.92,2000,1945.92,PAID
BK00988,PS00475,FL0154,2026-05-02T18:41:00.000+05:30,BUSINESS,CONFIRMED,24492,4408.56,2000,26900.56,PAID
BK00989,PS00193,FL0043,2026-05-06T12:42:00.000+05:30,ECONOMY,CANCELLED,6993,1258.74,2000,6251.74,PAID
BK00990,PS00489,FL0021,2026-08-10T16:16:00.000+05:30,ECONOMY,CANCELLED,7275,1309.5,0,8584.5,PAID
BK00991,PS00649,FL0157,2026-06-01T00:55:00.000+05:30,ECONOMY,CONFIRMED,4700,846.0,0,5546.0,PAID
BK00992,PS00964,FL0013,2026-06-19T01:09:00.000+05:30,BUSINESS,PENDING,22976,4135.68,500,26611.68,PAID
BK00993,PS00295,FL0159,2026-06-24T00:44:00.000+05:30,ECONOMY,CONFIRMED,7588,1365.84,2000,6953.84,PAID
BK00994,PS00043,FL0039,2026-07-29T01:47:00.000+05:30,BUSINESS,CONFIRMED,16598,2987.64,500,19085.64,PENDING
BK00995,PS00373,FL0139,2026-05-08T12:04:00.000+05:30,ECONOMY,CONFIRMED,5890,1060.2,1500,5450.2,PAID
BK00996,PS00792,FL0150,2026-05-19T01:07:00.000+05:30,PREMIUM ECONOMY,CONFIRMED,11644,2095.92,1500,12239.92,PAID
BK00997,PS00909,FL0114,2026-06-28T15:23:00.000+05:30,ECONOMY,CONFIRMED,6264,1127.52,1000,6391.52,PAID
BK00998,PS00409,FL0031,2026-07-24T06:23:00.000+05:30,ECONOMY,CONFIRMED,3440,619.2,2000,2059.2,PAID
BK00999,PS00627,FL0119,2026-06-05T23:00:00.000+05:30,ECONOMY,CONFIRMED,7024,1264.32,1000,7288.32,PAID
BK01000,PS00070,FL0184,2026-05-04T09:58:00.000+05:30,BUSINESS,CONFIRMED,21002,3780.36,1500,23282.36,PAID
BK01001,PS00228,FL0076,2026-08-01T04:07:00.000+05:30,ECONOMY,CONFIRMED,7108,1279.44,1000,7387.44,PAID
BK01002,PS00540,FL0084,2026-05-28T23:01:00.000+05:30,ECONOMY,CONFIRMED,6702,1206.36,1500,6408.36,PAID
BK01003,PS00833,FL0059,2026-05-30T04:58:00.000+05:30,ECONOMY,CONFIRMED,3964,713.52,1500,3177.52,PENDING
BK01004,PS00280,FL0079,2026-05-02T02:26:00.000+05:30,ECONOMY,CONFIRMED,3326,598.68,0,3924.68,PENDING
BK01005,PS00591,FL0126,2026-05-08T21:39:00.000+05:30,ECONOMY,CONFIRMED,5497,989.46,1000,5486.46,PAID
BK01006,PS00189,FL0006,2026-07-02T17:54:00.000+05:30,ECONOMY,CONFIRMED,5454,981.72,1000,5435.72,PAID
BK01007,PS00582,FL0159,2026-06-12T00:44:00.000+05:30,BUSINESS,CONFIRMED,12221,2199.78,1500,12920.78,PAID
BK01008,PS00152,FL0052,2026-05-28T12:14:00.000+05:30,ECONOMY,CONFIRMED,7198,1295.64,1000,7493.64,PAID
BK01009,PS00318,FL0099,2026-05-23T13:57:00.000+05:30,ECONOMY,CONFIRMED,4453,801.54,1000,4254.54,PAID
BK01010,PS00220,FL0069,2026-07-08T23:07:00.000+05:30,ECONOMY,PENDING,3374,607.32,1500,2481.32,PAID
BK01011,PS00751,FL0145,2026-06-25T12:44:00.000+05:30,BUSINESS,CONFIRMED,15809,2845.62,0,18654.62,PAID
BK01012,PS00597,FL0157,2026-04-24T00:55:00.000+05:30,FIRST,CONFIRMED,27147,4886.46,500,31533.46,PAID
BK01013,PS00311,FL0032,2026-06-17T00:14:00.000+05:30,PREMIUM ECONOMY,CANCELLED,9126,1642.68,0,10768.68,PAID
BK01014,PS00513,FL0051,2026-06-15T00:24:00.000+05:30,ECONOMY,CANCELLED,3056,550.08,0,3606.08,PAID
BK01015,PS00538,FL0012,2026-07-24T23:44:00.000+05:30,ECONOMY,CONFIRMED,5411,973.98,0,6384.98,PAID
BK01016,PS00757,FL0159,2026-05-20T00:44:00.000+05:30,BUSINESS,CONFIRMED,14691,2644.38,1500,15835.38,PAID
BK01017,PS00983,FL0040,2026-06-24T17:55:00.000+05:30,BUSINESS,CONFIRMED,19208,3457.44,2000,20665.44,PAID
BK01018,PS00995,FL0128,2026-06-25T00:01:00.000+05:30,ECONOMY,CONFIRMED,4708,847.44,500,5055.44,PAID
BK01019,PS00456,FL0167,2026-07-12T05:21:00.000+05:30,ECONOMY,CONFIRMED,7075,1273.5,1500,6848.5,PAID
BK01020,PS00424,FL0056,2026-07-19T11:12:00.000+05:30,ECONOMY,PENDING,6877,1237.86,1000,7114.86,PAID
BK01021,PS00732,FL0036,2026-08-07T16:28:00.000+05:30,ECONOMY,CONFIRMED,4163,749.34,1000,3912.34,PAID
BK01022,PS00916,FL0152,2026-06-22T13:38:00.000+05:30,ECONOMY,PENDING,4705,846.9,1500,4051.9,PAID
BK01023,PS00406,FL0105,2026-05-24T18:58:00.000+05:30,ECONOMY,CONFIRMED,5981,1076.58,2000,5057.58,PAID
BK01024,PS00880,FL0054,2026-06-10T10:45:00.000+05:30,ECONOMY,CONFIRMED,3832,689.76,1000,3521.76,PAID
BK01025,PS00551,FL0088,2026-06-25T01:28:00.000+05:30,PREMIUM ECONOMY,CONFIRMED,9058,1630.44,500,10188.44,PAID
BK01026,PS00820,FL0168,2026-05-30T15:47:00.000+05:30,PREMIUM ECONOMY,CONFIRMED,11683,2102.94,0,13785.94,PENDING
BK01027,PS00898,FL0109,2026-08-02T05:41:00.000+05:30,BUSINESS,CONFIRMED,18717,3369.06,500,21586.06,PAID
BK01028,PS00318,FL0102,2026-07-30T16:29:00.000+05:30,ECONOMY,CONFIRMED,5996,1079.28,1000,6075.28,PAID
BK01029,PS00588,FL0051,2026-07-11T00:24:00.000+05:30,PREMIUM ECONOMY,CONFIRMED,8199,1475.82,2000,7674.82,PAID
BK01030,PS00734,FL0168,2026-05-28T15:47:00.000+05:30,FIRST,CONFIRMED,28761,5176.98,2000,31937.98,PAID
BK01031,PS00673,FL0002,2026-04-18T11:44:00.000+05:30,ECONOMY,CONFIRMED,7291,1312.38,2000,6603.38,PAID
BK01032,PS00353,FL0057,2026-05-10T08:35:00.000+05:30,ECONOMY,CONFIRMED,6443,1159.74,2000,5602.74,PAID
BK01033,PS00282,FL0137,2026-06-29T17:20:00.000+05:30,BUSINESS,CONFIRMED,23246,4184.28,2000,25430.28,PAID
BK01034,PS00732,FL0052,2026-08-08T12:14:00.000+05:30,ECONOMY,CONFIRMED,7950,1431.0,0,9381.0,PAID
BK01035,PS00215,FL0178,2026-06-20T07:36:00.000+05:30,PREMIUM ECONOMY,CONFIRMED,10189,1834.02,1000,11023.02,PAID
BK01036,PS00359,FL0110,2026-07-28T10:52:00.000+05:30,ECONOMY,CONFIRMED,4398,791.64,1500,3689.64,PAID
BK01037,PS00687,FL0004,2026-07-20T03:45:00.000+05:30,ECONOMY,CONFIRMED,3095,557.1,2000,1652.1,PAID
BK01038,PS00525,FL0108,2026-07-24T13:18:00.000+05:30,BUSINESS,CONFIRMED,19664,3539.52,0,23203.52,REFUNDED
BK01039,PS00828,FL0199,2026-07-18T14:46:00.000+05:30,BUSINESS,CONFIRMED,22418,4035.24,0,26453.24,PAID
BK01040,PS00072,FL0081,2026-07-31T20:53:00.000+05:30,PREMIUM ECONOMY,CONFIRMED,10393,1870.74,1000,11263.74,PAID
BK01041,PS00115,FL0064,2026-05-29T02:15:00.000+05:30,ECONOMY,CONFIRMED,4737,852.66,0,5589.66,PAID
BK01042,PS00076,FL0183,2026-04-30T22:19:00.000+05:30,ECONOMY,CONFIRMED,5202,936.36,1500,4638.36,PAID
BK01043,PS00651,FL0160,2026-04-21T03:28:00.000+05:30,ECONOMY,CONFIRMED,3994,718.92,0,4712.92,PAID
BK01044,PS00656,FL0081,2026-06-27T20:53:00.000+05:30,ECONOMY,PENDING,3767,678.06,1500,2945.06,PAID
BK01045,PS00503,FL0093,2026-06-29T07:37:00.000+05:30,ECONOMY,PENDING,7814,1406.52,0,9220.52,PAID
BK01046,PS00133,FL0156,2026-04-26T04:18:00.000+05:30,ECONOMY,CONFIRMED,7865,1415.7,2000,7280.7,PAID
BK01047,PS00427,FL0191,2026-07-09T00:54:00.000+05:30,ECONOMY,CONFIRMED,3074,553.32,0,3627.32,PAID
BK01048,PS00310,FL0004,2026-05-10T03:45:00.000+05:30,BUSINESS,CONFIRMED,17099,3077.82,1000,19176.82,PAID
BK01049,PS00756,FL0188,2026-07-19T03:01:00.000+05:30,ECONOMY,CONFIRMED,3767,678.06,1000,3445.06,PAID
BK01050,PS00277,FL0139,2026-08-07T12:04:00.000+05:30,BUSINESS,CONFIRMED,22011,3961.98,0,25972.98,PAID
BK01051,PS00295,FL0175,2026-05-15T20:18:00.000+05:30,ECONOMY,CONFIRMED,6529,1175.22,0,7704.22,PAID
BK01052,PS00010,FL0171,2026-07-16T15:42:00.000+05:30,ECONOMY,CONFIRMED,3746,674.28,0,4420.28,PAID
BK01053,PS00624,FL0196,2026-05-10T00:36:00.000+05:30,ECONOMY,CONFIRMED,4205,756.9,0,4961.9,PAID
BK01054,PS00631,FL0058,2026-05-04T08:10:00.000+05:30,ECONOMY,CANCELLED,3963,713.34,2000,2676.34,PAID
BK01055,PS00213,FL0096,2026-06-10T20:50:00.000+05:30,ECONOMY,CONFIRMED,3483,626.94,0,4109.94,PAID
BK01056,PS00213,FL0029,2026-07-08T09:42:00.000+05:30,ECONOMY,CONFIRMED,6098,1097.64,500,6695.64,PAID
BK01057,PS00946,FL0158,2026-08-01T23:39:00.000+05:30,ECONOMY,CONFIRMED,3785,681.3,1000,3466.3,PENDING
BK01058,PS00523,FL0056,2026-06-05T11:12:00.000+05:30,ECONOMY,CONFIRMED,5260,946.8,500,5706.8,PAID
BK01059,PS00276,FL0009,2026-06-26T01:29:00.000+05:30,ECONOMY,CONFIRMED,6396,1151.28,500,7047.28,PAID
BK01060,PS00744,FL0060,2026-06-10T10:13:00.000+05:30,ECONOMY,CONFIRMED,4484,807.12,2000,3291.12,PAID
BK01061,PS00583,FL0111,2026-07-24T07:32:00.000+05:30,BUSINESS,CONFIRMED,17191,3094.38,500,19785.38,PAID
BK01062,PS00794,FL0018,2026-06-16T15:36:00.000+05:30,BUSINESS,CONFIRMED,15138,2724.84,0,17862.84,PENDING
BK01063,PS00056,FL0077,2026-07-07T02:30:00.000+05:30,ECONOMY,CONFIRMED,4694,844.92,2000,3538.92,PAID
BK01064,PS00963,FL0191,2026-07-21T00:54:00.000+05:30,ECONOMY,CONFIRMED,3117,561.06,1000,2678.06,PAID
BK01065,PS00328,FL0179,2026-05-06T17:01:00.000+05:30,ECONOMY,CONFIRMED,7736,1392.48,1500,7628.48,PAID
BK01066,PS00509,FL0141,2026-07-30T23:30:00.000+05:30,ECONOMY,CONFIRMED,3121,561.78,0,3682.78,PAID
BK01067,PS00624,FL0177,2026-05-01T07:12:00.000+05:30,PREMIUM ECONOMY,PENDING,11328,2039.04,1000,12367.04,PAID
BK01068,PS00726,FL0198,2026-05-19T23:00:00.000+05:30,ECONOMY,PENDING,7066,1271.88,2000,6337.88,PAID
BK01069,PS00905,FL0157,2026-06-27T00:55:00.000+05:30,ECONOMY,CONFIRMED,5222,939.96,1500,4661.96,PAID
BK01070,PS00322,FL0139,2026-07-30T12:04:00.000+05:30,ECONOMY,CONFIRMED,7797,1403.46,1500,7700.46,PAID
BK01071,PS00177,FL0041,2026-05-11T01:48:00.000+05:30,ECONOMY,CONFIRMED,6082,1094.76,0,7176.76,PAID
BK01072,PS00418,FL0190,2026-08-02T12:08:00.000+05:30,ECONOMY,CONFIRMED,5701,1026.18,500,6227.18,PENDING
BK01073,PS00983,FL0132,2026-04-22T20:02:00.000+05:30,ECONOMY,CANCELLED,4907,883.26,2000,3790.26,PAID
BK01074,PS00398,FL0132,2026-05-25T20:02:00.000+05:30,ECONOMY,CONFIRMED,3978,716.04,2000,2694.04,PAID
BK01075,PS00872,FL0152,2026-06-30T13:38:00.000+05:30,PREMIUM ECONOMY,CONFIRMED,8817,1587.06,500,9904.06,PAID
BK01076,PS00782,FL0101,2026-06-26T19:08:00.000+05:30,BUSINESS,CONFIRMED,15319,2757.42,1500,16576.42,PAID
BK01077,PS00410,FL0185,2026-05-25T12:51:00.000+05:30,BUSINESS,CONFIRMED,16902,3042.36,0,19944.36,PAID
BK01078,PS00296,FL0161,2026-07-06T20:10:00.000+05:30,PREMIUM ECONOMY,CONFIRMED,8671,1560.78,1000,9231.78,PAID
BK01079,PS00087,FL0195,2026-04-22T21:13:00.000+05:30,ECONOMY,CONFIRMED,7420,1335.6,500,8255.6,PENDING
BK01080,PS00042,FL0187,2026-04-12T10:08:00.000+05:30,PREMIUM ECONOMY,CONFIRMED,9025,1624.5,1500,9149.5,PAID
BK01081,PS00358,FL0137,2026-08-04T17:20:00.000+05:30,ECONOMY,CONFIRMED,3898,701.64,2000,2599.64,PAID
BK01082,PS00088,FL0193,2026-08-04T01:05:00.000+05:30,ECONOMY,CONFIRMED,6817,1227.06,500,7544.06,PAID
BK01083,PS00728,FL0108,2026-08-12T13:18:00.000+05:30,ECONOMY,CONFIRMED,4688,843.84,2000,3531.84,PAID
BK01084,PS00150,FL0154,2026-07-19T18:41:00.000+05:30,ECONOMY,CONFIRMED,6350,1143.0,2000,5493.0,PAID
BK01085,PS00287,FL0033,2026-07-05T08:26:00.000+05:30,ECONOMY,CONFIRMED,5051,909.18,500,5460.18,PAID
BK01086,PS00536,FL0065,2026-06-15T03:33:00.000+05:30,BUSINESS,CONFIRMED,17617,3171.06,1500,19288.06,PAID
BK01087,PS00364,FL0073,2026-04-11T20:34:00.000+05:30,ECONOMY,CONFIRMED,6039,1087.02,0,7126.02,PAID
BK01088,PS00901,FL0094,2026-05-06T06:12:00.000+05:30,ECONOMY,CONFIRMED,5774,1039.32,1500,5313.32,PAID
BK01089,PS00971,FL0014,2026-06-30T13:07:00.000+05:30,ECONOMY,CONFIRMED,4981,896.58,500,5377.58,PAID
BK01090,PS00925,FL0167,2026-06-20T05:21:00.000+05:30,ECONOMY,CONFIRMED,7146,1286.28,1000,7432.28,PAID
BK01091,PS00318,FL0151,2026-04-19T13:13:00.000+05:30,ECONOMY,CONFIRMED,4747,854.46,1000,4601.46,PAID
BK01092,PS00586,FL0155,2026-07-22T06:11:00.000+05:30,BUSINESS,CANCELLED,14024,2524.32,1000,15548.32,PAID
BK01093,PS00804,FL0193,2026-05-03T01:05:00.000+05:30,PREMIUM ECONOMY,CONFIRMED,9764,1757.52,2000,9521.52,PAID
BK01094,PS00666,FL0186,2026-06-24T08:30:00.000+05:30,ECONOMY,PENDING,6087,1095.66,0,7182.66,PAID
BK01095,PS00939,FL0160,2026-06-29T03:28:00.000+05:30,ECONOMY,CONFIRMED,6686,1203.48,500,7389.48,PAID
BK01096,PS00735,FL0071,2026-06-10T13:39:00.000+05:30,PREMIUM ECONOMY,PENDING,11006,1981.08,1500,11487.08,PAID
BK01097,PS00681,FL0007,2026-07-19T19:26:00.000+05:30,ECONOMY,CONFIRMED,4991,898.38,1500,4389.38,PAID
BK01098,PS00224,FL0082,2026-05-23T23:43:00.000+05:30,ECONOMY,CONFIRMED,6532,1175.76,2000,5707.76,PAID
BK01099,PS00164,FL0129,2026-06-24T13:09:00.000+05:30,ECONOMY,CONFIRMED,6845,1232.1,1500,6577.1,PAID
BK01100,PS00502,FL0121,2026-07-31T05:51:00.000+05:30,BUSINESS,CONFIRMED,16733,3011.94,2000,17744.94,PAID
BK01101,PS00019,FL0154,2026-08-03T18:41:00.000+05:30,ECONOMY,CONFIRMED,3555,639.9,1500,2694.9,PAID
BK01102,PS00573,FL0089,2026-06-06T02:36:00.000+05:30,BUSINESS,CONFIRMED,16164,2909.52,1500,17573.52,PAID
BK01103,PS00921,FL0133,2026-04-27T07:05:00.000+05:30,BUSINESS,CONFIRMED,19170,3450.6,2000,20620.6,PAID
BK01104,PS00706,FL0113,2026-06-04T11:26:00.000+05:30,ECONOMY,CONFIRMED,6140,1105.2,1500,5745.2,PENDING
BK01105,PS00379,FL0035,2026-06-07T03:33:00.000+05:30,ECONOMY,CONFIRMED,3643,655.74,0,4298.74,PAID
BK01106,PS00070,FL0179,2026-08-06T17:01:00.000+05:30,ECONOMY,CONFIRMED,7952,1431.36,1000,8383.36,PAID
BK01107,PS00479,FL0099,2026-04-19T13:57:00.000+05:30,BUSINESS,CONFIRMED,13521,2433.78,0,15954.78,PENDING
BK01108,PS00416,FL0136,2026-05-09T00:00:00.000+05:30,ECONOMY,CONFIRMED,4541,817.38,1500,3858.38,PAID
BK01109,PS00656,FL0057,2026-06-02T08:35:00.000+05:30,ECONOMY,CONFIRMED,5696,1025.28,1000,5721.28,PAID
BK01110,PS00217,FL0175,2026-06-29T20:18:00.000+05:30,ECONOMY,CONFIRMED,4894,880.92,0,5774.92,PAID
BK01111,PS00005,FL0102,2026-05-19T16:29:00.000+05:30,BUSINESS,CONFIRMED,12582,2264.76,1000,13846.76,PAID
BK01112,PS00611,FL0125,2026-08-11T07:26:00.000+05:30,ECONOMY,CONFIRMED,6116,1100.88,1500,5716.88,PAID
BK01113,PS00606,FL0018,2026-04-25T15:36:00.000+05:30,BUSINESS,CONFIRMED,20676,3721.68,1000,23397.68,PAID
BK01114,PS00110,FL0097,2026-04-15T09:06:00.000+05:30,ECONOMY,CONFIRMED,6621,1191.78,500,7312.78,PAID
BK01115,PS00658,FL0058,2026-05-09T08:10:00.000+05:30,PREMIUM ECONOMY,CANCELLED,8589,1546.02,1000,9135.02,PAID
BK01116,PS00949,FL0147,2026-06-07T14:49:00.000+05:30,PREMIUM ECONOMY,CONFIRMED,11499,2069.82,500,13068.82,PAID
BK01117,PS00202,FL0157,2026-05-26T00:55:00.000+05:30,ECONOMY,CONFIRMED,7227,1300.86,1500,7027.86,PENDING
BK01118,PS00883,FL0075,2026-06-25T02:42:00.000+05:30,ECONOMY,CONFIRMED,5661,1018.98,1500,5179.98,PAID
BK01119,PS00639,FL0085,2026-08-18T06:23:00.000+05:30,ECONOMY,CONFIRMED,6791,1222.38,1000,7013.38,PAID
BK01120,PS00117,FL0009,2026-05-15T01:29:00.000+05:30,ECONOMY,CONFIRMED,3095,557.1,500,3152.1,PAID
BK01121,PS00777,FL0014,2026-05-02T13:07:00.000+05:30,ECONOMY,CONFIRMED,7304,1314.72,1000,7618.72,PAID
BK01122,PS00193,FL0110,2026-06-03T10:52:00.000+05:30,ECONOMY,PENDING,3346,602.28,1000,2948.28,PAID
BK01123,PS00446,FL0002,2026-06-10T11:44:00.000+05:30,ECONOMY,CONFIRMED,6280,1130.4,0,7410.4,PAID
BK01124,PS00302,FL0099,2026-06-26T13:57:00.000+05:30,ECONOMY,CANCELLED,6675,1201.5,0,7876.5,PENDING
BK01125,PS00344,FL0105,2026-04-20T18:58:00.000+05:30,ECONOMY,PENDING,6985,1257.3,0,8242.3,PENDING
BK01126,PS00712,FL0014,2026-05-21T13:07:00.000+05:30,ECONOMY,CONFIRMED,6772,1218.96,0,7990.96,PAID
BK01127,PS00336,FL0108,2026-06-08T13:18:00.000+05:30,ECONOMY,CONFIRMED,7498,1349.64,0,8847.64,PAID
BK01128,PS00436,FL0030,2026-05-02T04:05:00.000+05:30,BUSINESS,CONFIRMED,23908,4303.44,0,28211.44,PAID
BK01129,PS00353,FL0129,2026-07-12T13:09:00.000+05:30,ECONOMY,CONFIRMED,4482,806.76,1000,4288.76,PAID
BK01130,PS00764,FL0010,2026-05-08T09:55:00.000+05:30,ECONOMY,CONFIRMED,7306,1315.08,500,8121.08,PAID
BK01131,PS00777,FL0164,2026-06-30T01:16:00.000+05:30,ECONOMY,CONFIRMED,5152,927.36,2000,4079.36,PAID
BK01132,PS00885,FL0103,2026-07-21T09:18:00.000+05:30,ECONOMY,CONFIRMED,3119,561.42,1500,2180.42,PENDING
BK01133,PS00151,FL0065,2026-06-05T03:33:00.000+05:30,FIRST,CONFIRMED,26281,4730.58,0,31011.58,PAID
BK01134,PS00273,FL0107,2026-07-12T02:22:00.000+05:30,ECONOMY,CONFIRMED,6192,1114.56,2000,5306.56,PAID
BK01135,PS00454,FL0130,2026-07-25T16:26:00.000+05:30,ECONOMY,CONFIRMED,6903,1242.54,0,8145.54,PAID
BK01136,PS00584,FL0065,2026-05-23T03:33:00.000+05:30,ECONOMY,CONFIRMED,6794,1222.92,1500,6516.92,PENDING
BK01137,PS00944,FL0060,2026-04-22T10:13:00.000+05:30,ECONOMY,CONFIRMED,5242,943.56,2000,4185.56,PAID
BK01138,PS00518,FL0119,2026-05-18T23:00:00.000+05:30,PREMIUM ECONOMY,CONFIRMED,10166,1829.88,2000,9995.88,PAID
BK01139,PS00102,FL0144,2026-05-24T23:06:00.000+05:30,ECONOMY,CONFIRMED,6015,1082.7,500,6597.7,PAID
BK01140,PS00869,FL0169,2026-08-16T14:48:00.000+05:30,ECONOMY,CONFIRMED,4249,764.82,500,4513.82,PENDING
BK01141,PS00950,FL0025,2026-07-15T17:16:00.000+05:30,ECONOMY,CONFIRMED,4323,778.14,0,5101.14,PAID
BK01142,PS00604,FL0102,2026-06-29T16:29:00.000+05:30,PREMIUM ECONOMY,CONFIRMED,8653,1557.54,1000,9210.54,PAID
BK01143,PS00811,FL0072,2026-06-25T10:20:00.000+05:30,ECONOMY,CONFIRMED,3726,670.68,500,3896.68,PAID
BK01144,PS00145,FL0110,2026-04-18T10:52:00.000+05:30,ECONOMY,CONFIRMED,4976,895.68,500,5371.68,PAID
BK01145,PS00738,FL0075,2026-05-17T02:42:00.000+05:30,ECONOMY,CONFIRMED,4604,828.72,1000,4432.72,REFUNDED
BK01146,PS00439,FL0052,2026-08-22T12:14:00.000+05:30,ECONOMY,CONFIRMED,4221,759.78,500,4480.78,PAID
BK01147,PS00889,FL0155,2026-08-06T06:11:00.000+05:30,BUSINESS,CONFIRMED,21851,3933.18,500,25284.18,PAID
BK01148,PS00822,FL0173,2026-07-27T09:11:00.000+05:30,ECONOMY,CONFIRMED,6361,1144.98,0,7505.98,PAID
BK01149,PS00255,FL0163,2026-04-24T08:18:00.000+05:30,BUSINESS,CONFIRMED,15350,2763.0,500,17613.0,PAID
BK01150,PS00278,FL0047,2026-06-13T02:11:00.000+05:30,PREMIUM ECONOMY,CONFIRMED,8770,1578.6,2000,8348.6,PAID
BK01151,PS00392,FL0035,2026-07-31T03:33:00.000+05:30,ECONOMY,CONFIRMED,5347,962.46,1000,5309.46,PAID
BK01152,PS00620,FL0103,2026-05-11T09:18:00.000+05:30,ECONOMY,CONFIRMED,5824,1048.32,0,6872.32,PAID
BK01153,PS00011,FL0079,2026-08-06T02:26:00.000+05:30,PREMIUM ECONOMY,CONFIRMED,10270,1848.6,0,12118.6,PAID
BK01154,PS00748,FL0069,2026-05-17T23:07:00.000+05:30,ECONOMY,CONFIRMED,3334,600.12,1000,2934.12,PAID
BK01155,PS00368,FL0061,2026-07-26T22:34:00.000+05:30,ECONOMY,CONFIRMED,5420,975.6,1000,5395.6,PAID
BK01156,PS00118,FL0016,2026-06-17T06:12:00.000+05:30,FIRST,CANCELLED,28235,5082.3,1000,32317.3,PAID
BK01157,PS00662,FL0049,2026-07-24T18:21:00.000+05:30,ECONOMY,CANCELLED,7306,1315.08,1000,7621.08,PAID
BK01158,PS00351,FL0143,2026-05-29T16:54:00.000+05:30,ECONOMY,CONFIRMED,4861,874.98,1500,4235.98,PAID
BK01159,PS00281,FL0062,2026-06-24T12:00:00.000+05:30,ECONOMY,CONFIRMED,7034,1266.12,0,8300.12,PAID
BK01160,PS00770,FL0017,2026-07-02T08:56:00.000+05:30,BUSINESS,CONFIRMED,19949,3590.82,2000,21539.82,PAID
BK01161,PS00663,FL0025,2026-04-21T17:16:00.000+05:30,ECONOMY,CONFIRMED,3335,600.3,0,3935.3,PAID
BK01162,PS00362,FL0192,2026-07-12T12:51:00.000+05:30,PREMIUM ECONOMY,CONFIRMED,8792,1582.56,500,9874.56,PAID
BK01163,PS00085,FL0133,2026-04-28T07:05:00.000+05:30,ECONOMY,CONFIRMED,5267,948.06,1500,4715.06,PAID
BK01164,PS00585,FL0109,2026-04-17T05:41:00.000+05:30,PREMIUM ECONOMY,CONFIRMED,11149,2006.82,500,12655.82,PAID
BK01165,PS00825,FL0097,2026-06-28T09:06:00.000+05:30,BUSINESS,CONFIRMED,21313,3836.34,0,25149.34,PAID
BK01166,PS00865,FL0093,2026-07-15T07:37:00.000+05:30,ECONOMY,PENDING,5890,1060.2,500,6450.2,PAID
BK01167,PS00804,FL0083,2026-06-21T08:39:00.000+05:30,ECONOMY,CONFIRMED,5775,1039.5,0,6814.5,PAID
BK01168,PS00930,FL0085,2026-08-10T06:23:00.000+05:30,ECONOMY,CONFIRMED,7813,1406.34,500,8719.34,PAID
BK01169,PS00719,FL0024,2026-05-30T06:29:00.000+05:30,ECONOMY,PENDING,4999,899.82,1500,4398.82,PAID
BK01170,PS00008,FL0132,2026-04-18T20:02:00.000+05:30,ECONOMY,CONFIRMED,3714,668.52,500,3882.52,PAID
BK01171,PS00075,FL0175,2026-05-25T20:18:00.000+05:30,ECONOMY,PENDING,5279,950.22,0,6229.22,PAID
BK01172,PS00377,FL0107,2026-07-15T02:22:00.000+05:30,PREMIUM ECONOMY,CONFIRMED,8722,1569.96,1500,8791.96,PAID
BK01173,PS00813,FL0104,2026-06-13T13:10:00.000+05:30,ECONOMY,CONFIRMED,7394,1330.92,2000,6724.92,PAID
BK01174,PS00946,FL0010,2026-05-04T09:55:00.000+05:30,FIRST,CONFIRMED,36086,6495.48,1500,41081.48,PAID
BK01175,PS00085,FL0099,2026-06-06T13:57:00.000+05:30,ECONOMY,CONFIRMED,6717,1209.06,0,7926.06,PAID
BK01176,PS00553,FL0174,2026-05-07T03:12:00.000+05:30,ECONOMY,CONFIRMED,6313,1136.34,1500,5949.34,PAID
BK01177,PS00710,FL0040,2026-06-17T17:55:00.000+05:30,ECONOMY,CONFIRMED,4207,757.26,1500,3464.26,PAID
BK01178,PS00201,FL0013,2026-07-05T01:09:00.000+05:30,BUSINESS,CONFIRMED,14917,2685.06,1000,16602.06,PAID
BK01179,PS00466,FL0001,2026-06-19T23:23:00.000+05:30,ECONOMY,CONFIRMED,7710,1387.8,1500,7597.8,PAID
BK01180,PS00365,FL0195,2026-04-10T21:13:00.000+05:30,ECONOMY,CONFIRMED,4586,825.48,500,4911.48,PENDING
BK01181,PS00638,FL0118,2026-05-17T10:51:00.000+05:30,ECONOMY,CANCELLED,6053,1089.54,2000,5142.54,PAID
BK01182,PS00521,FL0057,2026-05-26T08:35:00.000+05:30,FIRST,CANCELLED,35575,6403.5,0,41978.5,PAID
BK01183,PS00786,FL0029,2026-05-09T09:42:00.000+05:30,ECONOMY,CONFIRMED,6485,1167.3,1000,6652.3,PAID
BK01184,PS00735,FL0021,2026-07-31T16:16:00.000+05:30,BUSINESS,PENDING,24338,4380.84,500,28218.84,PAID
BK01185,PS00913,FL0108,2026-05-21T13:18:00.000+05:30,ECONOMY,PENDING,7325,1318.5,0,8643.5,PAID
BK01186,PS00216,FL0125,2026-04-27T07:26:00.000+05:30,PREMIUM ECONOMY,CONFIRMED,10330,1859.4,1500,10689.4,PENDING
BK01187,PS00354,FL0135,2026-07-28T12:36:00.000+05:30,PREMIUM ECONOMY,CONFIRMED,8410,1513.8,1500,8423.8,PAID
BK01188,PS00084,FL0138,2026-07-29T07:55:00.000+05:30,ECONOMY,CONFIRMED,5420,975.6,0,6395.6,PAID
BK01189,PS00710,FL0109,2026-07-02T05:41:00.000+05:30,ECONOMY,CONFIRMED,4921,885.78,2000,3806.78,PENDING
BK01190,PS00535,FL0049,2026-05-27T18:21:00.000+05:30,ECONOMY,CONFIRMED,7459,1342.62,2000,6801.62,PAID
BK01191,PS00097,FL0006,2026-05-28T17:54:00.000+05:30,ECONOMY,PENDING,6280,1130.4,500,6910.4,PAID
BK01192,PS00365,FL0060,2026-07-02T10:13:00.000+05:30,ECONOMY,CONFIRMED,7119,1281.42,500,7900.42,PAID
BK01193,PS00377,FL0145,2026-05-17T12:44:00.000+05:30,ECONOMY,CANCELLED,4813,866.34,1500,4179.34,PAID
BK01194,PS00520,FL0122,2026-06-05T06:56:00.000+05:30,ECONOMY,CANCELLED,3042,547.56,500,3089.56,PAID
BK01195,PS00076,FL0033,2026-04-28T08:26:00.000+05:30,ECONOMY,CONFIRMED,7231,1301.58,0,8532.58,PENDING
BK01196,PS00183,FL0001,2026-08-04T23:23:00.000+05:30,ECONOMY,CONFIRMED,5873,1057.14,1000,5930.14,PAID
BK01197,PS00688,FL0156,2026-06-17T04:18:00.000+05:30,BUSINESS,CONFIRMED,18601,3348.18,2000,19949.18,PAID
BK01198,PS00705,FL0188,2026-06-19T03:01:00.000+05:30,ECONOMY,PENDING,6166,1109.88,0,7275.88,PAID
BK01199,PS00743,FL0152,2026-04-25T13:38:00.000+05:30,ECONOMY,CONFIRMED,4330,779.4,0,5109.4,PAID
BK01200,PS00363,FL0177,2026-05-13T07:12:00.000+05:30,FIRST,PENDING,29909,5383.62,1000,34292.62,PAID
BK01201,PS00245,FL0151,2026-04-22T13:13:00.000+05:30,ECONOMY,CONFIRMED,7927,1426.86,1000,8353.86,PAID
BK01202,PS00191,FL0196,2026-06-19T00:36:00.000+05:30,BUSINESS,CONFIRMED,21001,3780.18,1000,23781.18,PAID
BK01203,PS00827,FL0038,2026-07-20T08:19:00.000+05:30,BUSINESS,CONFIRMED,14248,2564.64,0,16812.64,PAID
BK01204,PS00909,FL0169,2026-07-24T14:48:00.000+05:30,PREMIUM ECONOMY,CONFIRMED,11907,2143.26,2000,12050.26,PAID
BK01205,PS00534,FL0124,2026-06-08T21:31:00.000+05:30,ECONOMY,CONFIRMED,5443,979.74,0,6422.74,PAID
BK01206,PS00950,FL0144,2026-06-07T23:06:00.000+05:30,ECONOMY,CONFIRMED,6569,1182.42,1500,6251.42,PAID
BK01207,PS00185,FL0042,2026-05-17T08:07:00.000+05:30,FIRST,CONFIRMED,28363,5105.34,500,32968.34,PAID
BK01208,PS00655,FL0089,2026-04-14T02:36:00.000+05:30,PREMIUM ECONOMY,CONFIRMED,11006,1981.08,1500,11487.08,PAID
BK01209,PS00635,FL0062,2026-05-08T12:00:00.000+05:30,ECONOMY,CONFIRMED,3009,541.62,1000,2550.62,PAID
BK01210,PS00279,FL0139,2026-07-11T12:04:00.000+05:30,ECONOMY,CONFIRMED,4771,858.78,0,5629.78,PAID
BK01211,PS00629,FL0137,2026-06-01T17:20:00.000+05:30,ECONOMY,CONFIRMED,5323,958.14,0,6281.14,PAID
BK01212,PS00512,FL0053,2026-08-08T05:02:00.000+05:30,BUSINESS,CONFIRMED,20679,3722.22,1500,22901.22,PAID
BK01213,PS00448,FL0128,2026-05-22T00:01:00.000+05:30,ECONOMY,CONFIRMED,5609,1009.62,0,6618.62,PAID
BK01214,PS00088,FL0028,2026-04-23T20:11:00.000+05:30,ECONOMY,CONFIRMED,4757,856.26,1000,4613.26,PAID
BK01215,PS00910,FL0045,2026-05-17T16:40:00.000+05:30,ECONOMY,CONFIRMED,6770,1218.6,2000,5988.6,PAID
BK01216,PS00216,FL0078,2026-07-15T14:17:00.000+05:30,ECONOMY,CONFIRMED,5368,966.24,500,5834.24,PAID
BK01217,PS00787,FL0015,2026-05-31T01:50:00.000+05:30,BUSINESS,CONFIRMED,15017,2703.06,2000,15720.06,PAID
BK01218,PS00968,FL0027,2026-07-29T07:46:00.000+05:30,ECONOMY,PENDING,7189,1294.02,0,8483.02,PAID
BK01219,PS00024,FL0009,2026-06-28T01:29:00.000+05:30,ECONOMY,CONFIRMED,4344,781.92,2000,3125.92,PAID
BK01220,PS00413,FL0198,2026-07-24T23:00:00.000+05:30,FIRST,CONFIRMED,36906,6643.08,0,43549.08,PAID
BK01221,PS00566,FL0076,2026-05-27T04:07:00.000+05:30,ECONOMY,CONFIRMED,7682,1382.76,0,9064.76,PENDING
BK01222,PS00921,FL0182,2026-05-23T15:10:00.000+05:30,FIRST,CONFIRMED,36264,6527.52,0,42791.52,PAID
BK01223,PS00091,FL0042,2026-06-28T08:07:00.000+05:30,ECONOMY,CONFIRMED,4461,802.98,500,4763.98,PAID
BK01224,PS00523,FL0026,2026-07-19T22:05:00.000+05:30,BUSINESS,CONFIRMED,14081,2534.58,1000,15615.58,PAID
BK01225,PS00880,FL0165,2026-08-02T14:40:00.000+05:30,PREMIUM ECONOMY,CANCELLED,10677,1921.86,1000,11598.86,PAID
BK01226,PS00762,FL0174,2026-07-31T03:12:00.000+05:30,ECONOMY,CONFIRMED,3459,622.62,1500,2581.62,PAID
BK01227,PS00738,FL0166,2026-04-30T19:03:00.000+05:30,PREMIUM ECONOMY,PENDING,11981,2156.58,500,13637.58,PAID
BK01228,PS00636,FL0072,2026-04-25T10:20:00.000+05:30,ECONOMY,CONFIRMED,7491,1348.38,1000,7839.38,PENDING
BK01229,PS00559,FL0167,2026-05-12T05:21:00.000+05:30,ECONOMY,CANCELLED,3609,649.62,500,3758.62,PENDING
BK01230,PS00361,FL0028,2026-04-21T20:11:00.000+05:30,FIRST,CONFIRMED,26876,4837.68,1500,30213.68,PAID
BK01231,PS00724,FL0074,2026-07-07T06:02:00.000+05:30,PREMIUM ECONOMY,CONFIRMED,9645,1736.1,2000,9381.1,PAID
BK01232,PS00761,FL0163,2026-05-20T08:18:00.000+05:30,PREMIUM ECONOMY,CONFIRMED,9979,1796.22,1000,10775.22,PAID
BK01233,PS00360,FL0133,2026-06-23T07:05:00.000+05:30,PREMIUM ECONOMY,CONFIRMED,8514,1532.52,1000,9046.52,PAID
BK01234,PS00713,FL0199,2026-08-04T14:46:00.000+05:30,ECONOMY,PENDING,7578,1364.04,0,8942.04,PAID
BK01235,PS00825,FL0033,2026-07-02T08:26:00.000+05:30,ECONOMY,CONFIRMED,6519,1173.42,1000,6692.42,PAID
BK01236,PS00739,FL0036,2026-05-15T16:28:00.000+05:30,ECONOMY,CONFIRMED,6451,1161.18,500,7112.18,PAID
BK01237,PS00828,FL0013,2026-07-14T01:09:00.000+05:30,ECONOMY,CONFIRMED,7051,1269.18,1500,6820.18,PAID
BK01238,PS00152,FL0091,2026-05-09T21:07:00.000+05:30,ECONOMY,CONFIRMED,4050,729.0,0,4779.0,PAID
BK01239,PS00138,FL0129,2026-06-01T13:09:00.000+05:30,ECONOMY,CONFIRMED,4727,850.86,1000,4577.86,PAID
BK01240,PS00624,FL0194,2026-04-17T06:24:00.000+05:30,ECONOMY,PENDING,7594,1366.92,1000,7960.92,PAID
BK01241,PS00769,FL0123,2026-07-22T22:32:00.000+05:30,ECONOMY,PENDING,7662,1379.16,2000,7041.16,PAID
BK01242,PS00160,FL0170,2026-06-23T02:40:00.000+05:30,ECONOMY,CONFIRMED,7512,1352.16,1000,7864.16,PAID
BK01243,PS00155,FL0111,2026-06-23T07:32:00.000+05:30,ECONOMY,CONFIRMED,3544,637.92,0,4181.92,PAID
BK01244,PS00275,FL0113,2026-07-22T11:26:00.000+05:30,BUSINESS,CONFIRMED,24261,4366.98,0,28627.98,REFUNDED
BK01245,PS00529,FL0071,2026-07-09T13:39:00.000+05:30,ECONOMY,CONFIRMED,7160,1288.8,1500,6948.8,PAID
BK01246,PS00849,FL0009,2026-07-22T01:29:00.000+05:30,ECONOMY,CONFIRMED,7768,1398.24,1500,7666.24,PENDING
BK01247,PS00783,FL0041,2026-06-04T01:48:00.000+05:30,PREMIUM ECONOMY,CONFIRMED,11652,2097.36,0,13749.36,PAID
BK01248,PS00211,FL0186,2026-06-07T08:30:00.000+05:30,ECONOMY,CONFIRMED,4722,849.96,1500,4071.96,PAID
BK01249,PS00859,FL0160,2026-07-23T03:28:00.000+05:30,ECONOMY,CONFIRMED,5381,968.58,1000,5349.58,PAID
BK01250,PS00701,FL0090,2026-07-12T21:05:00.000+05:30,PREMIUM ECONOMY,CONFIRMED,8735,1572.3,1000,9307.3,PAID
BK01251,PS00645,FL0027,2026-04-27T07:46:00.000+05:30,ECONOMY,PENDING,6545,1178.1,1500,6223.1,PAID
BK01252,PS00517,FL0120,2026-05-23T21:25:00.000+05:30,ECONOMY,CONFIRMED,3196,575.28,1500,2271.28,PAID
BK01253,PS00434,FL0024,2026-05-13T06:29:00.000+05:30,ECONOMY,PENDING,7996,1439.28,500,8935.28,PAID
BK01254,PS00835,FL0049,2026-06-11T18:21:00.000+05:30,ECONOMY,CONFIRMED,6133,1103.94,0,7236.94,PAID
BK01255,PS00985,FL0039,2026-08-07T01:47:00.000+05:30,BUSINESS,CONFIRMED,16833,3029.94,2000,17862.94,PAID
BK01256,PS00045,FL0111,2026-06-19T07:32:00.000+05:30,ECONOMY,PENDING,6130,1103.4,500,6733.4,PAID
BK01257,PS00807,FL0139,2026-08-19T12:04:00.000+05:30,ECONOMY,CONFIRMED,7308,1315.44,0,8623.44,PENDING
BK01258,PS00936,FL0029,2026-06-09T09:42:00.000+05:30,PREMIUM ECONOMY,PENDING,9541,1717.38,0,11258.38,PAID
BK01259,PS00871,FL0155,2026-05-05T06:11:00.000+05:30,ECONOMY,CONFIRMED,3562,641.16,500,3703.16,PAID
BK01260,PS00370,FL0115,2026-06-15T21:48:00.000+05:30,ECONOMY,CONFIRMED,5367,966.06,0,6333.06,PAID
BK01261,PS00231,FL0064,2026-06-20T02:15:00.000+05:30,ECONOMY,CONFIRMED,6508,1171.44,1500,6179.44,PAID
BK01262,PS00892,FL0074,2026-06-03T06:02:00.000+05:30,ECONOMY,PENDING,7099,1277.82,1500,6876.82,PAID
BK01263,PS00146,FL0058,2026-07-16T08:10:00.000+05:30,BUSINESS,CONFIRMED,14017,2523.06,1500,15040.06,PAID
BK01264,PS00361,FL0096,2026-07-10T20:50:00.000+05:30,ECONOMY,CONFIRMED,3610,649.8,500,3759.8,PENDING
BK01265,PS00921,FL0045,2026-06-01T16:40:00.000+05:30,ECONOMY,CANCELLED,4506,811.08,0,5317.08,PENDING
BK01266,PS00127,FL0171,2026-05-31T15:42:00.000+05:30,ECONOMY,PENDING,6590,1186.2,2000,5776.2,PAID
BK01267,PS00562,FL0095,2026-05-16T03:52:00.000+05:30,ECONOMY,CONFIRMED,6361,1144.98,1000,6505.98,PAID
BK01268,PS00950,FL0028,2026-05-07T20:11:00.000+05:30,ECONOMY,CONFIRMED,4598,827.64,0,5425.64,PAID
BK01269,PS00933,FL0035,2026-06-08T03:33:00.000+05:30,ECONOMY,CONFIRMED,3902,702.36,1000,3604.36,PAID
BK01270,PS00953,FL0197,2026-05-04T20:31:00.000+05:30,ECONOMY,CONFIRMED,4770,858.6,500,5128.6,PAID
BK01271,PS00453,FL0033,2026-06-21T08:26:00.000+05:30,ECONOMY,CONFIRMED,5120,921.6,1500,4541.6,PAID
BK01272,PS00068,FL0057,2026-07-31T08:35:00.000+05:30,ECONOMY,CONFIRMED,7215,1298.7,2000,6513.7,PAID
BK01273,PS00708,FL0146,2026-05-10T07:42:00.000+05:30,ECONOMY,CONFIRMED,6332,1139.76,2000,5471.76,PAID
BK01274,PS00854,FL0190,2026-06-25T12:08:00.000+05:30,ECONOMY,CONFIRMED,3991,718.38,1500,3209.38,PAID
BK01275,PS00928,FL0127,2026-07-16T01:50:00.000+05:30,ECONOMY,CONFIRMED,5144,925.92,2000,4069.92,PAID
BK01276,PS00559,FL0179,2026-05-25T17:01:00.000+05:30,ECONOMY,CONFIRMED,4385,789.3,0,5174.3,PAID
BK01277,PS00758,FL0121,2026-08-10T05:51:00.000+05:30,ECONOMY,CONFIRMED,6599,1187.82,1000,6786.82,PAID
BK01278,PS00392,FL0176,2026-07-11T02:41:00.000+05:30,ECONOMY,CANCELLED,5309,955.62,1500,4764.62,PAID
BK01279,PS00235,FL0183,2026-06-27T22:19:00.000+05:30,BUSINESS,CONFIRMED,24467,4404.06,1000,27871.06,PENDING
BK01280,PS00159,FL0178,2026-07-31T07:36:00.000+05:30,ECONOMY,CONFIRMED,4465,803.7,0,5268.7,PAID
BK01281,PS00915,FL0064,2026-07-29T02:15:00.000+05:30,BUSINESS,CONFIRMED,13695,2465.1,500,15660.1,PAID
BK01282,PS00615,FL0115,2026-07-22T21:48:00.000+05:30,BUSINESS,CONFIRMED,18831,3389.58,1000,21220.58,PAID
BK01283,PS00543,FL0043,2026-06-22T12:42:00.000+05:30,PREMIUM ECONOMY,CONFIRMED,8658,1558.44,500,9716.44,REFUNDED
BK01284,PS00849,FL0062,2026-06-02T12:00:00.000+05:30,BUSINESS,CONFIRMED,23776,4279.68,2000,26055.68,PAID
BK01285,PS00852,FL0174,2026-06-13T03:12:00.000+05:30,ECONOMY,CONFIRMED,7677,1381.86,2000,7058.86,PAID
BK01286,PS00321,FL0012,2026-08-01T23:44:00.000+05:30,ECONOMY,CONFIRMED,5123,922.14,0,6045.14,PAID
BK01287,PS00758,FL0183,2026-07-12T22:19:00.000+05:30,ECONOMY,PENDING,7018,1263.24,1000,7281.24,PAID
BK01288,PS00898,FL0134,2026-06-30T08:42:00.000+05:30,ECONOMY,CONFIRMED,4604,828.72,2000,3432.72,PAID
BK01289,PS00610,FL0128,2026-06-12T00:01:00.000+05:30,BUSINESS,CONFIRMED,13677,2461.86,1500,14638.86,PAID
BK01290,PS00424,FL0045,2026-05-20T16:40:00.000+05:30,ECONOMY,CONFIRMED,4611,829.98,1500,3940.98,PAID
BK01291,PS00074,FL0184,2026-06-20T09:58:00.000+05:30,ECONOMY,CONFIRMED,3432,617.76,1000,3049.76,PAID
BK01292,PS00005,FL0107,2026-05-25T02:22:00.000+05:30,ECONOMY,PENDING,3650,657.0,2000,2307.0,PAID
BK01293,PS00128,FL0053,2026-06-08T05:02:00.000+05:30,ECONOMY,CONFIRMED,4933,887.94,500,5320.94,PAID
BK01294,PS00418,FL0118,2026-06-29T10:51:00.000+05:30,ECONOMY,PENDING,7578,1364.04,0,8942.04,PAID
BK01295,PS00255,FL0016,2026-06-19T06:12:00.000+05:30,ECONOMY,CONFIRMED,3702,666.36,0,4368.36,PAID
BK01296,PS00781,FL0089,2026-05-16T02:36:00.000+05:30,ECONOMY,PENDING,4105,738.9,1000,3843.9,PAID
BK01297,PS00200,FL0145,2026-08-12T12:44:00.000+05:30,ECONOMY,PENDING,3846,692.28,2000,2538.28,PAID
BK01298,PS00174,FL0041,2026-07-28T01:48:00.000+05:30,BUSINESS,CONFIRMED,15901,2862.18,500,18263.18,PAID
BK01299,PS00979,FL0095,2026-05-20T03:52:00.000+05:30,FIRST,CONFIRMED,27380,4928.4,500,31808.4,PAID
BK01300,PS00577,FL0028,2026-06-17T20:11:00.000+05:30,ECONOMY,CONFIRMED,6258,1126.44,500,6884.44,PAID
BK01301,PS00197,FL0195,2026-06-18T21:13:00.000+05:30,BUSINESS,CONFIRMED,18329,3299.22,500,21128.22,PAID
BK01302,PS00921,FL0045,2026-06-13T16:40:00.000+05:30,ECONOMY,CONFIRMED,6523,1174.14,500,7197.14,PAID
BK01303,PS00085,FL0082,2026-06-09T23:43:00.000+05:30,ECONOMY,CONFIRMED,6501,1170.18,1000,6671.18,PAID
BK01304,PS00200,FL0029,2026-04-06T09:42:00.000+05:30,ECONOMY,CONFIRMED,7815,1406.7,1000,8221.7,PAID
BK01305,PS00241,FL0135,2026-06-23T12:36:00.000+05:30,ECONOMY,CONFIRMED,3186,573.48,0,3759.48,PENDING
BK01306,PS00974,FL0110,2026-07-15T10:52:00.000+05:30,ECONOMY,CONFIRMED,7434,1338.12,2000,6772.12,PAID
BK01307,PS00772,FL0189,2026-07-25T10:48:00.000+05:30,BUSINESS,CONFIRMED,13420,2415.6,500,15335.6,PAID
BK01308,PS00022,FL0168,2026-07-23T15:47:00.000+05:30,ECONOMY,CONFIRMED,7892,1420.56,0,9312.56,PAID
BK01309,PS00043,FL0010,2026-08-18T09:55:00.000+05:30,ECONOMY,CONFIRMED,3187,573.66,1000,2760.66,PAID
BK01310,PS00762,FL0180,2026-07-23T01:16:00.000+05:30,ECONOMY,CONFIRMED,7438,1338.84,1000,7776.84,PAID
BK01311,PS00016,FL0093,2026-07-06T07:37:00.000+05:30,PREMIUM ECONOMY,CONFIRMED,11075,1993.5,1000,12068.5,PAID
BK01312,PS00858,FL0075,2026-05-31T02:42:00.000+05:30,ECONOMY,CONFIRMED,4456,802.08,2000,3258.08,PAID
BK01313,PS00632,FL0009,2026-06-07T01:29:00.000+05:30,PREMIUM ECONOMY,CONFIRMED,9612,1730.16,500,10842.16,PAID
BK01314,PS00357,FL0051,2026-06-15T00:24:00.000+05:30,ECONOMY,CONFIRMED,7789,1402.02,1500,7691.02,PAID
BK01315,PS00476,FL0120,2026-07-28T21:25:00.000+05:30,ECONOMY,CONFIRMED,4064,731.52,2000,2795.52,PAID
BK01316,PS00278,FL0194,2026-05-05T06:24:00.000+05:30,ECONOMY,CONFIRMED,3278,590.04,2000,1868.04,PAID
BK01317,PS00576,FL0029,2026-06-04T09:42:00.000+05:30,ECONOMY,CONFIRMED,3000,540.0,1500,2040.0,PAID
BK01318,PS00323,FL0089,2026-08-05T02:36:00.000+05:30,PREMIUM ECONOMY,CONFIRMED,9580,1724.4,0,11304.4,PAID
BK01319,PS00733,FL0126,2026-06-25T21:39:00.000+05:30,ECONOMY,CANCELLED,5897,1061.46,2000,4958.46,PAID
BK01320,PS00906,FL0098,2026-05-05T19:28:00.000+05:30,ECONOMY,CONFIRMED,4083,734.94,500,4317.94,PAID
BK01321,PS00239,FL0081,2026-04-09T20:53:00.000+05:30,ECONOMY,CONFIRMED,5052,909.36,1000,4961.36,PAID
BK01322,PS00563,FL0170,2026-05-06T02:40:00.000+05:30,ECONOMY,CONFIRMED,6366,1145.88,500,7011.88,PAID
BK01323,PS00994,FL0103,2026-08-12T09:18:00.000+05:30,PREMIUM ECONOMY,CONFIRMED,10334,1860.12,1000,11194.12,PAID
BK01324,PS00570,FL0112,2026-06-17T02:49:00.000+05:30,ECONOMY,CONFIRMED,4208,757.44,500,4465.44,PAID
BK01325,PS00448,FL0106,2026-07-23T09:14:00.000+05:30,ECONOMY,CANCELLED,7100,1278.0,2000,6378.0,PAID
BK01326,PS00932,FL0183,2026-08-13T22:19:00.000+05:30,BUSINESS,CANCELLED,17279,3110.22,2000,18389.22,PAID
BK01327,PS00378,FL0047,2026-06-15T02:11:00.000+05:30,ECONOMY,CONFIRMED,6715,1208.7,0,7923.7,PAID
BK01328,PS00012,FL0155,2026-07-18T06:11:00.000+05:30,BUSINESS,PENDING,18968,3414.24,1000,21382.24,PAID
BK01329,PS00255,FL0021,2026-05-31T16:16:00.000+05:30,ECONOMY,CONFIRMED,6484,1167.12,1500,6151.12,PENDING
BK01330,PS00476,FL0083,2026-07-21T08:39:00.000+05:30,ECONOMY,CONFIRMED,4898,881.64,0,5779.64,PAID
BK01331,PS00896,FL0046,2026-05-29T20:49:00.000+05:30,BUSINESS,CONFIRMED,24526,4414.68,0,28940.68,PAID
BK01332,PS00148,FL0131,2026-06-23T17:30:00.000+05:30,ECONOMY,CONFIRMED,4864,875.52,1000,4739.52,PAID
BK01333,PS00632,FL0080,2026-04-24T23:54:00.000+05:30,PREMIUM ECONOMY,CONFIRMED,10799,1943.82,1500,11242.82,PAID
BK01334,PS00128,FL0006,2026-07-08T17:54:00.000+05:30,ECONOMY,PENDING,3482,626.76,0,4108.76,PAID
BK01335,PS00636,FL0099,2026-04-30T13:57:00.000+05:30,ECONOMY,CONFIRMED,4838,870.84,1500,4208.84,PAID
BK01336,PS00544,FL0002,2026-07-01T11:44:00.000+05:30,ECONOMY,CONFIRMED,3730,671.4,2000,2401.4,PAID
BK01337,PS00214,FL0195,2026-07-01T21:13:00.000+05:30,ECONOMY,CONFIRMED,3379,608.22,1500,2487.22,PAID
BK01338,PS00568,FL0121,2026-06-25T05:51:00.000+05:30,ECONOMY,CONFIRMED,4300,774.0,0,5074.0,REFUNDED
BK01339,PS00578,FL0120,2026-05-27T21:25:00.000+05:30,FIRST,CONFIRMED,34973,6295.14,2000,39268.14,PAID
BK01340,PS00997,FL0125,2026-07-03T07:26:00.000+05:30,ECONOMY,CONFIRMED,4552,819.36,2000,3371.36,PAID
BK01341,PS00114,FL0144,2026-06-16T23:06:00.000+05:30,ECONOMY,CONFIRMED,5359,964.62,1000,5323.62,PAID
BK01342,PS00717,FL0011,2026-04-18T00:09:00.000+05:30,ECONOMY,CANCELLED,3597,647.46,1500,2744.46,PAID
BK01343,PS00750,FL0113,2026-04-10T11:26:00.000+05:30,ECONOMY,CONFIRMED,6698,1205.64,1500,6403.64,PAID
BK01344,PS00519,FL0117,2026-08-09T05:35:00.000+05:30,BUSINESS,CONFIRMED,24841,4471.38,1000,28312.38,PAID
BK01345,PS00414,FL0100,2026-06-13T18:25:00.000+05:30,ECONOMY,CONFIRMED,6410,1153.8,2000,5563.8,PAID
BK01346,PS00442,FL0108,2026-08-21T13:18:00.000+05:30,ECONOMY,CONFIRMED,3310,595.8,0,3905.8,PAID
BK01347,PS00361,FL0057,2026-07-02T08:35:00.000+05:30,ECONOMY,CONFIRMED,7599,1367.82,500,8466.82,PAID
BK01348,PS00731,FL0183,2026-08-12T22:19:00.000+05:30,ECONOMY,CONFIRMED,4127,742.86,1000,3869.86,PAID
BK01349,PS00110,FL0039,2026-06-01T01:47:00.000+05:30,ECONOMY,CONFIRMED,4578,824.04,1000,4402.04,PAID
BK01350,PS00811,FL0095,2026-05-02T03:52:00.000+05:30,ECONOMY,CONFIRMED,6540,1177.2,2000,5717.2,PAID
BK01351,PS00718,FL0063,2026-05-14T23:44:00.000+05:30,BUSINESS,CONFIRMED,22650,4077.0,2000,24727.0,PAID
BK01352,PS00439,FL0166,2026-05-17T19:03:00.000+05:30,BUSINESS,PENDING,14937,2688.66,500,17125.66,PAID
BK01353,PS00124,FL0020,2026-06-07T17:18:00.000+05:30,BUSINESS,CONFIRMED,12856,2314.08,1500,13670.08,PAID
BK01354,PS00926,FL0084,2026-06-25T23:01:00.000+05:30,BUSINESS,CONFIRMED,24427,4396.86,1000,27823.86,PAID
BK01355,PS00294,FL0126,2026-04-26T21:39:00.000+05:30,ECONOMY,CONFIRMED,6487,1167.66,1000,6654.66,PAID
BK01356,PS00387,FL0018,2026-05-08T15:36:00.000+05:30,ECONOMY,CONFIRMED,7134,1284.12,2000,6418.12,PAID
BK01357,PS00440,FL0173,2026-07-26T09:11:00.000+05:30,ECONOMY,PENDING,7936,1428.48,2000,7364.48,PAID
BK01358,PS00408,FL0011,2026-07-07T00:09:00.000+05:30,ECONOMY,CONFIRMED,5636,1014.48,1500,5150.48,PAID
BK01359,PS00299,FL0129,2026-04-17T13:09:00.000+05:30,ECONOMY,CONFIRMED,7568,1362.24,500,8430.24,PAID
BK01360,PS00319,FL0046,2026-07-27T20:49:00.000+05:30,PREMIUM ECONOMY,CONFIRMED,8050,1449.0,500,8999.0,PAID
BK01361,PS00988,FL0056,2026-08-09T11:12:00.000+05:30,ECONOMY,CONFIRMED,5033,905.94,500,5438.94,PAID
BK01362,PS00455,FL0039,2026-06-06T01:47:00.000+05:30,ECONOMY,CONFIRMED,3635,654.3,1500,2789.3,PAID
BK01363,PS00276,FL0006,2026-06-30T17:54:00.000+05:30,ECONOMY,CONFIRMED,7509,1351.62,1000,7860.62,PAID
BK01364,PS00705,FL0065,2026-08-06T03:33:00.000+05:30,BUSINESS,CONFIRMED,20992,3778.56,500,24270.56,PAID
BK01365,PS00250,FL0098,2026-07-04T19:28:00.000+05:30,ECONOMY,CONFIRMED,5990,1078.2,1000,6068.2,PENDING
BK01366,PS00673,FL0003,2026-06-10T09:26:00.000+05:30,ECONOMY,CANCELLED,4352,783.36,2000,3135.36,PAID
BK01367,PS00384,FL0158,2026-07-20T23:39:00.000+05:30,ECONOMY,PENDING,5259,946.62,1000,5205.62,PAID
BK01368,PS00700,FL0157,2026-04-25T00:55:00.000+05:30,FIRST,CONFIRMED,26268,4728.24,0,30996.24,PAID
BK01369,PS00860,FL0192,2026-05-25T12:51:00.000+05:30,ECONOMY,CONFIRMED,7283,1310.94,500,8093.94,PAID
BK01370,PS00698,FL0029,2026-05-07T09:42:00.000+05:30,ECONOMY,CONFIRMED,5860,1054.8,500,6414.8,PAID
BK01371,PS00571,FL0164,2026-05-04T01:16:00.000+05:30,ECONOMY,CONFIRMED,5273,949.14,2000,4222.14,PAID
BK01372,PS00924,FL0104,2026-05-14T13:10:00.000+05:30,ECONOMY,CONFIRMED,4599,827.82,500,4926.82,PENDING
BK01373,PS00895,FL0066,2026-06-10T05:19:00.000+05:30,ECONOMY,CONFIRMED,5477,985.86,500,5962.86,PAID
BK01374,PS00201,FL0188,2026-05-11T03:01:00.000+05:30,ECONOMY,CONFIRMED,4789,862.02,2000,3651.02,PAID
BK01375,PS00831,FL0168,2026-06-07T15:47:00.000+05:30,BUSINESS,CONFIRMED,22314,4016.52,1000,25330.52,PAID
BK01376,PS00188,FL0175,2026-05-27T20:18:00.000+05:30,ECONOMY,PENDING,4812,866.16,0,5678.16,REFUNDED
BK01377,PS00630,FL0177,2026-07-30T07:12:00.000+05:30,ECONOMY,CONFIRMED,3840,691.2,2000,2531.2,PAID
BK01378,PS00214,FL0091,2026-06-25T21:07:00.000+05:30,ECONOMY,PENDING,4382,788.76,0,5170.76,PAID
BK01379,PS00612,FL0085,2026-06-29T06:23:00.000+05:30,ECONOMY,PENDING,3893,700.74,2000,2593.74,PAID
BK01380,PS00817,FL0157,2026-05-04T00:55:00.000+05:30,PREMIUM ECONOMY,CONFIRMED,10043,1807.74,1000,10850.74,PAID
BK01381,PS00204,FL0159,2026-05-06T00:44:00.000+05:30,ECONOMY,CONFIRMED,4249,764.82,0,5013.82,PAID
BK01382,PS00235,FL0171,2026-05-04T15:42:00.000+05:30,BUSINESS,CONFIRMED,16376,2947.68,500,18823.68,PAID
BK01383,PS00955,FL0163,2026-08-02T08:18:00.000+05:30,ECONOMY,CONFIRMED,3945,710.1,0,4655.1,PAID
BK01384,PS00565,FL0180,2026-06-20T01:16:00.000+05:30,ECONOMY,CONFIRMED,4996,899.28,500,5395.28,REFUNDED
BK01385,PS00740,FL0148,2026-07-07T19:51:00.000+05:30,BUSINESS,CONFIRMED,22692,4084.56,0,26776.56,PAID
BK01386,PS00838,FL0079,2026-05-02T02:26:00.000+05:30,ECONOMY,CONFIRMED,5293,952.74,2000,4245.74,PAID
BK01387,PS00349,FL0073,2026-04-14T20:34:00.000+05:30,ECONOMY,CONFIRMED,5329,959.22,2000,4288.22,PAID
BK01388,PS00052,FL0140,2026-05-16T23:49:00.000+05:30,BUSINESS,PENDING,24606,4429.08,0,29035.08,REFUNDED
BK01389,PS00656,FL0157,2026-04-15T00:55:00.000+05:30,ECONOMY,CONFIRMED,3585,645.3,1000,3230.3,PAID
BK01390,PS00591,FL0191,2026-05-08T00:54:00.000+05:30,PREMIUM ECONOMY,CONFIRMED,10178,1832.04,2000,10010.04,PENDING
BK01391,PS00751,FL0060,2026-05-10T10:13:00.000+05:30,PREMIUM ECONOMY,CONFIRMED,8731,1571.58,1000,9302.58,PAID
BK01392,PS00019,FL0036,2026-08-15T16:28:00.000+05:30,ECONOMY,CONFIRMED,4100,738.0,2000,2838.0,PAID
BK01393,PS00174,FL0014,2026-05-07T13:07:00.000+05:30,ECONOMY,CONFIRMED,4092,736.56,0,4828.56,PAID
BK01394,PS00718,FL0156,2026-07-25T04:18:00.000+05:30,PREMIUM ECONOMY,CONFIRMED,10589,1906.02,1000,11495.02,PAID
BK01395,PS00651,FL0186,2026-07-01T08:30:00.000+05:30,ECONOMY,CONFIRMED,7562,1361.16,500,8423.16,PAID
BK01396,PS00450,FL0143,2026-06-03T16:54:00.000+05:30,FIRST,CONFIRMED,31138,5604.84,0,36742.84,REFUNDED
BK01397,PS00381,FL0014,2026-05-26T13:07:00.000+05:30,ECONOMY,PENDING,3666,659.88,1000,3325.88,PAID
BK01398,PS00496,FL0040,2026-08-12T17:55:00.000+05:30,BUSINESS,CONFIRMED,24806,4465.08,1500,27771.08,PAID
BK01399,PS00105,FL0106,2026-07-27T09:14:00.000+05:30,ECONOMY,CONFIRMED,5625,1012.5,500,6137.5,PAID
BK01400,PS00520,FL0176,2026-06-23T02:41:00.000+05:30,ECONOMY,CONFIRMED,4762,857.16,500,5119.16,PAID
BK01401,PS00187,FL0032,2026-08-08T00:14:00.000+05:30,ECONOMY,CONFIRMED,3075,553.5,1000,2628.5,PENDING
BK01402,PS01000,FL0130,2026-06-10T16:26:00.000+05:30,BUSINESS,PENDING,17513,3152.34,2000,18665.34,PAID
BK01403,PS00187,FL0200,2026-07-10T07:44:00.000+05:30,ECONOMY,CONFIRMED,4629,833.22,1500,3962.22,PENDING
BK01404,PS00615,FL0036,2026-07-08T16:28:00.000+05:30,BUSINESS,CONFIRMED,18874,3397.32,0,22271.32,PAID
BK01405,PS00063,FL0114,2026-08-03T15:23:00.000+05:30,ECONOMY,CONFIRMED,5425,976.5,0,6401.5,PAID
BK01406,PS00511,FL0168,2026-04-12T15:47:00.000+05:30,BUSINESS,PENDING,16592,2986.56,2000,17578.56,PAID
BK01407,PS00386,FL0068,2026-06-14T15:44:00.000+05:30,ECONOMY,CONFIRMED,4586,825.48,2000,3411.48,PAID
BK01408,PS00079,FL0025,2026-07-26T17:16:00.000+05:30,PREMIUM ECONOMY,CONFIRMED,11946,2150.28,2000,12096.28,PAID
BK01409,PS00225,FL0008,2026-07-24T07:56:00.000+05:30,ECONOMY,CONFIRMED,4081,734.58,1500,3315.58,PAID
BK01410,PS00425,FL0034,2026-08-10T15:35:00.000+05:30,BUSINESS,CONFIRMED,19917,3585.06,1000,22502.06,PAID
BK01411,PS00241,FL0139,2026-08-11T12:04:00.000+05:30,ECONOMY,CONFIRMED,6850,1233.0,2000,6083.0,PAID
BK01412,PS00015,FL0122,2026-04-23T06:56:00.000+05:30,ECONOMY,CONFIRMED,4024,724.32,0,4748.32,PAID
BK01413,PS00460,FL0143,2026-05-01T16:54:00.000+05:30,ECONOMY,CONFIRMED,6108,1099.44,1000,6207.44,PAID
BK01414,PS00458,FL0079,2026-08-15T02:26:00.000+05:30,ECONOMY,CONFIRMED,7476,1345.68,2000,6821.68,PAID
BK01415,PS00421,FL0086,2026-05-17T13:16:00.000+05:30,ECONOMY,CONFIRMED,7522,1353.96,500,8375.96,PAID
BK01416,PS00108,FL0058,2026-04-11T08:10:00.000+05:30,BUSINESS,CANCELLED,21345,3842.1,2000,23187.1,PENDING
BK01417,PS00381,FL0054,2026-05-25T10:45:00.000+05:30,ECONOMY,CONFIRMED,3205,576.9,0,3781.9,PAID
BK01418,PS00457,FL0041,2026-07-12T01:48:00.000+05:30,ECONOMY,CONFIRMED,6267,1128.06,1500,5895.06,PAID
BK01419,PS00371,FL0109,2026-07-26T05:41:00.000+05:30,ECONOMY,CONFIRMED,7616,1370.88,0,8986.88,PAID
BK01420,PS00541,FL0066,2026-07-20T05:19:00.000+05:30,ECONOMY,CONFIRMED,3011,541.98,500,3052.98,PAID
BK01421,PS00879,FL0068,2026-06-03T15:44:00.000+05:30,ECONOMY,CONFIRMED,7476,1345.68,1500,7321.68,PAID
BK01422,PS00141,FL0095,2026-07-04T03:52:00.000+05:30,ECONOMY,CONFIRMED,5392,970.56,1000,5362.56,PAID
BK01423,PS00020,FL0143,2026-06-11T16:54:00.000+05:30,ECONOMY,CANCELLED,7081,1274.58,1000,7355.58,PENDING
BK01424,PS00957,FL0193,2026-05-22T01:05:00.000+05:30,ECONOMY,CONFIRMED,4833,869.94,1000,4702.94,REFUNDED
BK01425,PS00601,FL0160,2026-04-27T03:28:00.000+05:30,ECONOMY,CONFIRMED,3647,656.46,1500,2803.46,PAID
BK01426,PS00955,FL0195,2026-07-21T21:13:00.000+05:30,ECONOMY,CONFIRMED,4936,888.48,2000,3824.48,PAID
BK01427,PS00245,FL0039,2026-06-22T01:47:00.000+05:30,ECONOMY,CONFIRMED,5329,959.22,2000,4288.22,PAID
BK01428,PS00686,FL0084,2026-06-24T23:01:00.000+05:30,ECONOMY,CONFIRMED,7974,1435.32,2000,7409.32,PAID
BK01429,PS00952,FL0148,2026-08-12T19:51:00.000+05:30,ECONOMY,CONFIRMED,5969,1074.42,500,6543.42,PAID
BK01430,PS00227,FL0187,2026-04-10T10:08:00.000+05:30,ECONOMY,PENDING,5300,954.0,0,6254.0,PAID
BK01431,PS01000,FL0123,2026-08-17T22:32:00.000+05:30,ECONOMY,CONFIRMED,5554,999.72,1500,5053.72,PAID
BK01432,PS00205,FL0150,2026-08-02T01:07:00.000+05:30,ECONOMY,CONFIRMED,7317,1317.06,0,8634.06,PAID
BK01433,PS00747,FL0043,2026-07-20T12:42:00.000+05:30,ECONOMY,CONFIRMED,6014,1082.52,1500,5596.52,PAID
BK01434,PS00820,FL0059,2026-07-23T04:58:00.000+05:30,ECONOMY,CONFIRMED,4916,884.88,1500,4300.88,PAID
BK01435,PS00813,FL0038,2026-06-08T08:19:00.000+05:30,ECONOMY,CONFIRMED,6358,1144.44,0,7502.44,PAID
BK01436,PS00595,FL0112,2026-05-27T02:49:00.000+05:30,ECONOMY,CONFIRMED,7748,1394.64,2000,7142.64,PENDING
BK01437,PS00516,FL0063,2026-05-12T23:44:00.000+05:30,PREMIUM ECONOMY,CONFIRMED,11687,2103.66,2000,11790.66,PAID
BK01438,PS00624,FL0080,2026-07-22T23:54:00.000+05:30,ECONOMY,CONFIRMED,6858,1234.44,500,7592.44,PENDING
BK01439,PS00888,FL0160,2026-04-27T03:28:00.000+05:30,BUSINESS,CONFIRMED,14932,2687.76,2000,15619.76,PAID
BK01440,PS00876,FL0185,2026-04-29T12:51:00.000+05:30,BUSINESS,CONFIRMED,20141,3625.38,1000,22766.38,PAID
BK01441,PS00327,FL0111,2026-07-21T07:32:00.000+05:30,ECONOMY,CONFIRMED,6638,1194.84,1000,6832.84,PAID
BK01442,PS00189,FL0143,2026-07-04T16:54:00.000+05:30,ECONOMY,CONFIRMED,6278,1130.04,2000,5408.04,PAID
BK01443,PS00192,FL0111,2026-05-31T07:32:00.000+05:30,ECONOMY,CONFIRMED,3504,630.72,500,3634.72,PAID
BK01444,PS00365,FL0095,2026-08-01T03:52:00.000+05:30,ECONOMY,CONFIRMED,6557,1180.26,1000,6737.26,PAID
BK01445,PS00286,FL0196,2026-05-31T00:36:00.000+05:30,ECONOMY,CONFIRMED,3418,615.24,1000,3033.24,PAID
BK01446,PS00112,FL0058,2026-04-26T08:10:00.000+05:30,PREMIUM ECONOMY,PENDING,11682,2102.76,1500,12284.76,PAID
BK01447,PS00357,FL0123,2026-05-28T22:32:00.000+05:30,ECONOMY,CONFIRMED,6373,1147.14,2000,5520.14,PAID
BK01448,PS00806,FL0081,2026-06-19T20:53:00.000+05:30,ECONOMY,CONFIRMED,4744,853.92,0,5597.92,PAID
BK01449,PS00632,FL0046,2026-07-16T20:49:00.000+05:30,BUSINESS,CONFIRMED,22150,3987.0,500,25637.0,PAID
BK01450,PS00719,FL0119,2026-05-09T23:00:00.000+05:30,FIRST,CONFIRMED,26789,4822.02,500,31111.02,PAID
BK01451,PS00702,FL0053,2026-07-21T05:02:00.000+05:30,ECONOMY,CONFIRMED,5063,911.34,1000,4974.34,PAID
BK01452,PS00775,FL0070,2026-07-30T01:52:00.000+05:30,ECONOMY,CONFIRMED,5053,909.54,0,5962.54,PAID
BK01453,PS00258,FL0030,2026-05-14T04:05:00.000+05:30,BUSINESS,CONFIRMED,24803,4464.54,1000,28267.54,PAID
BK01454,PS00996,FL0034,2026-07-03T15:35:00.000+05:30,ECONOMY,CONFIRMED,5828,1049.04,0,6877.04,PAID
BK01455,PS00131,FL0107,2026-08-09T02:22:00.000+05:30,PREMIUM ECONOMY,CONFIRMED,10873,1957.14,1000,11830.14,PAID
BK01456,PS00763,FL0103,2026-06-28T09:18:00.000+05:30,BUSINESS,CONFIRMED,12477,2245.86,1500,13222.86,PAID
BK01457,PS00050,FL0128,2026-07-02T00:01:00.000+05:30,ECONOMY,CONFIRMED,3876,697.68,0,4573.68,REFUNDED
BK01458,PS00465,FL0074,2026-08-15T06:02:00.000+05:30,BUSINESS,CONFIRMED,19625,3532.5,0,23157.5,PENDING
BK01459,PS00129,FL0156,2026-08-15T04:18:00.000+05:30,ECONOMY,CONFIRMED,7202,1296.36,1500,6998.36,PENDING
BK01460,PS00533,FL0195,2026-07-20T21:13:00.000+05:30,FIRST,CONFIRMED,38067,6852.06,500,44419.06,PAID
BK01461,PS00648,FL0098,2026-07-25T19:28:00.000+05:30,ECONOMY,CONFIRMED,6419,1155.42,1000,6574.42,PENDING
BK01462,PS00475,FL0016,2026-06-16T06:12:00.000+05:30,PREMIUM ECONOMY,PENDING,8752,1575.36,500,9827.36,PAID
BK01463,PS00370,FL0122,2026-04-13T06:56:00.000+05:30,ECONOMY,CONFIRMED,3129,563.22,1500,2192.22,PAID
BK01464,PS00845,FL0146,2026-06-03T07:42:00.000+05:30,PREMIUM ECONOMY,CONFIRMED,9069,1632.42,2000,8701.42,PAID
BK01465,PS00250,FL0009,2026-07-25T01:29:00.000+05:30,ECONOMY,PENDING,5479,986.22,2000,4465.22,PAID
BK01466,PS00328,FL0130,2026-06-01T16:26:00.000+05:30,PREMIUM ECONOMY,PENDING,10752,1935.36,2000,10687.36,PENDING
BK01467,PS00311,FL0154,2026-07-07T18:41:00.000+05:30,ECONOMY,CANCELLED,6292,1132.56,1000,6424.56,PENDING
BK01468,PS00437,FL0193,2026-07-18T01:05:00.000+05:30,PREMIUM ECONOMY,CONFIRMED,11494,2068.92,2000,11562.92,PAID
BK01469,PS00837,FL0033,2026-08-01T08:26:00.000+05:30,ECONOMY,CONFIRMED,7934,1428.12,0,9362.12,PAID
BK01470,PS00070,FL0096,2026-06-26T20:50:00.000+05:30,BUSINESS,CONFIRMED,20279,3650.22,2000,21929.22,PAID
BK01471,PS00949,FL0200,2026-05-15T07:44:00.000+05:30,PREMIUM ECONOMY,CONFIRMED,11733,2111.94,500,13344.94,PAID
BK01472,PS00898,FL0009,2026-04-16T01:29:00.000+05:30,ECONOMY,CONFIRMED,4843,871.74,500,5214.74,PAID
BK01473,PS00654,FL0144,2026-07-15T23:06:00.000+05:30,BUSINESS,CONFIRMED,24067,4332.06,500,27899.06,PAID
BK01474,PS00797,FL0139,2026-08-17T12:04:00.000+05:30,ECONOMY,CONFIRMED,3452,621.36,0,4073.36,PAID
BK01475,PS00661,FL0035,2026-07-09T03:33:00.000+05:30,FIRST,CONFIRMED,36415,6554.7,2000,40969.7,PAID
BK01476,PS00231,FL0188,2026-05-20T03:01:00.000+05:30,ECONOMY,CONFIRMED,4381,788.58,500,4669.58,PAID
BK01477,PS00360,FL0183,2026-07-24T22:19:00.000+05:30,BUSINESS,CONFIRMED,13232,2381.76,500,15113.76,PENDING
BK01478,PS00508,FL0090,2026-05-30T21:05:00.000+05:30,ECONOMY,CONFIRMED,6856,1234.08,0,8090.08,PAID
BK01479,PS00566,FL0082,2026-06-28T23:43:00.000+05:30,ECONOMY,CONFIRMED,5767,1038.06,2000,4805.06,PAID
BK01480,PS00030,FL0094,2026-07-03T06:12:00.000+05:30,ECONOMY,CONFIRMED,3636,654.48,500,3790.48,PAID
BK01481,PS00046,FL0008,2026-06-16T07:56:00.000+05:30,ECONOMY,CONFIRMED,3412,614.16,2000,2026.16,PAID
BK01482,PS00612,FL0072,2026-05-28T10:20:00.000+05:30,ECONOMY,PENDING,7215,1298.7,0,8513.7,PAID
BK01483,PS00294,FL0069,2026-07-08T23:07:00.000+05:30,ECONOMY,CONFIRMED,5404,972.72,2000,4376.72,PAID
BK01484,PS00111,FL0013,2026-05-13T01:09:00.000+05:30,BUSINESS,CONFIRMED,13419,2415.42,0,15834.42,PAID
BK01485,PS00585,FL0190,2026-05-11T12:08:00.000+05:30,ECONOMY,CONFIRMED,7497,1349.46,0,8846.46,PAID
BK01486,PS00860,FL0074,2026-06-30T06:02:00.000+05:30,BUSINESS,PENDING,20746,3734.28,1000,23480.28,PAID
BK01487,PS00599,FL0004,2026-05-11T03:45:00.000+05:30,BUSINESS,CONFIRMED,15846,2852.28,1000,17698.28,PAID
BK01488,PS00481,FL0132,2026-04-25T20:02:00.000+05:30,ECONOMY,CONFIRMED,3576,643.68,0,4219.68,PAID
BK01489,PS00338,FL0056,2026-08-12T11:12:00.000+05:30,ECONOMY,CONFIRMED,7524,1354.32,1500,7378.32,PENDING
BK01490,PS00282,FL0186,2026-05-06T08:30:00.000+05:30,BUSINESS,CONFIRMED,23090,4156.2,500,26746.2,PAID
BK01491,PS00565,FL0154,2026-04-19T18:41:00.000+05:30,ECONOMY,CONFIRMED,3592,646.56,2000,2238.56,PAID
BK01492,PS00610,FL0036,2026-07-21T16:28:00.000+05:30,ECONOMY,CANCELLED,4517,813.06,0,5330.06,PAID
BK01493,PS00318,FL0166,2026-05-02T19:03:00.000+05:30,ECONOMY,CONFIRMED,7296,1313.28,500,8109.28,PAID
BK01494,PS00742,FL0187,2026-06-10T10:08:00.000+05:30,ECONOMY,CANCELLED,3736,672.48,1500,2908.48,PAID
BK01495,PS00398,FL0177,2026-07-01T07:12:00.000+05:30,BUSINESS,CONFIRMED,18139,3265.02,1000,20404.02,PAID
BK01496,PS00850,FL0051,2026-04-29T00:24:00.000+05:30,ECONOMY,CONFIRMED,4466,803.88,1000,4269.88,PAID
BK01497,PS00418,FL0109,2026-05-18T05:41:00.000+05:30,ECONOMY,CONFIRMED,4044,727.92,1500,3271.92,PAID
BK01498,PS00633,FL0090,2026-05-12T21:05:00.000+05:30,ECONOMY,CONFIRMED,4201,756.18,2000,2957.18,PAID
BK01499,PS00083,FL0194,2026-06-13T06:24:00.000+05:30,PREMIUM ECONOMY,CONFIRMED,10577,1903.86,2000,10480.86,PENDING
BK01500,PS00362,FL0136,2026-07-12T00:00:00.000+05:30,ECONOMY,CONFIRMED,7168,1290.24,0,8458.24,PAID
BK01501,PS00804,FL0037,2026-05-23T18:43:00.000+05:30,ECONOMY,CANCELLED,3555,639.9,0,4194.9,PAID
BK01502,PS00173,FL0123,2026-07-08T22:32:00.000+05:30,ECONOMY,CONFIRMED,5086,915.48,500,5501.48,PAID
BK01503,PS00418,FL0094,2026-05-14T06:12:00.000+05:30,ECONOMY,CONFIRMED,7778,1400.04,1000,8178.04,PAID
BK01504,PS00310,FL0192,2026-05-15T12:51:00.000+05:30,ECONOMY,CONFIRMED,6196,1115.28,0,7311.28,PAID
BK01505,PS00187,FL0084,2026-07-12T23:01:00.000+05:30,ECONOMY,CONFIRMED,3284,591.12,1000,2875.12,PAID
BK01506,PS00078,FL0123,2026-06-20T22:32:00.000+05:30,ECONOMY,CONFIRMED,6094,1096.92,500,6690.92,PAID
BK01507,PS00022,FL0127,2026-07-14T01:50:00.000+05:30,ECONOMY,CONFIRMED,5563,1001.34,2000,4564.34,PAID
BK01508,PS00295,FL0014,2026-06-06T13:07:00.000+05:30,BUSINESS,CONFIRMED,13286,2391.48,1000,14677.48,PAID
BK01509,PS00787,FL0094,2026-08-12T06:12:00.000+05:30,ECONOMY,CONFIRMED,5426,976.68,500,5902.68,PAID
BK01510,PS00269,FL0077,2026-06-11T02:30:00.000+05:30,ECONOMY,CONFIRMED,7243,1303.74,1000,7546.74,PAID
BK01511,PS00735,FL0115,2026-05-31T21:48:00.000+05:30,PREMIUM ECONOMY,CONFIRMED,10072,1812.96,500,11384.96,PAID
BK01512,PS00688,FL0121,2026-06-18T05:51:00.000+05:30,ECONOMY,CONFIRMED,7073,1273.14,500,7846.14,PAID
BK01513,PS00593,FL0003,2026-08-08T09:26:00.000+05:30,ECONOMY,CONFIRMED,6275,1129.5,1000,6404.5,PAID
BK01514,PS00095,FL0143,2026-07-30T16:54:00.000+05:30,BUSINESS,CONFIRMED,12550,2259.0,0,14809.0,PAID
BK01515,PS00772,FL0184,2026-08-01T09:58:00.000+05:30,ECONOMY,PENDING,6919,1245.42,0,8164.42,PAID
BK01516,PS00536,FL0161,2026-06-03T20:10:00.000+05:30,ECONOMY,CONFIRMED,6480,1166.4,1000,6646.4,PAID
BK01517,PS00860,FL0041,2026-06-29T01:48:00.000+05:30,ECONOMY,CONFIRMED,4926,886.68,1000,4812.68,PAID
BK01518,PS00247,FL0129,2026-07-17T13:09:00.000+05:30,ECONOMY,CONFIRMED,4300,774.0,1000,4074.0,PAID
BK01519,PS00122,FL0077,2026-06-11T02:30:00.000+05:30,ECONOMY,CONFIRMED,3496,629.28,0,4125.28,PAID
BK01520,PS00794,FL0188,2026-06-11T03:01:00.000+05:30,BUSINESS,CONFIRMED,12557,2260.26,500,14317.26,PAID
BK01521,PS00801,FL0025,2026-05-01T17:16:00.000+05:30,BUSINESS,CONFIRMED,22002,3960.36,500,25462.36,PAID
BK01522,PS00265,FL0162,2026-05-29T12:14:00.000+05:30,BUSINESS,CONFIRMED,12573,2263.14,1500,13336.14,PAID
BK01523,PS00763,FL0036,2026-06-28T16:28:00.000+05:30,ECONOMY,CONFIRMED,3211,577.98,1500,2288.98,PAID
BK01524,PS00144,FL0150,2026-05-29T01:07:00.000+05:30,ECONOMY,CANCELLED,4427,796.86,1500,3723.86,PAID
BK01525,PS00043,FL0139,2026-06-28T12:04:00.000+05:30,ECONOMY,CONFIRMED,5664,1019.52,0,6683.52,PAID
BK01526,PS00984,FL0008,2026-08-17T07:56:00.000+05:30,ECONOMY,PENDING,6105,1098.9,2000,5203.9,PAID
BK01527,PS00643,FL0140,2026-06-15T23:49:00.000+05:30,ECONOMY,PENDING,4007,721.26,500,4228.26,PAID
BK01528,PS00436,FL0013,2026-06-05T01:09:00.000+05:30,ECONOMY,CONFIRMED,3497,629.46,1500,2626.46,PAID
BK01529,PS00381,FL0178,2026-04-18T07:36:00.000+05:30,ECONOMY,CONFIRMED,3251,585.18,500,3336.18,PAID
BK01530,PS00107,FL0090,2026-08-16T21:05:00.000+05:30,ECONOMY,CONFIRMED,3913,704.34,500,4117.34,PAID
BK01531,PS00939,FL0051,2026-08-09T00:24:00.000+05:30,ECONOMY,CONFIRMED,3644,655.92,1000,3299.92,PAID
BK01532,PS00393,FL0047,2026-08-07T02:11:00.000+05:30,PREMIUM ECONOMY,CONFIRMED,9033,1625.94,0,10658.94,PAID
BK01533,PS00154,FL0023,2026-06-15T20:11:00.000+05:30,PREMIUM ECONOMY,CONFIRMED,8136,1464.48,1500,8100.48,PAID
BK01534,PS00791,FL0117,2026-06-10T05:35:00.000+05:30,ECONOMY,CONFIRMED,5481,986.58,0,6467.58,PAID
BK01535,PS00379,FL0177,2026-08-01T07:12:00.000+05:30,ECONOMY,CONFIRMED,4288,771.84,2000,3059.84,PAID
BK01536,PS00316,FL0102,2026-06-25T16:29:00.000+05:30,ECONOMY,CONFIRMED,5679,1022.22,0,6701.22,PAID
BK01537,PS00159,FL0110,2026-07-06T10:52:00.000+05:30,ECONOMY,CONFIRMED,7334,1320.12,1000,7654.12,PAID
BK01538,PS00472,FL0116,2026-06-25T12:06:00.000+05:30,BUSINESS,CONFIRMED,22587,4065.66,1000,25652.66,PAID
BK01539,PS00550,FL0073,2026-04-22T20:34:00.000+05:30,ECONOMY,CONFIRMED,6944,1249.92,500,7693.92,PAID
BK01540,PS00968,FL0197,2026-08-02T20:31:00.000+05:30,PREMIUM ECONOMY,CONFIRMED,11239,2023.02,1000,12262.02,PENDING
BK01541,PS00478,FL0155,2026-05-05T06:11:00.000+05:30,BUSINESS,CONFIRMED,14614,2630.52,1000,16244.52,PAID
BK01542,PS00976,FL0144,2026-07-27T23:06:00.000+05:30,BUSINESS,CONFIRMED,18522,3333.96,500,21355.96,PAID
BK01543,PS00873,FL0035,2026-06-20T03:33:00.000+05:30,ECONOMY,CONFIRMED,7000,1260.0,2000,6260.0,PAID
BK01544,PS00401,FL0176,2026-08-11T02:41:00.000+05:30,ECONOMY,PENDING,6800,1224.0,500,7524.0,PENDING
BK01545,PS00798,FL0059,2026-04-19T04:58:00.000+05:30,ECONOMY,CONFIRMED,7648,1376.64,0,9024.64,PAID
BK01546,PS00990,FL0055,2026-06-05T04:48:00.000+05:30,ECONOMY,PENDING,4430,797.4,2000,3227.4,PAID
BK01547,PS00998,FL0145,2026-06-09T12:44:00.000+05:30,PREMIUM ECONOMY,CONFIRMED,11045,1988.1,1000,12033.1,PAID
BK01548,PS00631,FL0032,2026-06-01T00:14:00.000+05:30,PREMIUM ECONOMY,CONFIRMED,8279,1490.22,1500,8269.22,PAID
BK01549,PS00835,FL0071,2026-05-24T13:39:00.000+05:30,ECONOMY,CONFIRMED,7217,1299.06,1000,7516.06,PAID
BK01550,PS00097,FL0142,2026-06-20T17:53:00.000+05:30,BUSINESS,CONFIRMED,20005,3600.9,1500,22105.9,PAID
BK01551,PS00411,FL0049,2026-07-12T18:21:00.000+05:30,ECONOMY,CONFIRMED,7607,1369.26,1000,7976.26,PAID
BK01552,PS00203,FL0091,2026-06-13T21:07:00.000+05:30,ECONOMY,CONFIRMED,7135,1284.3,1000,7419.3,PAID
BK01553,PS00005,FL0067,2026-07-13T02:49:00.000+05:30,ECONOMY,CONFIRMED,4246,764.28,1000,4010.28,PAID
BK01554,PS00417,FL0196,2026-07-19T00:36:00.000+05:30,ECONOMY,CONFIRMED,5711,1027.98,0,6738.98,PAID
BK01555,PS00362,FL0100,2026-05-06T18:25:00.000+05:30,ECONOMY,CONFIRMED,6859,1234.62,0,8093.62,PAID
BK01556,PS00044,FL0055,2026-06-14T04:48:00.000+05:30,ECONOMY,CONFIRMED,3267,588.06,1500,2355.06,PAID
BK01557,PS00406,FL0134,2026-04-27T08:42:00.000+05:30,ECONOMY,CONFIRMED,7993,1438.74,500,8931.74,PAID
BK01558,PS00210,FL0154,2026-04-08T18:41:00.000+05:30,ECONOMY,CANCELLED,3144,565.92,1000,2709.92,PAID
BK01559,PS00533,FL0057,2026-08-20T08:35:00.000+05:30,ECONOMY,CONFIRMED,5296,953.28,0,6249.28,PAID
BK01560,PS00339,FL0125,2026-07-08T07:26:00.000+05:30,BUSINESS,CONFIRMED,24909,4483.62,1500,27892.62,PAID
BK01561,PS00495,FL0003,2026-06-26T09:26:00.000+05:30,FIRST,CONFIRMED,37187,6693.66,500,43380.66,PAID
BK01562,PS00723,FL0151,2026-07-30T13:13:00.000+05:30,BUSINESS,CONFIRMED,17397,3131.46,2000,18528.46,PAID
BK01563,PS00667,FL0195,2026-07-30T21:13:00.000+05:30,ECONOMY,CONFIRMED,4734,852.12,1000,4586.12,PAID
BK01564,PS00849,FL0071,2026-07-08T13:39:00.000+05:30,FIRST,CONFIRMED,38080,6854.4,1500,43434.4,PAID
BK01565,PS00521,FL0012,2026-04-28T23:44:00.000+05:30,ECONOMY,CONFIRMED,4641,835.38,0,5476.38,PENDING
BK01566,PS00873,FL0164,2026-07-31T01:16:00.000+05:30,ECONOMY,CONFIRMED,4825,868.5,500,5193.5,PAID
BK01567,PS00872,FL0182,2026-06-17T15:10:00.000+05:30,ECONOMY,CONFIRMED,4660,838.8,1000,4498.8,PAID
BK01568,PS00110,FL0007,2026-07-04T19:26:00.000+05:30,PREMIUM ECONOMY,CONFIRMED,8288,1491.84,500,9279.84,PAID
BK01569,PS00968,FL0104,2026-06-15T13:10:00.000+05:30,ECONOMY,PENDING,3245,584.1,0,3829.1,PAID
BK01570,PS00214,FL0124,2026-06-30T21:31:00.000+05:30,ECONOMY,PENDING,7195,1295.1,1500,6990.1,PENDING
BK01571,PS00150,FL0026,2026-06-27T22:05:00.000+05:30,ECONOMY,CONFIRMED,5659,1018.62,1500,5177.62,PAID
BK01572,PS00954,FL0103,2026-05-14T09:18:00.000+05:30,BUSINESS,CANCELLED,20945,3770.1,0,24715.1,PAID
BK01573,PS00192,FL0034,2026-08-10T15:35:00.000+05:30,ECONOMY,CONFIRMED,6965,1253.7,1500,6718.7,PAID
BK01574,PS00293,FL0154,2026-04-22T18:41:00.000+05:30,BUSINESS,CONFIRMED,23550,4239.0,1000,26789.0,PAID
BK01575,PS00752,FL0070,2026-08-12T01:52:00.000+05:30,BUSINESS,PENDING,17549,3158.82,1500,19207.82,PENDING
BK01576,PS00473,FL0169,2026-08-04T14:48:00.000+05:30,BUSINESS,CONFIRMED,21619,3891.42,1000,24510.42,PAID
BK01577,PS00789,FL0071,2026-06-15T13:39:00.000+05:30,ECONOMY,CONFIRMED,7746,1394.28,1500,7640.28,PAID
BK01578,PS00694,FL0192,2026-06-28T12:51:00.000+05:30,ECONOMY,CANCELLED,5469,984.42,1000,5453.42,PAID
BK01579,PS00719,FL0004,2026-07-13T03:45:00.000+05:30,PREMIUM ECONOMY,CONFIRMED,11599,2087.82,2000,11686.82,PAID
BK01580,PS00294,FL0181,2026-07-25T19:53:00.000+05:30,ECONOMY,CONFIRMED,4410,793.8,2000,3203.8,PAID
BK01581,PS00292,FL0196,2026-08-16T00:36:00.000+05:30,PREMIUM ECONOMY,CONFIRMED,8446,1520.28,0,9966.28,PAID
BK01582,PS00357,FL0165,2026-08-05T14:40:00.000+05:30,BUSINESS,CONFIRMED,21390,3850.2,1000,24240.2,PAID
BK01583,PS00058,FL0142,2026-06-19T17:53:00.000+05:30,ECONOMY,CONFIRMED,7388,1329.84,0,8717.84,PAID
BK01584,PS00624,FL0180,2026-08-04T01:16:00.000+05:30,ECONOMY,CONFIRMED,7272,1308.96,2000,6580.96,PAID
BK01585,PS00030,FL0187,2026-07-16T10:08:00.000+05:30,ECONOMY,PENDING,6150,1107.0,1000,6257.0,PENDING
BK01586,PS00072,FL0029,2026-07-11T09:42:00.000+05:30,PREMIUM ECONOMY,CONFIRMED,8038,1446.84,0,9484.84,PENDING
BK01587,PS00191,FL0146,2026-06-30T07:42:00.000+05:30,ECONOMY,CONFIRMED,7412,1334.16,500,8246.16,PAID
BK01588,PS00587,FL0037,2026-06-23T18:43:00.000+05:30,ECONOMY,PENDING,6268,1128.24,500,6896.24,PAID
BK01589,PS00787,FL0070,2026-06-19T01:52:00.000+05:30,ECONOMY,CANCELLED,6659,1198.62,0,7857.62,PAID
BK01590,PS00880,FL0134,2026-06-10T08:42:00.000+05:30,ECONOMY,CONFIRMED,7844,1411.92,1500,7755.92,PAID
BK01591,PS00618,FL0086,2026-05-03T13:16:00.000+05:30,ECONOMY,CONFIRMED,3748,674.64,500,3922.64,PAID
BK01592,PS00149,FL0184,2026-05-20T09:58:00.000+05:30,ECONOMY,CONFIRMED,4125,742.5,2000,2867.5,PAID
BK01593,PS00458,FL0195,2026-07-30T21:13:00.000+05:30,PREMIUM ECONOMY,PENDING,9631,1733.58,1000,10364.58,PAID
BK01594,PS00258,FL0096,2026-06-26T20:50:00.000+05:30,ECONOMY,CONFIRMED,5653,1017.54,0,6670.54,PAID
BK01595,PS00907,FL0147,2026-07-01T14:49:00.000+05:30,ECONOMY,CONFIRMED,7912,1424.16,1500,7836.16,PENDING
BK01596,PS00156,FL0061,2026-06-17T22:34:00.000+05:30,ECONOMY,CONFIRMED,3830,689.4,0,4519.4,PAID
BK01597,PS00296,FL0043,2026-05-01T12:42:00.000+05:30,ECONOMY,CONFIRMED,6980,1256.4,1000,7236.4,PAID
BK01598,PS00774,FL0103,2026-05-18T09:18:00.000+05:30,BUSINESS,PENDING,21078,3794.04,2000,22872.04,PAID
BK01599,PS00432,FL0098,2026-07-19T19:28:00.000+05:30,ECONOMY,CONFIRMED,6111,1099.98,0,7210.98,PAID
BK01600,PS00713,FL0120,2026-08-06T21:25:00.000+05:30,ECONOMY,CONFIRMED,3659,658.62,1500,2817.62,PAID
BK01601,PS00715,FL0089,2026-04-18T02:36:00.000+05:30,ECONOMY,CONFIRMED,6557,1180.26,0,7737.26,PAID
BK01602,PS00315,FL0028,2026-05-21T20:11:00.000+05:30,FIRST,CONFIRMED,28092,5056.56,1500,31648.56,PAID
BK01603,PS00872,FL0015,2026-07-06T01:50:00.000+05:30,ECONOMY,CONFIRMED,5472,984.96,1000,5456.96,PAID
BK01604,PS00679,FL0035,2026-04-18T03:33:00.000+05:30,BUSINESS,PENDING,19646,3536.28,2000,21182.28,PAID
BK01605,PS00804,FL0006,2026-06-20T17:54:00.000+05:30,ECONOMY,CONFIRMED,5090,916.2,0,6006.2,PAID
BK01606,PS00656,FL0109,2026-06-11T05:41:00.000+05:30,ECONOMY,PENDING,6759,1216.62,500,7475.62,PAID
BK01607,PS00725,FL0132,2026-05-04T20:02:00.000+05:30,ECONOMY,PENDING,7472,1344.96,0,8816.96,PENDING
BK01608,PS00101,FL0136,2026-08-19T00:00:00.000+05:30,ECONOMY,CONFIRMED,5271,948.78,0,6219.78,PAID
BK01609,PS00075,FL0117,2026-05-15T05:35:00.000+05:30,ECONOMY,CONFIRMED,6320,1137.6,1500,5957.6,PAID
BK01610,PS00985,FL0193,2026-07-01T01:05:00.000+05:30,ECONOMY,CONFIRMED,5907,1063.26,0,6970.26,PAID
BK01611,PS00581,FL0156,2026-06-29T04:18:00.000+05:30,ECONOMY,CONFIRMED,6936,1248.48,0,8184.48,PAID
BK01612,PS00362,FL0033,2026-06-27T08:26:00.000+05:30,ECONOMY,CONFIRMED,3739,673.02,1000,3412.02,PAID
BK01613,PS00611,FL0077,2026-08-06T02:30:00.000+05:30,ECONOMY,CONFIRMED,4125,742.5,500,4367.5,PAID
BK01614,PS00767,FL0016,2026-05-18T06:12:00.000+05:30,ECONOMY,CANCELLED,5996,1079.28,1500,5575.28,PAID
BK01615,PS00489,FL0134,2026-05-18T08:42:00.000+05:30,BUSINESS,CONFIRMED,12804,2304.72,500,14608.72,PAID
BK01616,PS00568,FL0156,2026-05-24T04:18:00.000+05:30,PREMIUM ECONOMY,CONFIRMED,10603,1908.54,0,12511.54,PAID
BK01617,PS00693,FL0049,2026-07-11T18:21:00.000+05:30,ECONOMY,CONFIRMED,7687,1383.66,0,9070.66,PAID
BK01618,PS00436,FL0053,2026-07-23T05:02:00.000+05:30,PREMIUM ECONOMY,CONFIRMED,9625,1732.5,1500,9857.5,PAID
BK01619,PS00787,FL0084,2026-07-31T23:01:00.000+05:30,BUSINESS,CONFIRMED,20863,3755.34,1000,23618.34,PAID
BK01620,PS00113,FL0190,2026-07-29T12:08:00.000+05:30,PREMIUM ECONOMY,CONFIRMED,11520,2073.6,1500,12093.6,PENDING
BK01621,PS00270,FL0071,2026-07-30T13:39:00.000+05:30,ECONOMY,CONFIRMED,4076,733.68,2000,2809.68,PAID
BK01622,PS00801,FL0183,2026-05-10T22:19:00.000+05:30,ECONOMY,CONFIRMED,5325,958.5,0,6283.5,PAID
BK01623,PS00856,FL0163,2026-05-19T08:18:00.000+05:30,ECONOMY,PENDING,6690,1204.2,1500,6394.2,PAID
BK01624,PS00603,FL0035,2026-05-11T03:33:00.000+05:30,ECONOMY,CONFIRMED,6704,1206.72,500,7410.72,PAID
BK01625,PS00443,FL0056,2026-04-22T11:12:00.000+05:30,ECONOMY,CONFIRMED,5903,1062.54,0,6965.54,PAID
BK01626,PS00908,FL0004,2026-05-05T03:45:00.000+05:30,ECONOMY,CONFIRMED,7124,1282.32,0,8406.32,PAID
BK01627,PS00347,FL0060,2026-06-27T10:13:00.000+05:30,ECONOMY,CONFIRMED,3217,579.06,500,3296.06,PAID
BK01628,PS00866,FL0135,2026-06-14T12:36:00.000+05:30,ECONOMY,CONFIRMED,4761,856.98,1500,4117.98,PAID
BK01629,PS00025,FL0006,2026-08-21T17:54:00.000+05:30,FIRST,CONFIRMED,33528,6035.04,0,39563.04,PAID
BK01630,PS00944,FL0043,2026-06-01T12:42:00.000+05:30,ECONOMY,CONFIRMED,7772,1398.96,1000,8170.96,PAID
BK01631,PS00288,FL0164,2026-05-08T01:16:00.000+05:30,BUSINESS,CONFIRMED,15437,2778.66,2000,16215.66,PAID
BK01632,PS00870,FL0025,2026-04-18T17:16:00.000+05:30,ECONOMY,CONFIRMED,3866,695.88,0,4561.88,PENDING
BK01633,PS00631,FL0176,2026-08-15T02:41:00.000+05:30,ECONOMY,CONFIRMED,4373,787.14,1000,4160.14,REFUNDED
BK01634,PS00533,FL0151,2026-04-15T13:13:00.000+05:30,ECONOMY,CONFIRMED,6543,1177.74,0,7720.74,PAID
BK01635,PS00845,FL0200,2026-08-09T07:44:00.000+05:30,ECONOMY,CONFIRMED,3751,675.18,1500,2926.18,REFUNDED
BK01636,PS00351,FL0090,2026-07-24T21:05:00.000+05:30,PREMIUM ECONOMY,CONFIRMED,9794,1762.92,2000,9556.92,PAID
BK01637,PS00890,FL0032,2026-05-15T00:14:00.000+05:30,PREMIUM ECONOMY,PENDING,9025,1624.5,0,10649.5,PAID
BK01638,PS00721,FL0053,2026-08-17T05:02:00.000+05:30,ECONOMY,CONFIRMED,5933,1067.94,1500,5500.94,PAID
BK01639,PS00185,FL0038,2026-06-10T08:19:00.000+05:30,ECONOMY,CONFIRMED,6257,1126.26,1500,5883.26,PAID
BK01640,PS00369,FL0170,2026-06-06T02:40:00.000+05:30,ECONOMY,CONFIRMED,7129,1283.22,0,8412.22,PAID
BK01641,PS00700,FL0024,2026-06-09T06:29:00.000+05:30,ECONOMY,CONFIRMED,3562,641.16,0,4203.16,PENDING
BK01642,PS00778,FL0156,2026-07-29T04:18:00.000+05:30,ECONOMY,CONFIRMED,4858,874.44,2000,3732.44,PAID
BK01643,PS00571,FL0140,2026-06-04T23:49:00.000+05:30,ECONOMY,CONFIRMED,6899,1241.82,2000,6140.82,PAID
BK01644,PS00504,FL0028,2026-07-19T20:11:00.000+05:30,ECONOMY,CONFIRMED,4719,849.42,500,5068.42,PAID
BK01645,PS00097,FL0037,2026-06-15T18:43:00.000+05:30,ECONOMY,CONFIRMED,6105,1098.9,500,6703.9,PENDING
BK01646,PS00886,FL0134,2026-05-14T08:42:00.000+05:30,ECONOMY,CONFIRMED,6550,1179.0,500,7229.0,PAID
BK01647,PS00016,FL0124,2026-06-10T21:31:00.000+05:30,ECONOMY,CONFIRMED,4646,836.28,1500,3982.28,PAID
BK01648,PS00504,FL0032,2026-06-22T00:14:00.000+05:30,BUSINESS,CONFIRMED,20549,3698.82,1500,22747.82,PAID
BK01649,PS00212,FL0143,2026-06-19T16:54:00.000+05:30,ECONOMY,CONFIRMED,7816,1406.88,1500,7722.88,PAID
BK01650,PS00245,FL0071,2026-05-07T13:39:00.000+05:30,ECONOMY,CONFIRMED,3382,608.76,2000,1990.76,PAID
BK01651,PS00026,FL0057,2026-07-29T08:35:00.000+05:30,BUSINESS,CONFIRMED,14633,2633.94,0,17266.94,PAID
BK01652,PS00462,FL0139,2026-05-14T12:04:00.000+05:30,FIRST,CONFIRMED,31796,5723.28,1500,36019.28,PENDING
BK01653,PS00101,FL0176,2026-08-15T02:41:00.000+05:30,ECONOMY,CONFIRMED,6580,1184.4,2000,5764.4,PAID
BK01654,PS00039,FL0001,2026-07-30T23:23:00.000+05:30,PREMIUM ECONOMY,CANCELLED,8273,1489.14,500,9262.14,PAID
BK01655,PS00076,FL0055,2026-06-03T04:48:00.000+05:30,ECONOMY,CONFIRMED,6992,1258.56,0,8250.56,PAID
BK01656,PS00544,FL0053,2026-07-07T05:02:00.000+05:30,ECONOMY,CONFIRMED,6174,1111.32,1500,5785.32,PAID
BK01657,PS00503,FL0020,2026-08-26T17:18:00.000+05:30,ECONOMY,CONFIRMED,3064,551.52,0,3615.52,PAID
BK01658,PS00475,FL0174,2026-06-18T03:12:00.000+05:30,ECONOMY,CONFIRMED,5579,1004.22,2000,4583.22,PAID
BK01659,PS00644,FL0081,2026-07-12T20:53:00.000+05:30,ECONOMY,CONFIRMED,6845,1232.1,2000,6077.1,PAID
BK01660,PS00745,FL0106,2026-06-22T09:14:00.000+05:30,ECONOMY,CONFIRMED,5552,999.36,2000,4551.36,PAID
BK01661,PS00514,FL0154,2026-06-07T18:41:00.000+05:30,ECONOMY,CANCELLED,3219,579.42,2000,1798.42,PAID
BK01662,PS00540,FL0173,2026-08-03T09:11:00.000+05:30,ECONOMY,PENDING,7592,1366.56,500,8458.56,PENDING
BK01663,PS00836,FL0122,2026-06-30T06:56:00.000+05:30,ECONOMY,PENDING,3244,583.92,2000,1827.92,PAID
BK01664,PS00134,FL0170,2026-05-20T02:40:00.000+05:30,ECONOMY,CONFIRMED,7361,1324.98,2000,6685.98,PAID
BK01665,PS00904,FL0185,2026-08-04T12:51:00.000+05:30,FIRST,CONFIRMED,35974,6475.32,1000,41449.32,PAID
BK01666,PS00753,FL0014,2026-05-23T13:07:00.000+05:30,PREMIUM ECONOMY,PENDING,11184,2013.12,0,13197.12,PAID
BK01667,PS00572,FL0172,2026-06-19T13:45:00.000+05:30,ECONOMY,CONFIRMED,3764,677.52,1000,3441.52,PAID
BK01668,PS00711,FL0059,2026-05-26T04:58:00.000+05:30,BUSINESS,CONFIRMED,18828,3389.04,1000,21217.04,PAID
BK01669,PS00026,FL0079,2026-05-13T02:26:00.000+05:30,ECONOMY,CONFIRMED,6611,1189.98,500,7300.98,PAID
BK01670,PS00803,FL0188,2026-06-16T03:01:00.000+05:30,ECONOMY,CONFIRMED,5641,1015.38,2000,4656.38,PAID
BK01671,PS00201,FL0176,2026-05-15T02:41:00.000+05:30,ECONOMY,CONFIRMED,7678,1382.04,2000,7060.04,PAID
BK01672,PS00561,FL0184,2026-08-14T09:58:00.000+05:30,ECONOMY,CONFIRMED,4026,724.68,1500,3250.68,PAID
BK01673,PS00823,FL0177,2026-08-15T07:12:00.000+05:30,BUSINESS,CONFIRMED,20191,3634.38,0,23825.38,PAID
BK01674,PS00835,FL0192,2026-06-01T12:51:00.000+05:30,ECONOMY,CONFIRMED,6375,1147.5,0,7522.5,PAID
BK01675,PS00804,FL0005,2026-05-30T10:57:00.000+05:30,ECONOMY,CONFIRMED,6127,1102.86,1500,5729.86,PAID
BK01676,PS00616,FL0089,2026-08-02T02:36:00.000+05:30,ECONOMY,CONFIRMED,4240,763.2,2000,3003.2,PAID
BK01677,PS00323,FL0132,2026-05-28T20:02:00.000+05:30,FIRST,CONFIRMED,34768,6258.24,1500,39526.24,PAID
BK01678,PS00585,FL0063,2026-06-10T23:44:00.000+05:30,ECONOMY,CONFIRMED,4281,770.58,1000,4051.58,PAID
BK01679,PS00881,FL0076,2026-05-31T04:07:00.000+05:30,ECONOMY,CONFIRMED,3948,710.64,1000,3658.64,PAID
BK01680,PS00022,FL0126,2026-04-29T21:39:00.000+05:30,ECONOMY,CONFIRMED,5560,1000.8,1000,5560.8,PAID
BK01681,PS00903,FL0151,2026-06-01T13:13:00.000+05:30,ECONOMY,CONFIRMED,7660,1378.8,0,9038.8,PAID
BK01682,PS00395,FL0112,2026-04-15T02:49:00.000+05:30,ECONOMY,CONFIRMED,4041,727.38,1000,3768.38,PAID
BK01683,PS00580,FL0047,2026-07-26T02:11:00.000+05:30,ECONOMY,PENDING,7749,1394.82,0,9143.82,PAID
BK01684,PS00851,FL0007,2026-04-28T19:26:00.000+05:30,BUSINESS,CONFIRMED,23591,4246.38,1500,26337.38,PAID
BK01685,PS00418,FL0019,2026-08-05T01:43:00.000+05:30,ECONOMY,CONFIRMED,3155,567.9,0,3722.9,PAID
BK01686,PS00641,FL0019,2026-06-18T01:43:00.000+05:30,ECONOMY,CONFIRMED,4712,848.16,0,5560.16,PAID
BK01687,PS00951,FL0169,2026-07-02T14:48:00.000+05:30,ECONOMY,CONFIRMED,4816,866.88,2000,3682.88,PAID
BK01688,PS00435,FL0010,2026-06-15T09:55:00.000+05:30,ECONOMY,CONFIRMED,7380,1328.4,1500,7208.4,PAID
BK01689,PS00273,FL0141,2026-08-10T23:30:00.000+05:30,ECONOMY,CONFIRMED,4296,773.28,0,5069.28,PAID
BK01690,PS00570,FL0088,2026-06-25T01:28:00.000+05:30,PREMIUM ECONOMY,CONFIRMED,8485,1527.3,1000,9012.3,PAID
BK01691,PS00530,FL0053,2026-04-24T05:02:00.000+05:30,PREMIUM ECONOMY,CONFIRMED,11594,2086.92,1000,12680.92,PAID
BK01692,PS00445,FL0197,2026-05-23T20:31:00.000+05:30,ECONOMY,CONFIRMED,6190,1114.2,0,7304.2,PAID
BK01693,PS00431,FL0060,2026-07-12T10:13:00.000+05:30,PREMIUM ECONOMY,CONFIRMED,9489,1708.02,1000,10197.02,PAID
BK01694,PS00023,FL0059,2026-06-02T04:58:00.000+05:30,PREMIUM ECONOMY,CONFIRMED,9211,1657.98,500,10368.98,PAID
BK01695,PS00659,FL0082,2026-05-07T23:43:00.000+05:30,ECONOMY,CONFIRMED,5307,955.26,0,6262.26,PAID
BK01696,PS00212,FL0095,2026-07-31T03:52:00.000+05:30,ECONOMY,CONFIRMED,4438,798.84,500,4736.84,PAID
BK01697,PS00727,FL0107,2026-06-23T02:22:00.000+05:30,ECONOMY,CONFIRMED,5868,1056.24,1000,5924.24,PAID
BK01698,PS00711,FL0140,2026-06-20T23:49:00.000+05:30,ECONOMY,CONFIRMED,4779,860.22,500,5139.22,PAID
BK01699,PS00393,FL0176,2026-07-04T02:41:00.000+05:30,BUSINESS,CONFIRMED,18805,3384.9,0,22189.9,PAID
BK01700,PS00922,FL0032,2026-04-24T00:14:00.000+05:30,ECONOMY,CONFIRMED,5989,1078.02,500,6567.02,PAID
BK01701,PS00348,FL0161,2026-04-23T20:10:00.000+05:30,PREMIUM ECONOMY,CONFIRMED,11419,2055.42,500,12974.42,PENDING
BK01702,PS00420,FL0160,2026-07-30T03:28:00.000+05:30,ECONOMY,CONFIRMED,7035,1266.3,2000,6301.3,PAID
BK01703,PS00711,FL0013,2026-06-11T01:09:00.000+05:30,ECONOMY,CONFIRMED,6619,1191.42,500,7310.42,PAID
BK01704,PS00951,FL0124,2026-07-01T21:31:00.000+05:30,ECONOMY,CONFIRMED,5687,1023.66,500,6210.66,PENDING
BK01705,PS00484,FL0200,2026-07-09T07:44:00.000+05:30,ECONOMY,CONFIRMED,7237,1302.66,0,8539.66,PAID
BK01706,PS00597,FL0037,2026-06-12T18:43:00.000+05:30,ECONOMY,CONFIRMED,3806,685.08,1500,2991.08,PENDING
BK01707,PS00867,FL0061,2026-04-29T22:34:00.000+05:30,PREMIUM ECONOMY,CONFIRMED,9455,1701.9,2000,9156.9,PAID
BK01708,PS00164,FL0089,2026-07-29T02:36:00.000+05:30,ECONOMY,PENDING,3481,626.58,1000,3107.58,PAID
BK01709,PS00773,FL0093,2026-08-06T07:37:00.000+05:30,FIRST,CONFIRMED,26248,4724.64,1000,29972.64,PENDING
BK01710,PS00717,FL0020,2026-07-09T17:18:00.000+05:30,ECONOMY,CONFIRMED,4806,865.08,0,5671.08,PAID
BK01711,PS00235,FL0083,2026-07-08T08:39:00.000+05:30,ECONOMY,CONFIRMED,7648,1376.64,2000,7024.64,PENDING
BK01712,PS00132,FL0184,2026-06-30T09:58:00.000+05:30,ECONOMY,CONFIRMED,6258,1126.44,2000,5384.44,PAID
BK01713,PS00021,FL0152,2026-04-12T13:38:00.000+05:30,ECONOMY,CONFIRMED,7881,1418.58,1500,7799.58,PAID
BK01714,PS00584,FL0069,2026-06-10T23:07:00.000+05:30,ECONOMY,CONFIRMED,4738,852.84,500,5090.84,PAID
BK01715,PS00213,FL0147,2026-07-18T14:49:00.000+05:30,BUSINESS,CONFIRMED,21350,3843.0,2000,23193.0,PAID
BK01716,PS00594,FL0151,2026-06-28T13:13:00.000+05:30,PREMIUM ECONOMY,CONFIRMED,10742,1933.56,0,12675.56,PENDING
BK01717,PS00816,FL0024,2026-06-12T06:29:00.000+05:30,ECONOMY,PENDING,4375,787.5,1500,3662.5,PAID
BK01718,PS00994,FL0199,2026-07-17T14:46:00.000+05:30,BUSINESS,CONFIRMED,14414,2594.52,1000,16008.52,REFUNDED
BK01719,PS00557,FL0174,2026-06-28T03:12:00.000+05:30,ECONOMY,CONFIRMED,7316,1316.88,500,8132.88,REFUNDED
BK01720,PS00451,FL0148,2026-08-14T19:51:00.000+05:30,ECONOMY,CONFIRMED,6856,1234.08,500,7590.08,PAID
BK01721,PS00079,FL0137,2026-07-13T17:20:00.000+05:30,BUSINESS,CONFIRMED,13842,2491.56,0,16333.56,PAID
BK01722,PS00019,FL0120,2026-07-24T21:25:00.000+05:30,ECONOMY,PENDING,4820,867.6,500,5187.6,PAID
BK01723,PS00058,FL0171,2026-06-15T15:42:00.000+05:30,ECONOMY,PENDING,4539,817.02,1000,4356.02,PAID
BK01724,PS00034,FL0078,2026-06-02T14:17:00.000+05:30,PREMIUM ECONOMY,CONFIRMED,8659,1558.62,0,10217.62,REFUNDED
BK01725,PS00327,FL0096,2026-06-27T20:50:00.000+05:30,FIRST,PENDING,27508,4951.44,500,31959.44,PAID
BK01726,PS00020,FL0128,2026-06-30T00:01:00.000+05:30,FIRST,CONFIRMED,38246,6884.28,1500,43630.28,PENDING
BK01727,PS00811,FL0139,2026-04-30T12:04:00.000+05:30,ECONOMY,CONFIRMED,6580,1184.4,0,7764.4,PAID
BK01728,PS00244,FL0123,2026-08-20T22:32:00.000+05:30,ECONOMY,CONFIRMED,3735,672.3,0,4407.3,PAID
BK01729,PS00583,FL0099,2026-08-05T13:57:00.000+05:30,ECONOMY,CONFIRMED,4934,888.12,1000,4822.12,PAID
BK01730,PS00871,FL0069,2026-06-25T23:07:00.000+05:30,PREMIUM ECONOMY,CONFIRMED,10698,1925.64,1000,11623.64,PAID
BK01731,PS00181,FL0046,2026-08-10T20:49:00.000+05:30,ECONOMY,CONFIRMED,4594,826.92,0,5420.92,PAID
BK01732,PS00148,FL0094,2026-06-23T06:12:00.000+05:30,PREMIUM ECONOMY,CONFIRMED,9059,1630.62,1500,9189.62,PAID
BK01733,PS00896,FL0059,2026-07-25T04:58:00.000+05:30,PREMIUM ECONOMY,CANCELLED,8255,1485.9,1000,8740.9,PENDING
BK01734,PS00639,FL0026,2026-06-20T22:05:00.000+05:30,PREMIUM ECONOMY,CONFIRMED,8514,1532.52,1000,9046.52,PAID
BK01735,PS00367,FL0006,2026-07-11T17:54:00.000+05:30,ECONOMY,PENDING,6030,1085.4,0,7115.4,PAID
BK01736,PS00085,FL0090,2026-06-27T21:05:00.000+05:30,ECONOMY,CONFIRMED,7112,1280.16,1000,7392.16,PAID
BK01737,PS00758,FL0002,2026-07-28T11:44:00.000+05:30,FIRST,CONFIRMED,34439,6199.02,500,40138.02,PAID
BK01738,PS00394,FL0191,2026-06-26T00:54:00.000+05:30,ECONOMY,CONFIRMED,5574,1003.32,1500,5077.32,PAID
BK01739,PS00234,FL0146,2026-05-09T07:42:00.000+05:30,ECONOMY,CONFIRMED,3779,680.22,2000,2459.22,PENDING
BK01740,PS00077,FL0097,2026-06-18T09:06:00.000+05:30,ECONOMY,CONFIRMED,5002,900.36,0,5902.36,PAID
BK01741,PS00282,FL0138,2026-07-18T07:55:00.000+05:30,FIRST,CONFIRMED,36977,6655.86,1000,42632.86,PENDING
BK01742,PS00876,FL0125,2026-06-13T07:26:00.000+05:30,ECONOMY,CONFIRMED,7251,1305.18,1000,7556.18,REFUNDED
BK01743,PS00783,FL0035,2026-08-08T03:33:00.000+05:30,ECONOMY,PENDING,4016,722.88,1000,3738.88,PAID
BK01744,PS00338,FL0036,2026-07-09T16:28:00.000+05:30,BUSINESS,CONFIRMED,21484,3867.12,500,24851.12,PAID
BK01745,PS00925,FL0150,2026-07-26T01:07:00.000+05:30,PREMIUM ECONOMY,CONFIRMED,10520,1893.6,1000,11413.6,PENDING
BK01746,PS00368,FL0122,2026-05-10T06:56:00.000+05:30,ECONOMY,CONFIRMED,4523,814.14,1500,3837.14,REFUNDED
BK01747,PS00847,FL0116,2026-07-01T12:06:00.000+05:30,ECONOMY,CONFIRMED,7427,1336.86,1000,7763.86,PAID
BK01748,PS00863,FL0019,2026-07-29T01:43:00.000+05:30,ECONOMY,PENDING,6907,1243.26,1000,7150.26,PAID
BK01749,PS00857,FL0065,2026-06-04T03:33:00.000+05:30,ECONOMY,CONFIRMED,5642,1015.56,500,6157.56,PAID
BK01750,PS00318,FL0063,2026-05-14T23:44:00.000+05:30,ECONOMY,CONFIRMED,7776,1399.68,0,9175.68,PAID
BK01751,PS00199,FL0031,2026-07-23T06:23:00.000+05:30,ECONOMY,CONFIRMED,3794,682.92,0,4476.92,PAID
BK01752,PS00593,FL0093,2026-06-15T07:37:00.000+05:30,ECONOMY,CONFIRMED,5166,929.88,1000,5095.88,PAID
BK01753,PS00113,FL0191,2026-06-03T00:54:00.000+05:30,ECONOMY,CONFIRMED,5366,965.88,0,6331.88,PAID
BK01754,PS00316,FL0155,2026-06-28T06:11:00.000+05:30,PREMIUM ECONOMY,CONFIRMED,11662,2099.16,2000,11761.16,PAID
BK01755,PS00755,FL0198,2026-06-04T23:00:00.000+05:30,ECONOMY,CONFIRMED,7981,1436.58,2000,7417.58,PAID
BK01756,PS00335,FL0110,2026-07-25T10:52:00.000+05:30,BUSINESS,CONFIRMED,16692,3004.56,1000,18696.56,PAID
BK01757,PS00393,FL0135,2026-07-19T12:36:00.000+05:30,ECONOMY,CONFIRMED,7741,1393.38,500,8634.38,PAID
BK01758,PS00508,FL0150,2026-05-30T01:07:00.000+05:30,PREMIUM ECONOMY,CONFIRMED,10854,1953.72,1000,11807.72,PAID
BK01759,PS00217,FL0008,2026-04-30T07:56:00.000+05:30,ECONOMY,CONFIRMED,5919,1065.42,500,6484.42,PAID
BK01760,PS00787,FL0114,2026-08-23T15:23:00.000+05:30,ECONOMY,CONFIRMED,7970,1434.6,1500,7904.6,PAID
BK01761,PS00694,FL0097,2026-06-18T09:06:00.000+05:30,ECONOMY,CONFIRMED,4354,783.72,1500,3637.72,PAID
BK01762,PS00917,FL0067,2026-05-24T02:49:00.000+05:30,BUSINESS,CONFIRMED,12893,2320.74,1500,13713.74,PAID
BK01763,PS00591,FL0179,2026-06-21T17:01:00.000+05:30,BUSINESS,CONFIRMED,15012,2702.16,2000,15714.16,PENDING
BK01764,PS00817,FL0012,2026-06-04T23:44:00.000+05:30,BUSINESS,CONFIRMED,12742,2293.56,1500,13535.56,PAID
BK01765,PS00564,FL0040,2026-08-04T17:55:00.000+05:30,ECONOMY,PENDING,3006,541.08,2000,1547.08,PAID
BK01766,PS00837,FL0063,2026-06-15T23:44:00.000+05:30,ECONOMY,CONFIRMED,5518,993.24,0,6511.24,PAID
BK01767,PS00407,FL0003,2026-07-24T09:26:00.000+05:30,BUSINESS,CONFIRMED,17632,3173.76,2000,18805.76,PAID
BK01768,PS00501,FL0021,2026-06-23T16:16:00.000+05:30,ECONOMY,CONFIRMED,6867,1236.06,1000,7103.06,PAID
BK01769,PS00675,FL0178,2026-05-09T07:36:00.000+05:30,ECONOMY,CONFIRMED,3112,560.16,1000,2672.16,PAID
BK01770,PS00135,FL0012,2026-08-09T23:44:00.000+05:30,BUSINESS,PENDING,16951,3051.18,1500,18502.18,PAID
BK01771,PS00008,FL0103,2026-07-11T09:18:00.000+05:30,BUSINESS,PENDING,14271,2568.78,500,16339.78,PAID
BK01772,PS00220,FL0107,2026-05-09T02:22:00.000+05:30,ECONOMY,CONFIRMED,5523,994.14,2000,4517.14,PENDING
BK01773,PS00028,FL0122,2026-05-17T06:56:00.000+05:30,ECONOMY,CONFIRMED,5256,946.08,0,6202.08,PAID
BK01774,PS00077,FL0135,2026-08-22T12:36:00.000+05:30,PREMIUM ECONOMY,CANCELLED,9668,1740.24,500,10908.24,PAID
BK01775,PS00368,FL0091,2026-05-05T21:07:00.000+05:30,BUSINESS,CONFIRMED,22926,4126.68,1500,25552.68,PAID
BK01776,PS00342,FL0046,2026-05-24T20:49:00.000+05:30,ECONOMY,CONFIRMED,3635,654.3,0,4289.3,PAID
BK01777,PS00155,FL0027,2026-05-21T07:46:00.000+05:30,ECONOMY,CONFIRMED,6014,1082.52,1500,5596.52,PAID
BK01778,PS00038,FL0151,2026-07-28T13:13:00.000+05:30,ECONOMY,CONFIRMED,4968,894.24,2000,3862.24,PAID
BK01779,PS00609,FL0140,2026-07-11T23:49:00.000+05:30,BUSINESS,CANCELLED,18975,3415.5,1000,21390.5,PAID
BK01780,PS00777,FL0136,2026-07-03T00:00:00.000+05:30,ECONOMY,CONFIRMED,7894,1420.92,1500,7814.92,PAID
BK01781,PS00904,FL0174,2026-05-13T03:12:00.000+05:30,ECONOMY,CONFIRMED,6935,1248.3,0,8183.3,PAID
BK01782,PS00265,FL0200,2026-07-16T07:44:00.000+05:30,ECONOMY,CONFIRMED,4537,816.66,0,5353.66,PAID
BK01783,PS00924,FL0091,2026-08-09T21:07:00.000+05:30,PREMIUM ECONOMY,CONFIRMED,11923,2146.14,1500,12569.14,PAID
BK01784,PS00754,FL0112,2026-07-28T02:49:00.000+05:30,ECONOMY,PENDING,6552,1179.36,1500,6231.36,PAID
BK01785,PS00160,FL0055,2026-07-12T04:48:00.000+05:30,PREMIUM ECONOMY,CONFIRMED,8213,1478.34,1000,8691.34,PAID
BK01786,PS00299,FL0031,2026-04-22T06:23:00.000+05:30,FIRST,CANCELLED,31958,5752.44,0,37710.44,PENDING
BK01787,PS00618,FL0118,2026-07-04T10:51:00.000+05:30,PREMIUM ECONOMY,CONFIRMED,10884,1959.12,500,12343.12,PAID
BK01788,PS00791,FL0040,2026-06-17T17:55:00.000+05:30,ECONOMY,CONFIRMED,4516,812.88,2000,3328.88,PENDING
BK01789,PS00947,FL0048,2026-06-26T00:59:00.000+05:30,ECONOMY,CONFIRMED,4786,861.48,1000,4647.48,PAID
BK01790,PS00249,FL0043,2026-04-27T12:42:00.000+05:30,ECONOMY,CONFIRMED,3407,613.26,2000,2020.26,PAID
BK01791,PS00365,FL0109,2026-06-29T05:41:00.000+05:30,ECONOMY,CONFIRMED,6028,1085.04,1000,6113.04,REFUNDED
BK01792,PS00555,FL0119,2026-07-12T23:00:00.000+05:30,ECONOMY,CONFIRMED,5994,1078.92,2000,5072.92,PAID
BK01793,PS00736,FL0192,2026-06-22T12:51:00.000+05:30,ECONOMY,CONFIRMED,4346,782.28,0,5128.28,PAID
BK01794,PS00780,FL0094,2026-05-02T06:12:00.000+05:30,ECONOMY,CONFIRMED,7957,1432.26,1500,7889.26,REFUNDED
BK01795,PS00960,FL0070,2026-07-29T01:52:00.000+05:30,BUSINESS,CONFIRMED,12754,2295.72,2000,13049.72,PAID
BK01796,PS00873,FL0006,2026-07-06T17:54:00.000+05:30,ECONOMY,CONFIRMED,3058,550.44,2000,1608.44,PAID
BK01797,PS00018,FL0158,2026-06-18T23:39:00.000+05:30,ECONOMY,CONFIRMED,7216,1298.88,2000,6514.88,PENDING
BK01798,PS00702,FL0053,2026-07-21T05:02:00.000+05:30,ECONOMY,CONFIRMED,5138,924.84,0,6062.84,PAID
BK01799,PS00406,FL0026,2026-05-19T22:05:00.000+05:30,ECONOMY,CONFIRMED,3528,635.04,2000,2163.04,PAID
BK01800,PS00078,FL0171,2026-07-16T15:42:00.000+05:30,ECONOMY,CONFIRMED,6565,1181.7,0,7746.7,PAID
BK01801,PS00586,FL0069,2026-04-27T23:07:00.000+05:30,ECONOMY,CONFIRMED,6797,1223.46,2000,6020.46,PAID
BK01802,PS00685,FL0019,2026-05-11T01:43:00.000+05:30,ECONOMY,CONFIRMED,4213,758.34,2000,2971.34,PAID
BK01803,PS00371,FL0085,2026-08-06T06:23:00.000+05:30,ECONOMY,PENDING,3604,648.72,2000,2252.72,PAID
BK01804,PS00403,FL0021,2026-08-12T16:16:00.000+05:30,ECONOMY,CONFIRMED,5450,981.0,1000,5431.0,PAID
BK01805,PS00934,FL0182,2026-05-14T15:10:00.000+05:30,BUSINESS,CONFIRMED,18677,3361.86,1500,20538.86,PAID
BK01806,PS00313,FL0049,2026-07-30T18:21:00.000+05:30,ECONOMY,CONFIRMED,5311,955.98,1500,4766.98,PAID
BK01807,PS00381,FL0067,2026-07-17T02:49:00.000+05:30,BUSINESS,CONFIRMED,18937,3408.66,1000,21345.66,PAID
BK01808,PS00703,FL0171,2026-08-08T15:42:00.000+05:30,ECONOMY,CONFIRMED,4801,864.18,500,5165.18,PAID
BK01809,PS00145,FL0094,2026-08-07T06:12:00.000+05:30,ECONOMY,CONFIRMED,4352,783.36,1500,3635.36,PAID
BK01810,PS00291,FL0132,2026-05-23T20:02:00.000+05:30,ECONOMY,CONFIRMED,6231,1121.58,0,7352.58,PENDING
BK01811,PS00674,FL0190,2026-07-19T12:08:00.000+05:30,ECONOMY,PENDING,7918,1425.24,1500,7843.24,PAID
BK01812,PS00347,FL0057,2026-07-25T08:35:00.000+05:30,ECONOMY,CONFIRMED,6452,1161.36,2000,5613.36,PAID
BK01813,PS00831,FL0053,2026-08-07T05:02:00.000+05:30,ECONOMY,CANCELLED,4354,783.72,0,5137.72,PAID
BK01814,PS00347,FL0069,2026-04-29T23:07:00.000+05:30,ECONOMY,CONFIRMED,6389,1150.02,2000,5539.02,PAID
BK01815,PS00285,FL0126,2026-07-30T21:39:00.000+05:30,ECONOMY,CONFIRMED,4429,797.22,1500,3726.22,PAID
BK01816,PS00046,FL0004,2026-07-05T03:45:00.000+05:30,ECONOMY,CONFIRMED,7889,1420.02,2000,7309.02,PAID
BK01817,PS00959,FL0193,2026-05-15T01:05:00.000+05:30,ECONOMY,CONFIRMED,6322,1137.96,0,7459.96,PAID
BK01818,PS00680,FL0035,2026-06-22T03:33:00.000+05:30,ECONOMY,CONFIRMED,5581,1004.58,0,6585.58,PAID
BK01819,PS00133,FL0151,2026-07-25T13:13:00.000+05:30,BUSINESS,CONFIRMED,17807,3205.26,1500,19512.26,PAID
BK01820,PS00217,FL0021,2026-06-03T16:16:00.000+05:30,ECONOMY,CONFIRMED,5450,981.0,1500,4931.0,PAID
BK01821,PS00374,FL0128,2026-06-09T00:01:00.000+05:30,ECONOMY,CANCELLED,7143,1285.74,500,7928.74,PAID
BK01822,PS00920,FL0161,2026-05-13T20:10:00.000+05:30,FIRST,CONFIRMED,36873,6637.14,1000,42510.14,PAID
BK01823,PS00224,FL0091,2026-04-30T21:07:00.000+05:30,ECONOMY,CONFIRMED,3519,633.42,500,3652.42,PAID
BK01824,PS00299,FL0117,2026-07-15T05:35:00.000+05:30,BUSINESS,CANCELLED,22978,4136.04,2000,25114.04,PAID
BK01825,PS00425,FL0142,2026-07-06T17:53:00.000+05:30,PREMIUM ECONOMY,CONFIRMED,10222,1839.96,500,11561.96,PAID
BK01826,PS00044,FL0162,2026-07-19T12:14:00.000+05:30,FIRST,CONFIRMED,31196,5615.28,500,36311.28,PAID
BK01827,PS00876,FL0148,2026-05-27T19:51:00.000+05:30,ECONOMY,PENDING,3994,718.92,1500,3212.92,PAID
BK01828,PS00194,FL0073,2026-04-16T20:34:00.000+05:30,ECONOMY,PENDING,7589,1366.02,2000,6955.02,PAID
BK01829,PS00514,FL0017,2026-07-01T08:56:00.000+05:30,PREMIUM ECONOMY,CONFIRMED,10698,1925.64,0,12623.64,PAID
BK01830,PS00712,FL0041,2026-08-22T01:48:00.000+05:30,ECONOMY,CONFIRMED,6109,1099.62,0,7208.62,PAID
BK01831,PS00333,FL0118,2026-05-06T10:51:00.000+05:30,ECONOMY,CONFIRMED,5419,975.42,1500,4894.42,PAID
BK01832,PS00202,FL0075,2026-05-23T02:42:00.000+05:30,ECONOMY,CONFIRMED,5491,988.38,0,6479.38,PAID
BK01833,PS00925,FL0124,2026-07-17T21:31:00.000+05:30,ECONOMY,CONFIRMED,4599,827.82,1000,4426.82,PAID
BK01834,PS00672,FL0164,2026-07-24T01:16:00.000+05:30,BUSINESS,CONFIRMED,23283,4190.94,500,26973.94,PAID
BK01835,PS00661,FL0158,2026-05-17T23:39:00.000+05:30,PREMIUM ECONOMY,CONFIRMED,11445,2060.1,500,13005.1,PAID
BK01836,PS00171,FL0054,2026-05-11T10:45:00.000+05:30,ECONOMY,CONFIRMED,5729,1031.22,1000,5760.22,PAID
BK01837,PS00726,FL0175,2026-06-24T20:18:00.000+05:30,ECONOMY,CONFIRMED,6357,1144.26,0,7501.26,PAID
BK01838,PS00747,FL0054,2026-06-14T10:45:00.000+05:30,ECONOMY,PENDING,5686,1023.48,0,6709.48,PAID
BK01839,PS00046,FL0145,2026-06-06T12:44:00.000+05:30,ECONOMY,CONFIRMED,5753,1035.54,500,6288.54,PAID
BK01840,PS00051,FL0175,2026-08-14T20:18:00.000+05:30,PREMIUM ECONOMY,CONFIRMED,9089,1636.02,500,10225.02,PAID
BK01841,PS00556,FL0100,2026-08-04T18:25:00.000+05:30,FIRST,CONFIRMED,30284,5451.12,1000,34735.12,PENDING
BK01842,PS00308,FL0056,2026-05-18T11:12:00.000+05:30,ECONOMY,CONFIRMED,6408,1153.44,0,7561.44,PAID
BK01843,PS00740,FL0071,2026-08-11T13:39:00.000+05:30,ECONOMY,CONFIRMED,3215,578.7,2000,1793.7,PAID
BK01844,PS00181,FL0120,2026-06-21T21:25:00.000+05:30,ECONOMY,CONFIRMED,4863,875.34,0,5738.34,PAID
BK01845,PS00620,FL0088,2026-06-21T01:28:00.000+05:30,BUSINESS,CONFIRMED,13322,2397.96,1500,14219.96,PENDING
BK01846,PS00306,FL0046,2026-06-28T20:49:00.000+05:30,BUSINESS,CONFIRMED,12796,2303.28,500,14599.28,PAID
BK01847,PS00917,FL0179,2026-04-29T17:01:00.000+05:30,FIRST,PENDING,30263,5447.34,0,35710.34,PAID
BK01848,PS00721,FL0141,2026-06-20T23:30:00.000+05:30,ECONOMY,CONFIRMED,4839,871.02,2000,3710.02,PAID
BK01849,PS00834,FL0032,2026-07-12T00:14:00.000+05:30,PREMIUM ECONOMY,CONFIRMED,8063,1451.34,1000,8514.34,PAID
BK01850,PS00157,FL0059,2026-07-14T04:58:00.000+05:30,ECONOMY,CONFIRMED,3908,703.44,2000,2611.44,PAID
BK01851,PS00922,FL0014,2026-04-15T13:07:00.000+05:30,BUSINESS,CONFIRMED,24570,4422.6,1000,27992.6,PAID
BK01852,PS00182,FL0161,2026-05-08T20:10:00.000+05:30,ECONOMY,CONFIRMED,3393,610.74,2000,2003.74,PAID
BK01853,PS00155,FL0052,2026-06-18T12:14:00.000+05:30,ECONOMY,PENDING,4092,736.56,2000,2828.56,PAID
BK01854,PS00733,FL0006,2026-06-13T17:54:00.000+05:30,ECONOMY,CONFIRMED,6518,1173.24,1500,6191.24,PAID
BK01855,PS00283,FL0054,2026-05-29T10:45:00.000+05:30,ECONOMY,CONFIRMED,6038,1086.84,1500,5624.84,PAID
BK01856,PS00245,FL0141,2026-07-02T23:30:00.000+05:30,PREMIUM ECONOMY,CANCELLED,10921,1965.78,1000,11886.78,PENDING
BK01857,PS00894,FL0195,2026-04-29T21:13:00.000+05:30,ECONOMY,CONFIRMED,4341,781.38,2000,3122.38,PAID
BK01858,PS00650,FL0183,2026-08-07T22:19:00.000+05:30,ECONOMY,CONFIRMED,6089,1096.02,1000,6185.02,PAID
BK01859,PS00691,FL0172,2026-04-16T13:45:00.000+05:30,FIRST,CANCELLED,37531,6755.58,1500,42786.58,PAID
BK01860,PS00820,FL0171,2026-05-01T15:42:00.000+05:30,ECONOMY,CONFIRMED,6042,1087.56,2000,5129.56,PENDING
BK01861,PS00518,FL0142,2026-08-04T17:53:00.000+05:30,ECONOMY,CONFIRMED,7742,1393.56,1500,7635.56,PAID
BK01862,PS00947,FL0069,2026-06-25T23:07:00.000+05:30,ECONOMY,CONFIRMED,6263,1127.34,2000,5390.34,PAID
BK01863,PS00716,FL0132,2026-06-08T20:02:00.000+05:30,ECONOMY,CONFIRMED,6196,1115.28,2000,5311.28,PAID
BK01864,PS00417,FL0035,2026-06-23T03:33:00.000+05:30,ECONOMY,CONFIRMED,3804,684.72,500,3988.72,PAID
BK01865,PS00281,FL0155,2026-05-02T06:11:00.000+05:30,ECONOMY,CONFIRMED,4288,771.84,500,4559.84,PAID
BK01866,PS00038,FL0100,2026-08-14T18:25:00.000+05:30,ECONOMY,CONFIRMED,5975,1075.5,1500,5550.5,PAID
BK01867,PS00185,FL0189,2026-05-17T10:48:00.000+05:30,ECONOMY,CONFIRMED,7035,1266.3,1500,6801.3,PAID
BK01868,PS00371,FL0182,2026-06-01T15:10:00.000+05:30,ECONOMY,CONFIRMED,6750,1215.0,2000,5965.0,PAID
BK01869,PS00822,FL0042,2026-05-13T08:07:00.000+05:30,FIRST,CONFIRMED,36927,6646.86,2000,41573.86,PAID
BK01870,PS00640,FL0017,2026-08-16T08:56:00.000+05:30,ECONOMY,CONFIRMED,7090,1276.2,2000,6366.2,PAID
BK01871,PS00740,FL0178,2026-06-29T07:36:00.000+05:30,FIRST,CONFIRMED,31578,5684.04,500,36762.04,PAID
BK01872,PS00519,FL0009,2026-05-09T01:29:00.000+05:30,ECONOMY,CONFIRMED,4946,890.28,0,5836.28,PAID
BK01873,PS00705,FL0154,2026-04-23T18:41:00.000+05:30,ECONOMY,CONFIRMED,6648,1196.64,2000,5844.64,PAID
BK01874,PS00925,FL0148,2026-07-18T19:51:00.000+05:30,BUSINESS,CONFIRMED,24968,4494.24,500,28962.24,PAID
BK01875,PS00382,FL0022,2026-08-16T08:13:00.000+05:30,ECONOMY,CONFIRMED,3251,585.18,2000,1836.18,PAID
BK01876,PS00232,FL0058,2026-06-02T08:10:00.000+05:30,BUSINESS,CONFIRMED,12481,2246.58,2000,12727.58,PENDING
BK01877,PS00597,FL0154,2026-06-03T18:41:00.000+05:30,BUSINESS,CONFIRMED,13818,2487.24,0,16305.24,PAID
BK01878,PS00424,FL0139,2026-05-15T12:04:00.000+05:30,BUSINESS,CONFIRMED,22252,4005.36,1500,24757.36,PAID
BK01879,PS00454,FL0039,2026-07-19T01:47:00.000+05:30,ECONOMY,CONFIRMED,4601,828.18,1500,3929.18,PAID
BK01880,PS00502,FL0152,2026-05-10T13:38:00.000+05:30,PREMIUM ECONOMY,CONFIRMED,8711,1567.98,1000,9278.98,PAID
BK01881,PS00395,FL0024,2026-07-22T06:29:00.000+05:30,ECONOMY,CONFIRMED,3179,572.22,500,3251.22,PAID
BK01882,PS00510,FL0093,2026-04-18T07:37:00.000+05:30,ECONOMY,CONFIRMED,6827,1228.86,500,7555.86,PENDING
BK01883,PS00176,FL0181,2026-06-26T19:53:00.000+05:30,ECONOMY,CONFIRMED,4267,768.06,2000,3035.06,PENDING
BK01884,PS00779,FL0129,2026-06-30T13:09:00.000+05:30,ECONOMY,CONFIRMED,6390,1150.2,1000,6540.2,PAID
BK01885,PS00977,FL0126,2026-07-26T21:39:00.000+05:30,PREMIUM ECONOMY,CONFIRMED,10686,1923.48,1500,11109.48,PAID
BK01886,PS00491,FL0046,2026-05-05T20:49:00.000+05:30,ECONOMY,CONFIRMED,7307,1315.26,500,8122.26,PAID
BK01887,PS00590,FL0026,2026-05-08T22:05:00.000+05:30,BUSINESS,CONFIRMED,18830,3389.4,1500,20719.4,PAID
BK01888,PS00960,FL0072,2026-08-17T10:20:00.000+05:30,BUSINESS,PENDING,16657,2998.26,1500,18155.26,PAID
BK01889,PS00679,FL0128,2026-06-17T00:01:00.000+05:30,PREMIUM ECONOMY,CONFIRMED,11798,2123.64,2000,11921.64,PAID
BK01890,PS00449,FL0050,2026-07-10T22:38:00.000+05:30,PREMIUM ECONOMY,CONFIRMED,10355,1863.9,500,11718.9,PAID
BK01891,PS00344,FL0096,2026-07-30T20:50:00.000+05:30,BUSINESS,CONFIRMED,24998,4499.64,1000,28497.64,PAID
BK01892,PS00966,FL0099,2026-04-30T13:57:00.000+05:30,PREMIUM ECONOMY,CONFIRMED,10115,1820.7,500,11435.7,PAID
BK01893,PS00026,FL0037,2026-05-19T18:43:00.000+05:30,ECONOMY,CONFIRMED,7449,1340.82,2000,6789.82,PAID
BK01894,PS00722,FL0059,2026-06-06T04:58:00.000+05:30,ECONOMY,CONFIRMED,3820,687.6,2000,2507.6,PAID
BK01895,PS00524,FL0164,2026-05-01T01:16:00.000+05:30,ECONOMY,CANCELLED,3036,546.48,2000,1582.48,PAID
BK01896,PS00903,FL0188,2026-05-02T03:01:00.000+05:30,BUSINESS,PENDING,20435,3678.3,500,23613.3,PAID
BK01897,PS00222,FL0145,2026-07-10T12:44:00.000+05:30,ECONOMY,CONFIRMED,3113,560.34,0,3673.34,PAID
BK01898,PS00322,FL0133,2026-07-23T07:05:00.000+05:30,BUSINESS,CONFIRMED,12541,2257.38,0,14798.38,PAID
BK01899,PS00490,FL0127,2026-05-28T01:50:00.000+05:30,ECONOMY,PENDING,7008,1261.44,2000,6269.44,PENDING
BK01900,PS00184,FL0004,2026-07-09T03:45:00.000+05:30,BUSINESS,CONFIRMED,16750,3015.0,1500,18265.0,PAID
BK01901,PS00855,FL0092,2026-05-12T01:56:00.000+05:30,BUSINESS,CONFIRMED,20672,3720.96,2000,22392.96,PAID
BK01902,PS00826,FL0118,2026-07-08T10:51:00.000+05:30,ECONOMY,CONFIRMED,4062,731.16,1000,3793.16,PAID
BK01903,PS00480,FL0016,2026-05-27T06:12:00.000+05:30,BUSINESS,CONFIRMED,24812,4466.16,1500,27778.16,PENDING
BK01904,PS00508,FL0053,2026-05-20T05:02:00.000+05:30,ECONOMY,CONFIRMED,7189,1294.02,0,8483.02,PAID
BK01905,PS00101,FL0173,2026-07-31T09:11:00.000+05:30,BUSINESS,CONFIRMED,24441,4399.38,1500,27340.38,PAID
BK01906,PS00959,FL0171,2026-05-31T15:42:00.000+05:30,ECONOMY,CONFIRMED,7617,1371.06,1000,7988.06,PAID
BK01907,PS00159,FL0008,2026-08-09T07:56:00.000+05:30,ECONOMY,PENDING,6027,1084.86,1000,6111.86,PAID
BK01908,PS00476,FL0092,2026-04-17T01:56:00.000+05:30,PREMIUM ECONOMY,CONFIRMED,9739,1753.02,0,11492.02,PAID
BK01909,PS00013,FL0171,2026-04-20T15:42:00.000+05:30,BUSINESS,CONFIRMED,22555,4059.9,2000,24614.9,PAID
BK01910,PS00428,FL0175,2026-06-07T20:18:00.000+05:30,ECONOMY,CONFIRMED,4146,746.28,1000,3892.28,PAID
BK01911,PS00515,FL0200,2026-06-19T07:44:00.000+05:30,ECONOMY,CONFIRMED,3922,705.96,0,4627.96,PENDING
BK01912,PS00700,FL0009,2026-07-08T01:29:00.000+05:30,ECONOMY,CONFIRMED,4698,845.64,2000,3543.64,PAID
BK01913,PS00894,FL0191,2026-04-10T00:54:00.000+05:30,ECONOMY,CONFIRMED,4302,774.36,1500,3576.36,PAID
BK01914,PS00513,FL0198,2026-04-06T23:00:00.000+05:30,ECONOMY,CONFIRMED,5517,993.06,0,6510.06,PAID
BK01915,PS00387,FL0023,2026-05-31T20:11:00.000+05:30,ECONOMY,CONFIRMED,5586,1005.48,2000,4591.48,PAID
BK01916,PS00915,FL0103,2026-06-20T09:18:00.000+05:30,ECONOMY,CONFIRMED,7308,1315.44,0,8623.44,PAID
BK01917,PS00563,FL0140,2026-05-23T23:49:00.000+05:30,ECONOMY,CONFIRMED,3468,624.24,1000,3092.24,PAID
BK01918,PS00217,FL0055,2026-06-17T04:48:00.000+05:30,ECONOMY,CONFIRMED,6782,1220.76,0,8002.76,PENDING
BK01919,PS00314,FL0155,2026-08-08T06:11:00.000+05:30,BUSINESS,CONFIRMED,24076,4333.68,500,27909.68,PAID
BK01920,PS00548,FL0192,2026-05-12T12:51:00.000+05:30,ECONOMY,CONFIRMED,6454,1161.72,2000,5615.72,PAID
BK01921,PS00194,FL0071,2026-05-15T13:39:00.000+05:30,BUSINESS,CONFIRMED,13387,2409.66,1000,14796.66,PAID
BK01922,PS00510,FL0116,2026-07-19T12:06:00.000+05:30,PREMIUM ECONOMY,CANCELLED,9858,1774.44,1000,10632.44,PAID
BK01923,PS00914,FL0032,2026-07-14T00:14:00.000+05:30,ECONOMY,CONFIRMED,4671,840.78,500,5011.78,PAID
BK01924,PS00862,FL0078,2026-05-13T14:17:00.000+05:30,ECONOMY,CONFIRMED,4316,776.88,2000,3092.88,PAID
BK01925,PS00008,FL0001,2026-07-07T23:23:00.000+05:30,ECONOMY,CONFIRMED,5900,1062.0,1000,5962.0,PAID
BK01926,PS00083,FL0176,2026-06-30T02:41:00.000+05:30,ECONOMY,CONFIRMED,6091,1096.38,1000,6187.38,PAID
BK01927,PS00632,FL0125,2026-07-20T07:26:00.000+05:30,BUSINESS,CONFIRMED,13453,2421.54,0,15874.54,PAID
BK01928,PS00213,FL0181,2026-08-20T19:53:00.000+05:30,ECONOMY,CONFIRMED,6685,1203.3,1000,6888.3,PAID
BK01929,PS00471,FL0042,2026-06-11T08:07:00.000+05:30,FIRST,PENDING,34238,6162.84,0,40400.84,PAID
BK01930,PS00690,FL0144,2026-07-16T23:06:00.000+05:30,ECONOMY,CONFIRMED,6275,1129.5,1000,6404.5,PAID
BK01931,PS00960,FL0075,2026-05-10T02:42:00.000+05:30,ECONOMY,CONFIRMED,3731,671.58,0,4402.58,PAID
BK01932,PS00713,FL0097,2026-05-27T09:06:00.000+05:30,ECONOMY,CONFIRMED,3432,617.76,1500,2549.76,PAID
BK01933,PS00760,FL0040,2026-07-17T17:55:00.000+05:30,BUSINESS,CONFIRMED,19274,3469.32,1500,21243.32,PAID
BK01934,PS00419,FL0089,2026-07-19T02:36:00.000+05:30,ECONOMY,CANCELLED,3156,568.08,500,3224.08,PAID
BK01935,PS00042,FL0196,2026-04-29T00:36:00.000+05:30,ECONOMY,PENDING,5750,1035.0,500,6285.0,PAID
BK01936,PS00724,FL0111,2026-05-11T07:32:00.000+05:30,ECONOMY,PENDING,3087,555.66,500,3142.66,PAID
BK01937,PS00953,FL0013,2026-06-16T01:09:00.000+05:30,BUSINESS,PENDING,23591,4246.38,500,27337.38,PAID
BK01938,PS00597,FL0091,2026-06-09T21:07:00.000+05:30,ECONOMY,PENDING,6890,1240.2,1000,7130.2,PAID
BK01939,PS00649,FL0196,2026-05-05T00:36:00.000+05:30,PREMIUM ECONOMY,CONFIRMED,9969,1794.42,1000,10763.42,PAID
BK01940,PS00239,FL0146,2026-05-17T07:42:00.000+05:30,PREMIUM ECONOMY,CONFIRMED,11414,2054.52,500,12968.52,PAID
BK01941,PS00265,FL0183,2026-05-19T22:19:00.000+05:30,ECONOMY,CONFIRMED,4998,899.64,0,5897.64,PENDING
BK01942,PS00979,FL0196,2026-06-29T00:36:00.000+05:30,BUSINESS,CONFIRMED,12741,2293.38,500,14534.38,PAID
BK01943,PS00766,FL0008,2026-05-27T07:56:00.000+05:30,ECONOMY,CONFIRMED,6580,1184.4,0,7764.4,PAID
BK01944,PS00696,FL0147,2026-07-05T14:49:00.000+05:30,BUSINESS,CONFIRMED,17419,3135.42,2000,18554.42,PAID
BK01945,PS00535,FL0141,2026-05-31T23:30:00.000+05:30,ECONOMY,CONFIRMED,3693,664.74,1000,3357.74,PENDING
BK01946,PS00025,FL0035,2026-08-09T03:33:00.000+05:30,ECONOMY,CONFIRMED,7149,1286.82,1000,7435.82,PAID
BK01947,PS00903,FL0157,2026-07-05T00:55:00.000+05:30,ECONOMY,CONFIRMED,7967,1434.06,0,9401.06,PAID
BK01948,PS00095,FL0128,2026-06-14T00:01:00.000+05:30,ECONOMY,CANCELLED,6085,1095.3,1000,6180.3,PAID
BK01949,PS00063,FL0142,2026-04-23T17:53:00.000+05:30,ECONOMY,CONFIRMED,7568,1362.24,0,8930.24,PAID
BK01950,PS00048,FL0059,2026-06-20T04:58:00.000+05:30,ECONOMY,CONFIRMED,3664,659.52,1500,2823.52,PAID
BK01951,PS00036,FL0108,2026-05-20T13:18:00.000+05:30,PREMIUM ECONOMY,CONFIRMED,8223,1480.14,500,9203.14,PAID
BK01952,PS00958,FL0020,2026-08-08T17:18:00.000+05:30,ECONOMY,CONFIRMED,4302,774.36,0,5076.36,PAID
BK01953,PS00607,FL0039,2026-04-24T01:47:00.000+05:30,ECONOMY,CANCELLED,6630,1193.4,500,7323.4,PAID
BK01954,PS00927,FL0052,2026-07-15T12:14:00.000+05:30,ECONOMY,CONFIRMED,3865,695.7,2000,2560.7,PAID
BK01955,PS00670,FL0090,2026-07-14T21:05:00.000+05:30,ECONOMY,CONFIRMED,6139,1105.02,500,6744.02,PENDING
BK01956,PS00201,FL0195,2026-07-05T21:13:00.000+05:30,ECONOMY,CONFIRMED,4794,862.92,2000,3656.92,PAID
BK01957,PS00833,FL0116,2026-06-06T12:06:00.000+05:30,FIRST,CONFIRMED,34889,6280.02,0,41169.02,PAID
BK01958,PS00530,FL0060,2026-04-28T10:13:00.000+05:30,ECONOMY,CONFIRMED,3624,652.32,0,4276.32,PAID
BK01959,PS00166,FL0107,2026-04-23T02:22:00.000+05:30,ECONOMY,CONFIRMED,4004,720.72,1000,3724.72,PAID
BK01960,PS00561,FL0040,2026-08-27T17:55:00.000+05:30,ECONOMY,CONFIRMED,7697,1385.46,500,8582.46,PAID
BK01961,PS00849,FL0147,2026-06-19T14:49:00.000+05:30,ECONOMY,CONFIRMED,3021,543.78,1000,2564.78,PAID
BK01962,PS00356,FL0026,2026-05-06T22:05:00.000+05:30,ECONOMY,CONFIRMED,4085,735.3,1000,3820.3,PAID
BK01963,PS00289,FL0147,2026-04-28T14:49:00.000+05:30,FIRST,CONFIRMED,38493,6928.74,500,44921.74,PAID
BK01964,PS00654,FL0046,2026-08-20T20:49:00.000+05:30,FIRST,CONFIRMED,25614,4610.52,500,29724.52,PAID
BK01965,PS00943,FL0162,2026-06-02T12:14:00.000+05:30,ECONOMY,CONFIRMED,6559,1180.62,1500,6239.62,PAID
BK01966,PS00591,FL0041,2026-08-04T01:48:00.000+05:30,PREMIUM ECONOMY,CONFIRMED,10295,1853.1,1500,10648.1,PAID
BK01967,PS00173,FL0039,2026-05-21T01:47:00.000+05:30,ECONOMY,CONFIRMED,3434,618.12,1000,3052.12,PAID
BK01968,PS00830,FL0069,2026-07-13T23:07:00.000+05:30,ECONOMY,PENDING,4154,747.72,1000,3901.72,PENDING
BK01969,PS00886,FL0057,2026-07-03T08:35:00.000+05:30,ECONOMY,CONFIRMED,5965,1073.7,0,7038.7,PENDING
BK01970,PS00309,FL0182,2026-04-08T15:10:00.000+05:30,ECONOMY,CONFIRMED,3569,642.42,0,4211.42,PAID
BK01971,PS00638,FL0063,2026-05-29T23:44:00.000+05:30,ECONOMY,PENDING,6029,1085.22,1000,6114.22,PAID
BK01972,PS00661,FL0047,2026-07-09T02:11:00.000+05:30,ECONOMY,CONFIRMED,4064,731.52,500,4295.52,PENDING
BK01973,PS00356,FL0118,2026-06-06T10:51:00.000+05:30,ECONOMY,CONFIRMED,6091,1096.38,0,7187.38,PAID
BK01974,PS00524,FL0053,2026-05-15T05:02:00.000+05:30,BUSINESS,CONFIRMED,22354,4023.72,1500,24877.72,PAID
BK01975,PS00920,FL0006,2026-05-03T17:54:00.000+05:30,ECONOMY,CONFIRMED,7069,1272.42,1500,6841.42,PAID
BK01976,PS00234,FL0007,2026-08-09T19:26:00.000+05:30,ECONOMY,CONFIRMED,4004,720.72,1000,3724.72,PAID
BK01977,PS00532,FL0049,2026-08-22T18:21:00.000+05:30,PREMIUM ECONOMY,CONFIRMED,8746,1574.28,2000,8320.28,PAID
BK01978,PS00641,FL0147,2026-06-30T14:49:00.000+05:30,ECONOMY,CONFIRMED,4599,827.82,1500,3926.82,PAID
BK01979,PS00710,FL0092,2026-07-19T01:56:00.000+05:30,ECONOMY,CONFIRMED,7262,1307.16,0,8569.16,PAID
BK01980,PS00476,FL0085,2026-08-12T06:23:00.000+05:30,ECONOMY,CONFIRMED,6525,1174.5,0,7699.5,PENDING
BK01981,PS00290,FL0094,2026-06-19T06:12:00.000+05:30,BUSINESS,CONFIRMED,15748,2834.64,1500,17082.64,PAID
BK01982,PS00361,FL0020,2026-08-22T17:18:00.000+05:30,ECONOMY,CONFIRMED,3814,686.52,0,4500.52,PAID
BK01983,PS00253,FL0051,2026-06-05T00:24:00.000+05:30,ECONOMY,CONFIRMED,5338,960.84,500,5798.84,PAID
BK01984,PS00301,FL0049,2026-06-06T18:21:00.000+05:30,ECONOMY,CANCELLED,5345,962.1,500,5807.1,PAID
BK01985,PS00978,FL0145,2026-04-21T12:44:00.000+05:30,ECONOMY,CONFIRMED,7571,1362.78,0,8933.78,PAID
BK01986,PS00573,FL0070,2026-06-14T01:52:00.000+05:30,ECONOMY,PENDING,6197,1115.46,0,7312.46,PENDING
BK01987,PS00628,FL0061,2026-06-02T22:34:00.000+05:30,ECONOMY,CONFIRMED,5425,976.5,1500,4901.5,PAID
BK01988,PS00161,FL0132,2026-06-12T20:02:00.000+05:30,ECONOMY,CONFIRMED,6641,1195.38,500,7336.38,PAID
BK01989,PS00815,FL0146,2026-06-04T07:42:00.000+05:30,ECONOMY,CONFIRMED,5010,901.8,0,5911.8,PAID
BK01990,PS00732,FL0153,2026-08-15T12:05:00.000+05:30,ECONOMY,CONFIRMED,6698,1205.64,1000,6903.64,PAID
BK01991,PS00592,FL0116,2026-06-14T12:06:00.000+05:30,ECONOMY,CONFIRMED,6509,1171.62,1500,6180.62,PAID
BK01992,PS00360,FL0090,2026-07-24T21:05:00.000+05:30,ECONOMY,CANCELLED,4763,857.34,0,5620.34,PAID
BK01993,PS00236,FL0104,2026-04-27T13:10:00.000+05:30,ECONOMY,CONFIRMED,3121,561.78,2000,1682.78,PAID
BK01994,PS00594,FL0095,2026-05-20T03:52:00.000+05:30,ECONOMY,CONFIRMED,3405,612.9,500,3517.9,PAID
BK01995,PS00512,FL0060,2026-05-21T10:13:00.000+05:30,ECONOMY,CONFIRMED,7922,1425.96,500,8847.96,PENDING
BK01996,PS00975,FL0177,2026-07-13T07:12:00.000+05:30,ECONOMY,CONFIRMED,4986,897.48,1500,4383.48,PAID
BK01997,PS00437,FL0112,2026-04-29T02:49:00.000+05:30,BUSINESS,CONFIRMED,19531,3515.58,1500,21546.58,PAID
BK01998,PS00982,FL0020,2026-06-01T17:18:00.000+05:30,ECONOMY,CONFIRMED,5842,1051.56,1500,5393.56,PENDING
BK01999,PS00833,FL0102,2026-04-14T16:29:00.000+05:30,ECONOMY,CONFIRMED,7513,1352.34,2000,6865.34,PAID
BK02000,PS00812,FL0065,2026-07-27T03:33:00.000+05:30,BUSINESS,CONFIRMED,24252,4365.36,2000,26617.36,PAID
BK02001,PS00089,FL0199,2026-06-20T14:46:00.000+05:30,ECONOMY,CONFIRMED,5359,964.62,0,6323.62,PAID
BK02002,PS00295,FL0086,2026-05-21T13:16:00.000+05:30,ECONOMY,CONFIRMED,3669,660.42,0,4329.42,PAID
BK02003,PS00333,FL0005,2026-06-27T10:57:00.000+05:30,BUSINESS,PENDING,15748,2834.64,2000,16582.64,PAID
BK02004,PS00419,FL0002,2026-06-04T11:44:00.000+05:30,ECONOMY,CONFIRMED,3152,567.36,500,3219.36,PAID
BK02005,PS00548,FL0010,2026-07-15T09:55:00.000+05:30,ECONOMY,PENDING,4400,792.0,1500,3692.0,PAID
BK02006,PS00280,FL0105,2026-07-25T18:58:00.000+05:30,ECONOMY,CONFIRMED,3641,655.38,500,3796.38,PAID
BK02007,PS00171,FL0157,2026-05-23T00:55:00.000+05:30,ECONOMY,CONFIRMED,5360,964.8,0,6324.8,PAID
BK02008,PS00049,FL0140,2026-07-27T23:49:00.000+05:30,PREMIUM ECONOMY,CONFIRMED,10449,1880.82,1500,10829.82,PAID
BK02009,PS00862,FL0062,2026-06-22T12:00:00.000+05:30,ECONOMY,CONFIRMED,3954,711.72,2000,2665.72,PAID
BK02010,PS00123,FL0038,2026-05-19T08:19:00.000+05:30,ECONOMY,PENDING,6557,1180.26,500,7237.26,PAID
BK02011,PS00627,FL0143,2026-07-14T16:54:00.000+05:30,ECONOMY,CONFIRMED,3011,541.98,2000,1552.98,PAID
BK02012,PS00925,FL0018,2026-07-31T15:36:00.000+05:30,ECONOMY,CONFIRMED,7228,1301.04,2000,6529.04,PAID
BK02013,PS00051,FL0012,2026-06-21T23:44:00.000+05:30,ECONOMY,CONFIRMED,5635,1014.3,2000,4649.3,PENDING
BK02014,PS00755,FL0054,2026-06-23T10:45:00.000+05:30,PREMIUM ECONOMY,CONFIRMED,10636,1914.48,500,12050.48,PENDING
BK02015,PS00363,FL0005,2026-06-10T10:57:00.000+05:30,ECONOMY,CONFIRMED,4821,867.78,1500,4188.78,PAID
BK02016,PS00684,FL0134,2026-08-07T08:42:00.000+05:30,PREMIUM ECONOMY,CONFIRMED,9072,1632.96,1000,9704.96,PAID
BK02017,PS00580,FL0124,2026-07-09T21:31:00.000+05:30,BUSINESS,CONFIRMED,21734,3912.12,1500,24146.12,PAID
BK02018,PS00728,FL0124,2026-08-05T21:31:00.000+05:30,BUSINESS,PENDING,16386,2949.48,0,19335.48,PAID
BK02019,PS00705,FL0132,2026-04-18T20:02:00.000+05:30,BUSINESS,CONFIRMED,21057,3790.26,2000,22847.26,PAID
BK02020,PS00100,FL0003,2026-05-19T09:26:00.000+05:30,ECONOMY,CONFIRMED,6495,1169.1,1500,6164.1,PAID
BK02021,PS00668,FL0082,2026-05-17T23:43:00.000+05:30,BUSINESS,CONFIRMED,19360,3484.8,1000,21844.8,PAID
BK02022,PS00390,FL0120,2026-04-30T21:25:00.000+05:30,BUSINESS,PENDING,12496,2249.28,1000,13745.28,PENDING
BK02023,PS00595,FL0117,2026-06-03T05:35:00.000+05:30,ECONOMY,CONFIRMED,6272,1128.96,500,6900.96,REFUNDED
BK02024,PS00084,FL0128,2026-05-04T00:01:00.000+05:30,PREMIUM ECONOMY,CONFIRMED,10698,1925.64,500,12123.64,PAID
BK02025,PS00838,FL0055,2026-07-04T04:48:00.000+05:30,BUSINESS,CONFIRMED,18352,3303.36,500,21155.36,PAID
BK02026,PS00411,FL0185,2026-04-20T12:51:00.000+05:30,PREMIUM ECONOMY,CONFIRMED,8234,1482.12,500,9216.12,PAID
BK02027,PS00740,FL0178,2026-05-06T07:36:00.000+05:30,ECONOMY,CONFIRMED,5090,916.2,1000,5006.2,PAID
BK02028,PS00193,FL0012,2026-05-11T23:44:00.000+05:30,BUSINESS,CONFIRMED,16020,2883.6,0,18903.6,PAID
BK02029,PS00792,FL0013,2026-07-14T01:09:00.000+05:30,ECONOMY,CONFIRMED,7455,1341.9,0,8796.9,REFUNDED
BK02030,PS00113,FL0166,2026-07-03T19:03:00.000+05:30,ECONOMY,CANCELLED,7940,1429.2,1000,8369.2,PAID
BK02031,PS00261,FL0194,2026-04-16T06:24:00.000+05:30,ECONOMY,CONFIRMED,5693,1024.74,2000,4717.74,PAID
BK02032,PS00019,FL0136,2026-08-12T00:00:00.000+05:30,ECONOMY,CANCELLED,5884,1059.12,1500,5443.12,PAID
BK02033,PS00056,FL0058,2026-06-12T08:10:00.000+05:30,BUSINESS,CONFIRMED,21541,3877.38,500,24918.38,PAID
BK02034,PS00401,FL0053,2026-07-18T05:02:00.000+05:30,ECONOMY,CONFIRMED,5170,930.6,1500,4600.6,PAID
BK02035,PS00334,FL0181,2026-06-28T19:53:00.000+05:30,ECONOMY,CONFIRMED,4972,894.96,0,5866.96,PAID
BK02036,PS00905,FL0170,2026-08-10T02:40:00.000+05:30,ECONOMY,CONFIRMED,7436,1338.48,500,8274.48,PAID
BK02037,PS00609,FL0104,2026-07-17T13:10:00.000+05:30,ECONOMY,CONFIRMED,4960,892.8,1000,4852.8,PAID
BK02038,PS00321,FL0126,2026-07-21T21:39:00.000+05:30,ECONOMY,CONFIRMED,7104,1278.72,2000,6382.72,PAID
BK02039,PS00367,FL0159,2026-08-27T00:44:00.000+05:30,ECONOMY,CONFIRMED,4613,830.34,0,5443.34,PAID
BK02040,PS00927,FL0117,2026-04-15T05:35:00.000+05:30,ECONOMY,CONFIRMED,5808,1045.44,2000,4853.44,PAID
BK02041,PS00549,FL0170,2026-06-21T02:40:00.000+05:30,FIRST,CONFIRMED,31033,5585.94,2000,34618.94,PAID
BK02042,PS00620,FL0054,2026-04-29T10:45:00.000+05:30,BUSINESS,CONFIRMED,16895,3041.1,1000,18936.1,PAID
BK02043,PS00072,FL0073,2026-04-06T20:34:00.000+05:30,ECONOMY,CONFIRMED,5774,1039.32,1500,5313.32,PAID
BK02044,PS00545,FL0117,2026-07-24T05:35:00.000+05:30,ECONOMY,PENDING,5877,1057.86,0,6934.86,PAID
BK02045,PS00258,FL0046,2026-08-27T20:49:00.000+05:30,ECONOMY,CONFIRMED,5473,985.14,2000,4458.14,PAID
BK02046,PS00528,FL0192,2026-07-19T12:51:00.000+05:30,BUSINESS,CONFIRMED,21409,3853.62,1000,24262.62,PAID
BK02047,PS00182,FL0117,2026-07-02T05:35:00.000+05:30,ECONOMY,CONFIRMED,5898,1061.64,1500,5459.64,PAID
BK02048,PS00433,FL0165,2026-08-14T14:40:00.000+05:30,ECONOMY,CONFIRMED,4097,737.46,1000,3834.46,PAID
BK02049,PS00017,FL0094,2026-08-01T06:12:00.000+05:30,ECONOMY,CONFIRMED,7581,1364.58,1500,7445.58,PAID
BK02050,PS00842,FL0040,2026-05-08T17:55:00.000+05:30,ECONOMY,CONFIRMED,6325,1138.5,500,6963.5,PAID
BK02051,PS00891,FL0188,2026-07-11T03:01:00.000+05:30,ECONOMY,CONFIRMED,6706,1207.08,2000,5913.08,PAID
BK02052,PS00512,FL0194,2026-08-12T06:24:00.000+05:30,BUSINESS,CANCELLED,23071,4152.78,500,26723.78,PAID
BK02053,PS00900,FL0058,2026-07-19T08:10:00.000+05:30,ECONOMY,CONFIRMED,4162,749.16,500,4411.16,PAID
BK02054,PS00588,FL0143,2026-04-15T16:54:00.000+05:30,PREMIUM ECONOMY,PENDING,11537,2076.66,500,13113.66,PAID
BK02055,PS00664,FL0158,2026-07-09T23:39:00.000+05:30,ECONOMY,PENDING,3155,567.9,1500,2222.9,PAID
BK02056,PS00971,FL0083,2026-07-16T08:39:00.000+05:30,BUSINESS,CONFIRMED,16467,2964.06,0,19431.06,PENDING
BK02057,PS00126,FL0099,2026-05-12T13:57:00.000+05:30,ECONOMY,PENDING,4450,801.0,1500,3751.0,PAID
BK02058,PS00116,FL0035,2026-06-17T03:33:00.000+05:30,ECONOMY,CONFIRMED,6696,1205.28,0,7901.28,PENDING
BK02059,PS00673,FL0078,2026-06-04T14:17:00.000+05:30,PREMIUM ECONOMY,CONFIRMED,11135,2004.3,0,13139.3,PAID
BK02060,PS00353,FL0129,2026-06-13T13:09:00.000+05:30,ECONOMY,CONFIRMED,5839,1051.02,1000,5890.02,PAID
BK02061,PS00558,FL0030,2026-07-21T04:05:00.000+05:30,BUSINESS,CONFIRMED,19614,3530.52,1000,22144.52,PAID
BK02062,PS00207,FL0037,2026-05-13T18:43:00.000+05:30,ECONOMY,CANCELLED,7918,1425.24,2000,7343.24,PAID
BK02063,PS00446,FL0021,2026-06-02T16:16:00.000+05:30,BUSINESS,CONFIRMED,12758,2296.44,500,14554.44,PAID
BK02064,PS00572,FL0042,2026-05-06T08:07:00.000+05:30,BUSINESS,CONFIRMED,20679,3722.22,1500,22901.22,PAID
BK02065,PS00200,FL0185,2026-05-01T12:51:00.000+05:30,ECONOMY,CONFIRMED,6561,1180.98,0,7741.98,PAID
BK02066,PS00303,FL0100,2026-05-08T18:25:00.000+05:30,ECONOMY,CONFIRMED,4691,844.38,0,5535.38,PAID
BK02067,PS00843,FL0135,2026-05-21T12:36:00.000+05:30,ECONOMY,CONFIRMED,5552,999.36,500,6051.36,PENDING
BK02068,PS00960,FL0120,2026-07-26T21:25:00.000+05:30,ECONOMY,CONFIRMED,3637,654.66,2000,2291.66,PENDING
BK02069,PS00861,FL0182,2026-04-10T15:10:00.000+05:30,ECONOMY,PENDING,3659,658.62,1500,2817.62,PAID
BK02070,PS00312,FL0199,2026-05-03T14:46:00.000+05:30,ECONOMY,CONFIRMED,5571,1002.78,1000,5573.78,PENDING
BK02071,PS00016,FL0042,2026-07-09T08:07:00.000+05:30,ECONOMY,CONFIRMED,3042,547.56,0,3589.56,PAID
BK02072,PS00470,FL0003,2026-05-12T09:26:00.000+05:30,ECONOMY,CONFIRMED,3014,542.52,0,3556.52,PAID
BK02073,PS00573,FL0113,2026-05-16T11:26:00.000+05:30,BUSINESS,CONFIRMED,12433,2237.94,1000,13670.94,PAID
BK02074,PS00572,FL0098,2026-06-21T19:28:00.000+05:30,ECONOMY,CONFIRMED,3623,652.14,1500,2775.14,PENDING
BK02075,PS00567,FL0008,2026-07-21T07:56:00.000+05:30,BUSINESS,CONFIRMED,18798,3383.64,1500,20681.64,PAID
BK02076,PS00046,FL0119,2026-04-23T23:00:00.000+05:30,FIRST,CONFIRMED,39975,7195.5,500,46670.5,PAID
BK02077,PS00562,FL0097,2026-04-15T09:06:00.000+05:30,ECONOMY,CONFIRMED,5340,961.2,500,5801.2,PAID
BK02078,PS00339,FL0066,2026-07-17T05:19:00.000+05:30,ECONOMY,CONFIRMED,7042,1267.56,1000,7309.56,PAID
BK02079,PS00224,FL0158,2026-07-13T23:39:00.000+05:30,ECONOMY,CONFIRMED,5551,999.18,0,6550.18,PAID
BK02080,PS00263,FL0005,2026-04-22T10:57:00.000+05:30,ECONOMY,CANCELLED,4765,857.7,1000,4622.7,PAID
BK02081,PS00966,FL0128,2026-06-03T00:01:00.000+05:30,ECONOMY,CONFIRMED,7343,1321.74,500,8164.74,PAID
BK02082,PS00669,FL0121,2026-05-04T05:51:00.000+05:30,PREMIUM ECONOMY,CONFIRMED,9729,1751.22,0,11480.22,PAID
BK02083,PS00648,FL0163,2026-04-22T08:18:00.000+05:30,ECONOMY,CONFIRMED,3611,649.98,1500,2760.98,PAID
BK02084,PS00803,FL0051,2026-05-18T00:24:00.000+05:30,ECONOMY,PENDING,7371,1326.78,0,8697.78,PAID
BK02085,PS00562,FL0129,2026-04-15T13:09:00.000+05:30,ECONOMY,CONFIRMED,6800,1224.0,1000,7024.0,PAID
BK02086,PS00625,FL0044,2026-07-24T15:19:00.000+05:30,FIRST,CONFIRMED,34001,6120.18,500,39621.18,PAID
BK02087,PS00017,FL0137,2026-07-21T17:20:00.000+05:30,ECONOMY,CONFIRMED,4416,794.88,1000,4210.88,PAID
BK02088,PS00314,FL0112,2026-06-11T02:49:00.000+05:30,ECONOMY,CONFIRMED,6175,1111.5,1000,6286.5,PAID
BK02089,PS00302,FL0157,2026-06-13T00:55:00.000+05:30,ECONOMY,CONFIRMED,5589,1006.02,2000,4595.02,PAID
BK02090,PS00117,FL0013,2026-07-06T01:09:00.000+05:30,ECONOMY,CONFIRMED,5817,1047.06,0,6864.06,PAID
BK02091,PS00152,FL0079,2026-07-16T02:26:00.000+05:30,ECONOMY,CONFIRMED,7521,1353.78,1000,7874.78,PAID
BK02092,PS00198,FL0190,2026-05-21T12:08:00.000+05:30,ECONOMY,PENDING,5449,980.82,500,5929.82,PAID
BK02093,PS00771,FL0107,2026-07-26T02:22:00.000+05:30,FIRST,CONFIRMED,37956,6832.08,1500,43288.08,PAID
BK02094,PS00517,FL0098,2026-07-17T19:28:00.000+05:30,BUSINESS,CONFIRMED,18878,3398.04,1000,21276.04,PAID
BK02095,PS00454,FL0131,2026-05-02T17:30:00.000+05:30,ECONOMY,CONFIRMED,3067,552.06,1500,2119.06,PAID
BK02096,PS00393,FL0003,2026-08-18T09:26:00.000+05:30,ECONOMY,CONFIRMED,3214,578.52,0,3792.52,PAID
BK02097,PS00236,FL0053,2026-07-11T05:02:00.000+05:30,ECONOMY,CANCELLED,6882,1238.76,2000,6120.76,PAID
BK02098,PS00560,FL0172,2026-06-20T13:45:00.000+05:30,ECONOMY,CANCELLED,3075,553.5,500,3128.5,REFUNDED
BK02099,PS00645,FL0152,2026-07-03T13:38:00.000+05:30,ECONOMY,CONFIRMED,6941,1249.38,1000,7190.38,PAID
BK02100,PS00002,FL0055,2026-04-07T04:48:00.000+05:30,ECONOMY,CONFIRMED,3360,604.8,1000,2964.8,PAID
BK02101,PS00681,FL0075,2026-06-19T02:42:00.000+05:30,ECONOMY,CONFIRMED,5451,981.18,2000,4432.18,PAID
BK02102,PS00742,FL0141,2026-06-04T23:30:00.000+05:30,PREMIUM ECONOMY,CONFIRMED,11053,1989.54,0,13042.54,PAID
BK02103,PS00713,FL0042,2026-04-23T08:07:00.000+05:30,BUSINESS,PENDING,13119,2361.42,2000,13480.42,PENDING
BK02104,PS00531,FL0126,2026-06-28T21:39:00.000+05:30,ECONOMY,PENDING,5338,960.84,2000,4298.84,PAID
BK02105,PS00163,FL0047,2026-07-05T02:11:00.000+05:30,PREMIUM ECONOMY,CONFIRMED,8915,1604.7,0,10519.7,PAID
BK02106,PS00876,FL0188,2026-07-24T03:01:00.000+05:30,FIRST,CANCELLED,32620,5871.6,2000,36491.6,PENDING
BK02107,PS00974,FL0009,2026-05-20T01:29:00.000+05:30,PREMIUM ECONOMY,CONFIRMED,8375,1507.5,0,9882.5,PAID
BK02108,PS00777,FL0065,2026-04-13T03:33:00.000+05:30,PREMIUM ECONOMY,PENDING,9753,1755.54,2000,9508.54,PAID
BK02109,PS00040,FL0060,2026-05-03T10:13:00.000+05:30,ECONOMY,CONFIRMED,5554,999.72,1500,5053.72,PAID
BK02110,PS00748,FL0091,2026-08-08T21:07:00.000+05:30,ECONOMY,CONFIRMED,5017,903.06,0,5920.06,PAID
BK02111,PS00553,FL0021,2026-05-26T16:16:00.000+05:30,ECONOMY,CONFIRMED,3293,592.74,1500,2385.74,PAID
BK02112,PS00751,FL0039,2026-07-01T01:47:00.000+05:30,PREMIUM ECONOMY,PENDING,9483,1706.94,2000,9189.94,PAID
BK02113,PS00572,FL0012,2026-06-28T23:44:00.000+05:30,ECONOMY,PENDING,6988,1257.84,500,7745.84,PAID
BK02114,PS00384,FL0170,2026-04-26T02:40:00.000+05:30,PREMIUM ECONOMY,CONFIRMED,9858,1774.44,1500,10132.44,PAID
BK02115,PS00896,FL0106,2026-07-04T09:14:00.000+05:30,ECONOMY,CONFIRMED,5732,1031.76,500,6263.76,PAID
BK02116,PS00231,FL0044,2026-06-22T15:19:00.000+05:30,ECONOMY,CONFIRMED,5945,1070.1,1000,6015.1,PAID
BK02117,PS00339,FL0143,2026-05-15T16:54:00.000+05:30,ECONOMY,CONFIRMED,3815,686.7,0,4501.7,PAID
BK02118,PS00681,FL0165,2026-06-22T14:40:00.000+05:30,PREMIUM ECONOMY,CONFIRMED,9619,1731.42,0,11350.42,PENDING
BK02119,PS00112,FL0151,2026-07-02T13:13:00.000+05:30,ECONOMY,CONFIRMED,3066,551.88,500,3117.88,PAID
BK02120,PS00278,FL0117,2026-07-06T05:35:00.000+05:30,ECONOMY,CONFIRMED,6823,1228.14,500,7551.14,PAID
BK02121,PS00413,FL0108,2026-06-13T13:18:00.000+05:30,BUSINESS,CONFIRMED,13700,2466.0,1000,15166.0,PAID
BK02122,PS00089,FL0178,2026-05-26T07:36:00.000+05:30,BUSINESS,CONFIRMED,22544,4057.92,2000,24601.92,PAID
BK02123,PS00115,FL0052,2026-08-09T12:14:00.000+05:30,BUSINESS,CONFIRMED,24567,4422.06,500,28489.06,PENDING
BK02124,PS00533,FL0017,2026-04-24T08:56:00.000+05:30,PREMIUM ECONOMY,CONFIRMED,8708,1567.44,0,10275.44,PAID
BK02125,PS00846,FL0026,2026-05-28T22:05:00.000+05:30,PREMIUM ECONOMY,CONFIRMED,10173,1831.14,0,12004.14,PAID
BK02126,PS00542,FL0001,2026-08-17T23:23:00.000+05:30,ECONOMY,CONFIRMED,4953,891.54,1500,4344.54,PAID
BK02127,PS00353,FL0194,2026-07-10T06:24:00.000+05:30,ECONOMY,CONFIRMED,7408,1333.44,0,8741.44,PAID
BK02128,PS00773,FL0016,2026-04-21T06:12:00.000+05:30,ECONOMY,CONFIRMED,4646,836.28,1000,4482.28,PAID
BK02129,PS00850,FL0087,2026-04-29T17:39:00.000+05:30,FIRST,CONFIRMED,32297,5813.46,1500,36610.46,PAID
BK02130,PS00356,FL0165,2026-07-11T14:40:00.000+05:30,BUSINESS,CONFIRMED,17664,3179.52,1500,19343.52,PAID
BK02131,PS00218,FL0171,2026-06-14T15:42:00.000+05:30,PREMIUM ECONOMY,CONFIRMED,9730,1751.4,2000,9481.4,PAID
BK02132,PS00983,FL0089,2026-04-10T02:36:00.000+05:30,ECONOMY,CANCELLED,5363,965.34,500,5828.34,PAID
BK02133,PS00775,FL0129,2026-05-01T13:09:00.000+05:30,ECONOMY,CONFIRMED,3441,619.38,500,3560.38,PAID
BK02134,PS00652,FL0046,2026-07-17T20:49:00.000+05:30,BUSINESS,CONFIRMED,24477,4405.86,2000,26882.86,PAID
BK02135,PS00186,FL0172,2026-05-22T13:45:00.000+05:30,BUSINESS,PENDING,24293,4372.74,0,28665.74,PAID
BK02136,PS00527,FL0116,2026-05-25T12:06:00.000+05:30,ECONOMY,CONFIRMED,4997,899.46,500,5396.46,PAID
BK02137,PS00262,FL0048,2026-08-08T00:59:00.000+05:30,ECONOMY,CONFIRMED,5962,1073.16,1500,5535.16,PAID
BK02138,PS00463,FL0001,2026-05-08T23:23:00.000+05:30,ECONOMY,CONFIRMED,7260,1306.8,1000,7566.8,REFUNDED
BK02139,PS00749,FL0123,2026-08-20T22:32:00.000+05:30,ECONOMY,CONFIRMED,5304,954.72,0,6258.72,PAID
BK02140,PS00589,FL0092,2026-07-01T01:56:00.000+05:30,BUSINESS,CONFIRMED,15161,2728.98,2000,15889.98,PENDING
BK02141,PS00208,FL0010,2026-07-15T09:55:00.000+05:30,ECONOMY,CONFIRMED,4566,821.88,1500,3887.88,PAID
BK02142,PS00422,FL0161,2026-05-01T20:10:00.000+05:30,ECONOMY,CONFIRMED,6571,1182.78,0,7753.78,PAID
BK02143,PS00949,FL0125,2026-05-05T07:26:00.000+05:30,BUSINESS,CONFIRMED,22968,4134.24,1000,26102.24,PAID
BK02144,PS00457,FL0079,2026-06-22T02:26:00.000+05:30,PREMIUM ECONOMY,CONFIRMED,9806,1765.08,0,11571.08,PAID
BK02145,PS00487,FL0035,2026-06-28T03:33:00.000+05:30,ECONOMY,CONFIRMED,5404,972.72,1500,4876.72,PAID
BK02146,PS00846,FL0016,2026-05-14T06:12:00.000+05:30,FIRST,CONFIRMED,28025,5044.5,2000,31069.5,PENDING
BK02147,PS00315,FL0150,2026-06-16T01:07:00.000+05:30,ECONOMY,CONFIRMED,6780,1220.4,1000,7000.4,PAID
BK02148,PS00700,FL0098,2026-08-14T19:28:00.000+05:30,FIRST,CONFIRMED,39075,7033.5,0,46108.5,PAID
BK02149,PS00212,FL0063,2026-05-29T23:44:00.000+05:30,PREMIUM ECONOMY,CONFIRMED,11528,2075.04,0,13603.04,PAID
BK02150,PS00986,FL0127,2026-04-29T01:50:00.000+05:30,ECONOMY,CONFIRMED,7717,1389.06,2000,7106.06,PAID
BK02151,PS00549,FL0030,2026-08-15T04:05:00.000+05:30,ECONOMY,CONFIRMED,7492,1348.56,1500,7340.56,PAID
BK02152,PS00208,FL0090,2026-05-26T21:05:00.000+05:30,ECONOMY,CONFIRMED,4647,836.46,1000,4483.46,PAID
BK02153,PS00210,FL0189,2026-05-13T10:48:00.000+05:30,ECONOMY,CONFIRMED,7269,1308.42,1500,7077.42,PAID
BK02154,PS00618,FL0145,2026-07-12T12:44:00.000+05:30,BUSINESS,CONFIRMED,13093,2356.74,0,15449.74,PENDING
BK02155,PS00284,FL0015,2026-05-08T01:50:00.000+05:30,PREMIUM ECONOMY,CONFIRMED,10827,1948.86,2000,10775.86,PAID
BK02156,PS00162,FL0025,2026-08-06T17:16:00.000+05:30,FIRST,CONFIRMED,38020,6843.6,2000,42863.6,PAID
BK02157,PS00567,FL0196,2026-06-20T00:36:00.000+05:30,ECONOMY,CONFIRMED,5164,929.52,2000,4093.52,PAID
BK02158,PS00070,FL0010,2026-07-23T09:55:00.000+05:30,ECONOMY,CONFIRMED,5991,1078.38,2000,5069.38,PAID
BK02159,PS00161,FL0036,2026-08-04T16:28:00.000+05:30,ECONOMY,CONFIRMED,3176,571.68,2000,1747.68,PAID
BK02160,PS00649,FL0052,2026-06-07T12:14:00.000+05:30,ECONOMY,CONFIRMED,4236,762.48,1000,3998.48,PAID
BK02161,PS00908,FL0054,2026-06-16T10:45:00.000+05:30,ECONOMY,CONFIRMED,7917,1425.06,2000,7342.06,PAID
BK02162,PS00500,FL0178,2026-05-29T07:36:00.000+05:30,ECONOMY,CONFIRMED,6857,1234.26,2000,6091.26,PAID
BK02163,PS00606,FL0193,2026-06-02T01:05:00.000+05:30,ECONOMY,CONFIRMED,4832,869.76,1000,4701.76,PENDING
BK02164,PS00953,FL0149,2026-05-17T13:58:00.000+05:30,ECONOMY,CONFIRMED,6987,1257.66,1500,6744.66,PENDING
BK02165,PS00161,FL0020,2026-05-24T17:18:00.000+05:30,ECONOMY,CONFIRMED,3494,628.92,2000,2122.92,PAID
BK02166,PS00304,FL0039,2026-06-02T01:47:00.000+05:30,BUSINESS,CANCELLED,24173,4351.14,2000,26524.14,PAID
BK02167,PS00703,FL0110,2026-06-30T10:52:00.000+05:30,ECONOMY,CONFIRMED,4044,727.92,1500,3271.92,PENDING
BK02168,PS00899,FL0008,2026-07-30T07:56:00.000+05:30,ECONOMY,PENDING,6632,1193.76,500,7325.76,PAID
BK02169,PS00493,FL0015,2026-04-30T01:50:00.000+05:30,PREMIUM ECONOMY,CONFIRMED,8399,1511.82,2000,7910.82,PAID
BK02170,PS00301,FL0149,2026-07-06T13:58:00.000+05:30,PREMIUM ECONOMY,CONFIRMED,8699,1565.82,1000,9264.82,PAID
BK02171,PS00807,FL0097,2026-07-10T09:06:00.000+05:30,ECONOMY,CONFIRMED,3689,664.02,1500,2853.02,PAID
BK02172,PS00926,FL0067,2026-05-27T02:49:00.000+05:30,FIRST,CONFIRMED,33817,6087.06,0,39904.06,PAID
BK02173,PS00427,FL0165,2026-07-21T14:40:00.000+05:30,ECONOMY,CONFIRMED,6873,1237.14,0,8110.14,PAID
BK02174,PS00248,FL0001,2026-08-17T23:23:00.000+05:30,ECONOMY,CONFIRMED,4601,828.18,1000,4429.18,PAID
BK02175,PS00175,FL0140,2026-08-18T23:49:00.000+05:30,BUSINESS,CONFIRMED,19134,3444.12,500,22078.12,PAID
BK02176,PS00379,FL0061,2026-05-26T22:34:00.000+05:30,ECONOMY,CONFIRMED,5652,1017.36,0,6669.36,PAID
BK02177,PS00022,FL0186,2026-06-28T08:30:00.000+05:30,ECONOMY,CONFIRMED,4944,889.92,500,5333.92,PENDING
BK02178,PS00860,FL0159,2026-05-30T00:44:00.000+05:30,ECONOMY,CONFIRMED,6119,1101.42,500,6720.42,PAID
BK02179,PS00729,FL0079,2026-05-27T02:26:00.000+05:30,ECONOMY,CONFIRMED,3339,601.02,1500,2440.02,PAID
BK02180,PS00467,FL0134,2026-05-31T08:42:00.000+05:30,ECONOMY,CONFIRMED,6535,1176.3,1000,6711.3,PAID
BK02181,PS00714,FL0005,2026-05-20T10:57:00.000+05:30,BUSINESS,CONFIRMED,22517,4053.06,1000,25570.06,PENDING
BK02182,PS00348,FL0083,2026-05-27T08:39:00.000+05:30,BUSINESS,CONFIRMED,17269,3108.42,1500,18877.42,PAID
BK02183,PS00414,FL0153,2026-07-03T12:05:00.000+05:30,ECONOMY,CONFIRMED,3029,545.22,2000,1574.22,PAID
BK02184,PS00595,FL0197,2026-06-14T20:31:00.000+05:30,ECONOMY,CONFIRMED,5624,1012.32,500,6136.32,PAID
BK02185,PS00412,FL0056,2026-07-03T11:12:00.000+05:30,ECONOMY,PENDING,4107,739.26,2000,2846.26,PAID
BK02186,PS00447,FL0101,2026-08-23T19:08:00.000+05:30,FIRST,CONFIRMED,30496,5489.28,1500,34485.28,PAID
BK02187,PS00139,FL0018,2026-07-24T15:36:00.000+05:30,BUSINESS,CONFIRMED,24458,4402.44,0,28860.44,PAID
BK02188,PS00463,FL0034,2026-06-26T15:35:00.000+05:30,ECONOMY,CONFIRMED,4890,880.2,500,5270.2,PENDING
BK02189,PS00015,FL0192,2026-07-05T12:51:00.000+05:30,PREMIUM ECONOMY,CONFIRMED,9551,1719.18,0,11270.18,PAID
BK02190,PS00442,FL0029,2026-07-29T09:42:00.000+05:30,ECONOMY,CONFIRMED,3572,642.96,2000,2214.96,PAID
BK02191,PS00586,FL0003,2026-07-01T09:26:00.000+05:30,PREMIUM ECONOMY,PENDING,8628,1553.04,0,10181.04,PAID
BK02192,PS00915,FL0093,2026-06-14T07:37:00.000+05:30,ECONOMY,CONFIRMED,7496,1349.28,1500,7345.28,PAID
BK02193,PS00518,FL0038,2026-07-22T08:19:00.000+05:30,ECONOMY,CONFIRMED,4789,862.02,1500,4151.02,PAID
BK02194,PS00720,FL0104,2026-07-07T13:10:00.000+05:30,ECONOMY,CONFIRMED,7073,1273.14,0,8346.14,PAID
BK02195,PS00623,FL0124,2026-07-05T21:31:00.000+05:30,BUSINESS,CONFIRMED,13316,2396.88,1500,14212.88,PAID
BK02196,PS00570,FL0173,2026-06-06T09:11:00.000+05:30,ECONOMY,CONFIRMED,3110,559.8,2000,1669.8,PAID
BK02197,PS00627,FL0119,2026-07-22T23:00:00.000+05:30,PREMIUM ECONOMY,CONFIRMED,8172,1470.96,2000,7642.96,PAID
BK02198,PS00947,FL0061,2026-06-04T22:34:00.000+05:30,ECONOMY,CONFIRMED,6504,1170.72,2000,5674.72,PAID
BK02199,PS00677,FL0011,2026-05-15T00:09:00.000+05:30,ECONOMY,CONFIRMED,4012,722.16,0,4734.16,PAID
BK02200,PS00279,FL0167,2026-08-20T05:21:00.000+05:30,ECONOMY,CONFIRMED,3264,587.52,2000,1851.52,PAID
BK02201,PS00063,FL0076,2026-05-26T04:07:00.000+05:30,ECONOMY,CONFIRMED,5738,1032.84,0,6770.84,PAID
BK02202,PS00016,FL0147,2026-05-23T14:49:00.000+05:30,ECONOMY,PENDING,6237,1122.66,2000,5359.66,PAID
BK02203,PS00360,FL0079,2026-05-15T02:26:00.000+05:30,BUSINESS,CONFIRMED,13304,2394.72,500,15198.72,PAID
BK02204,PS00315,FL0049,2026-05-08T18:21:00.000+05:30,BUSINESS,CONFIRMED,23998,4319.64,500,27817.64,PAID
BK02205,PS00853,FL0120,2026-07-26T21:25:00.000+05:30,ECONOMY,CONFIRMED,5443,979.74,500,5922.74,PAID
BK02206,PS00032,FL0199,2026-05-12T14:46:00.000+05:30,BUSINESS,CONFIRMED,17042,3067.56,1500,18609.56,PAID
BK02207,PS00190,FL0136,2026-08-02T00:00:00.000+05:30,ECONOMY,CONFIRMED,3693,664.74,0,4357.74,PAID
BK02208,PS00877,FL0149,2026-06-23T13:58:00.000+05:30,BUSINESS,PENDING,15434,2778.12,0,18212.12,PAID
BK02209,PS00429,FL0129,2026-07-27T13:09:00.000+05:30,PREMIUM ECONOMY,CONFIRMED,10023,1804.14,500,11327.14,PAID
BK02210,PS00990,FL0002,2026-05-26T11:44:00.000+05:30,ECONOMY,CONFIRMED,3525,634.5,0,4159.5,PAID
BK02211,PS00346,FL0095,2026-06-11T03:52:00.000+05:30,ECONOMY,CONFIRMED,3912,704.16,2000,2616.16,PAID
BK02212,PS00781,FL0118,2026-08-03T10:51:00.000+05:30,FIRST,CONFIRMED,35781,6440.58,0,42221.58,PAID
BK02213,PS00247,FL0194,2026-04-21T06:24:00.000+05:30,ECONOMY,CONFIRMED,3882,698.76,1000,3580.76,PAID
BK02214,PS00311,FL0058,2026-06-27T08:10:00.000+05:30,ECONOMY,CONFIRMED,3681,662.58,1500,2843.58,PAID
BK02215,PS00773,FL0088,2026-05-15T01:28:00.000+05:30,ECONOMY,CONFIRMED,4830,869.4,0,5699.4,PAID
BK02216,PS00655,FL0196,2026-07-04T00:36:00.000+05:30,ECONOMY,CONFIRMED,6413,1154.34,1500,6067.34,PAID
BK02217,PS00203,FL0124,2026-06-05T21:31:00.000+05:30,ECONOMY,CONFIRMED,7978,1436.04,1500,7914.04,PENDING
BK02218,PS00972,FL0076,2026-05-12T04:07:00.000+05:30,ECONOMY,CONFIRMED,5247,944.46,0,6191.46,PAID
BK02219,PS00474,FL0036,2026-06-08T16:28:00.000+05:30,ECONOMY,CONFIRMED,3065,551.7,1000,2616.7,PAID
BK02220,PS00239,FL0160,2026-06-03T03:28:00.000+05:30,ECONOMY,CONFIRMED,3563,641.34,500,3704.34,PAID
BK02221,PS00314,FL0045,2026-05-15T16:40:00.000+05:30,ECONOMY,CONFIRMED,4403,792.54,0,5195.54,PAID
BK02222,PS00219,FL0199,2026-05-03T14:46:00.000+05:30,ECONOMY,CONFIRMED,7478,1346.04,1500,7324.04,PAID
BK02223,PS00715,FL0048,2026-06-19T00:59:00.000+05:30,ECONOMY,CONFIRMED,7542,1357.56,500,8399.56,PAID
BK02224,PS00812,FL0029,2026-05-21T09:42:00.000+05:30,ECONOMY,CONFIRMED,7045,1268.1,500,7813.1,PAID
BK02225,PS00789,FL0046,2026-05-31T20:49:00.000+05:30,ECONOMY,CONFIRMED,3414,614.52,1000,3028.52,PAID
BK02226,PS00918,FL0068,2026-05-22T15:44:00.000+05:30,ECONOMY,CONFIRMED,4486,807.48,500,4793.48,REFUNDED
BK02227,PS00595,FL0123,2026-07-01T22:32:00.000+05:30,BUSINESS,CONFIRMED,16753,3015.54,2000,17768.54,REFUNDED
BK02228,PS00812,FL0056,2026-05-07T11:12:00.000+05:30,ECONOMY,CONFIRMED,3108,559.44,1500,2167.44,PAID
BK02229,PS00127,FL0055,2026-04-21T04:48:00.000+05:30,ECONOMY,CONFIRMED,3158,568.44,1500,2226.44,PAID
BK02230,PS00756,FL0133,2026-08-01T07:05:00.000+05:30,ECONOMY,CONFIRMED,6910,1243.8,0,8153.8,PAID
BK02231,PS00882,FL0057,2026-06-20T08:35:00.000+05:30,ECONOMY,CONFIRMED,5353,963.54,0,6316.54,PAID
BK02232,PS00124,FL0030,2026-06-05T04:05:00.000+05:30,ECONOMY,CONFIRMED,6152,1107.36,1500,5759.36,PENDING
BK02233,PS00983,FL0081,2026-05-29T20:53:00.000+05:30,ECONOMY,CONFIRMED,4365,785.7,1500,3650.7,PAID
BK02234,PS00892,FL0076,2026-05-02T04:07:00.000+05:30,ECONOMY,CONFIRMED,7844,1411.92,2000,7255.92,PENDING
BK02235,PS00215,FL0121,2026-07-21T05:51:00.000+05:30,ECONOMY,CONFIRMED,4962,893.16,1500,4355.16,PAID
BK02236,PS00282,FL0037,2026-06-22T18:43:00.000+05:30,ECONOMY,PENDING,4272,768.96,1000,4040.96,PAID
BK02237,PS00393,FL0183,2026-07-07T22:19:00.000+05:30,ECONOMY,CONFIRMED,7690,1384.2,0,9074.2,PAID
BK02238,PS00151,FL0088,2026-05-16T01:28:00.000+05:30,BUSINESS,CONFIRMED,13850,2493.0,0,16343.0,PAID
BK02239,PS00008,FL0026,2026-05-03T22:05:00.000+05:30,BUSINESS,CONFIRMED,22687,4083.66,1500,25270.66,PAID
BK02240,PS00727,FL0149,2026-08-12T13:58:00.000+05:30,ECONOMY,CONFIRMED,4851,873.18,1000,4724.18,PAID
BK02241,PS00168,FL0164,2026-07-29T01:16:00.000+05:30,BUSINESS,CONFIRMED,20284,3651.12,0,23935.12,PAID
BK02242,PS00488,FL0183,2026-07-02T22:19:00.000+05:30,ECONOMY,CONFIRMED,3328,599.04,0,3927.04,PAID
BK02243,PS00606,FL0009,2026-04-13T01:29:00.000+05:30,PREMIUM ECONOMY,CANCELLED,10464,1883.52,1000,11347.52,PAID
BK02244,PS00465,FL0070,2026-08-13T01:52:00.000+05:30,ECONOMY,CONFIRMED,4916,884.88,2000,3800.88,PAID
BK02245,PS00540,FL0026,2026-06-26T22:05:00.000+05:30,ECONOMY,CONFIRMED,5478,986.04,500,5964.04,PAID
BK02246,PS00293,FL0033,2026-05-12T08:26:00.000+05:30,ECONOMY,CONFIRMED,3147,566.46,1500,2213.46,PAID
BK02247,PS00961,FL0083,2026-06-25T08:39:00.000+05:30,ECONOMY,CONFIRMED,4124,742.32,500,4366.32,PAID
BK02248,PS00709,FL0159,2026-06-16T00:44:00.000+05:30,ECONOMY,CONFIRMED,3493,628.74,500,3621.74,PAID
BK02249,PS00730,FL0001,2026-06-11T23:23:00.000+05:30,FIRST,CONFIRMED,27251,4905.18,2000,30156.18,PAID
BK02250,PS00695,FL0066,2026-05-24T05:19:00.000+05:30,ECONOMY,CONFIRMED,5955,1071.9,500,6526.9,PAID
BK02251,PS00939,FL0078,2026-06-27T14:17:00.000+05:30,ECONOMY,CONFIRMED,4065,731.7,1500,3296.7,PAID
BK02252,PS00249,FL0020,2026-05-16T17:18:00.000+05:30,ECONOMY,CONFIRMED,5369,966.42,0,6335.42,PAID
BK02253,PS00242,FL0163,2026-06-18T08:18:00.000+05:30,ECONOMY,CONFIRMED,7121,1281.78,1500,6902.78,PAID
BK02254,PS00139,FL0078,2026-04-27T14:17:00.000+05:30,BUSINESS,CANCELLED,12295,2213.1,2000,12508.1,PAID
BK02255,PS00816,FL0139,2026-04-29T12:04:00.000+05:30,ECONOMY,CONFIRMED,3970,714.6,500,4184.6,PAID
BK02256,PS00822,FL0011,2026-05-02T00:09:00.000+05:30,ECONOMY,CONFIRMED,3422,615.96,0,4037.96,PAID
BK02257,PS00425,FL0041,2026-06-22T01:48:00.000+05:30,PREMIUM ECONOMY,CONFIRMED,8136,1464.48,2000,7600.48,PAID
BK02258,PS00354,FL0054,2026-05-09T10:45:00.000+05:30,BUSINESS,CONFIRMED,22993,4138.74,2000,25131.74,PAID
BK02259,PS00483,FL0143,2026-06-22T16:54:00.000+05:30,BUSINESS,CONFIRMED,19703,3546.54,1500,21749.54,PAID
BK02260,PS00666,FL0038,2026-07-21T08:19:00.000+05:30,ECONOMY,PENDING,3408,613.44,1500,2521.44,PAID
BK02261,PS00673,FL0115,2026-06-21T21:48:00.000+05:30,ECONOMY,CONFIRMED,6730,1211.4,1000,6941.4,PAID
BK02262,PS00306,FL0089,2026-04-20T02:36:00.000+05:30,PREMIUM ECONOMY,CONFIRMED,11007,1981.26,500,12488.26,PAID
BK02263,PS00651,FL0096,2026-05-16T20:50:00.000+05:30,ECONOMY,CONFIRMED,4695,845.1,0,5540.1,PENDING
BK02264,PS00979,FL0109,2026-05-11T05:41:00.000+05:30,ECONOMY,CONFIRMED,3741,673.38,0,4414.38,PAID
BK02265,PS00878,FL0172,2026-05-02T13:45:00.000+05:30,ECONOMY,CONFIRMED,3643,655.74,2000,2298.74,PAID
BK02266,PS00539,FL0032,2026-07-07T00:14:00.000+05:30,BUSINESS,CONFIRMED,23123,4162.14,500,26785.14,PAID
BK02267,PS00970,FL0135,2026-06-10T12:36:00.000+05:30,ECONOMY,CONFIRMED,3308,595.44,1000,2903.44,PAID
BK02268,PS00125,FL0018,2026-07-17T15:36:00.000+05:30,ECONOMY,CONFIRMED,5539,997.02,500,6036.02,PAID
BK02269,PS00716,FL0095,2026-07-11T03:52:00.000+05:30,FIRST,CONFIRMED,35560,6400.8,0,41960.8,PAID
BK02270,PS00740,FL0170,2026-05-18T02:40:00.000+05:30,ECONOMY,CONFIRMED,5615,1010.7,2000,4625.7,PAID
BK02271,PS00872,FL0127,2026-08-12T01:50:00.000+05:30,FIRST,CONFIRMED,25910,4663.8,2000,28573.8,PAID
BK02272,PS00676,FL0101,2026-08-01T19:08:00.000+05:30,ECONOMY,CONFIRMED,5191,934.38,1500,4625.38,PAID
BK02273,PS00565,FL0071,2026-07-19T13:39:00.000+05:30,BUSINESS,CONFIRMED,21442,3859.56,2000,23301.56,REFUNDED
BK02274,PS00544,FL0124,2026-06-09T21:31:00.000+05:30,BUSINESS,CONFIRMED,12957,2332.26,500,14789.26,PAID
BK02275,PS00008,FL0076,2026-04-11T04:07:00.000+05:30,ECONOMY,CONFIRMED,6800,1224.0,0,8024.0,PAID
BK02276,PS00299,FL0135,2026-07-02T12:36:00.000+05:30,ECONOMY,CONFIRMED,5222,939.96,2000,4161.96,PAID
BK02277,PS00941,FL0151,2026-07-22T13:13:00.000+05:30,PREMIUM ECONOMY,CONFIRMED,11822,2127.96,1000,12949.96,PAID
BK02278,PS00278,FL0123,2026-08-15T22:32:00.000+05:30,ECONOMY,CONFIRMED,5825,1048.5,1500,5373.5,PAID
BK02279,PS00765,FL0077,2026-05-09T02:30:00.000+05:30,BUSINESS,CONFIRMED,16771,3018.78,500,19289.78,PAID
BK02280,PS00712,FL0105,2026-04-27T18:58:00.000+05:30,ECONOMY,PENDING,4708,847.44,1500,4055.44,PAID
BK02281,PS00822,FL0071,2026-04-30T13:39:00.000+05:30,ECONOMY,CONFIRMED,7889,1420.02,0,9309.02,PAID
BK02282,PS00236,FL0030,2026-07-20T04:05:00.000+05:30,ECONOMY,CONFIRMED,7233,1301.94,0,8534.94,PAID
BK02283,PS00803,FL0077,2026-08-25T02:30:00.000+05:30,ECONOMY,PENDING,6397,1151.46,500,7048.46,PAID
BK02284,PS00261,FL0120,2026-07-02T21:25:00.000+05:30,ECONOMY,CONFIRMED,3449,620.82,1500,2569.82,PAID
BK02285,PS00426,FL0124,2026-05-12T21:31:00.000+05:30,ECONOMY,CANCELLED,3852,693.36,0,4545.36,PAID
BK02286,PS00816,FL0123,2026-05-11T22:32:00.000+05:30,ECONOMY,CONFIRMED,3038,546.84,0,3584.84,REFUNDED
BK02287,PS00630,FL0170,2026-06-01T02:40:00.000+05:30,ECONOMY,PENDING,6484,1167.12,0,7651.12,PAID
BK02288,PS00022,FL0118,2026-06-18T10:51:00.000+05:30,BUSINESS,CONFIRMED,17186,3093.48,1500,18779.48,PAID
BK02289,PS00409,FL0093,2026-05-15T07:37:00.000+05:30,ECONOMY,CONFIRMED,7906,1423.08,1500,7829.08,PAID
BK02290,PS00542,FL0123,2026-05-06T22:32:00.000+05:30,ECONOMY,CONFIRMED,7519,1353.42,1000,7872.42,PAID
BK02291,PS00298,FL0096,2026-08-14T20:50:00.000+05:30,ECONOMY,CONFIRMED,4480,806.4,2000,3286.4,PAID
BK02292,PS00592,FL0191,2026-06-24T00:54:00.000+05:30,BUSINESS,CONFIRMED,17729,3191.22,1500,19420.22,PAID
BK02293,PS00454,FL0062,2026-06-06T12:00:00.000+05:30,ECONOMY,CONFIRMED,6223,1120.14,500,6843.14,PAID
BK02294,PS00647,FL0102,2026-06-24T16:29:00.000+05:30,BUSINESS,CONFIRMED,20271,3648.78,2000,21919.78,PAID
BK02295,PS00175,FL0152,2026-06-22T13:38:00.000+05:30,BUSINESS,CONFIRMED,15777,2839.86,500,18116.86,PAID
BK02296,PS00282,FL0157,2026-07-05T00:55:00.000+05:30,ECONOMY,CONFIRMED,4488,807.84,2000,3295.84,PAID
BK02297,PS00717,FL0191,2026-07-28T00:54:00.000+05:30,ECONOMY,CONFIRMED,6287,1131.66,1000,6418.66,PAID
BK02298,PS00994,FL0127,2026-07-22T01:50:00.000+05:30,ECONOMY,CONFIRMED,3391,610.38,1500,2501.38,PAID
BK02299,PS00219,FL0179,2026-07-04T17:01:00.000+05:30,ECONOMY,CONFIRMED,4110,739.8,0,4849.8,PAID
BK02300,PS00773,FL0016,2026-07-26T06:12:00.000+05:30,BUSINESS,CONFIRMED,19826,3568.68,2000,21394.68,PAID
BK02301,PS00012,FL0159,2026-06-12T00:44:00.000+05:30,ECONOMY,CONFIRMED,4275,769.5,1500,3544.5,PENDING
BK02302,PS00518,FL0117,2026-05-24T05:35:00.000+05:30,ECONOMY,CONFIRMED,7062,1271.16,1000,7333.16,PAID
BK02303,PS00814,FL0187,2026-05-23T10:08:00.000+05:30,BUSINESS,CONFIRMED,17366,3125.88,2000,18491.88,PAID
BK02304,PS00950,FL0110,2026-06-13T10:52:00.000+05:30,ECONOMY,CONFIRMED,3550,639.0,0,4189.0,PAID
BK02305,PS00056,FL0134,2026-08-09T08:42:00.000+05:30,PREMIUM ECONOMY,CONFIRMED,8667,1560.06,0,10227.06,PAID
BK02306,PS00589,FL0179,2026-06-11T17:01:00.000+05:30,ECONOMY,CONFIRMED,7750,1395.0,1000,8145.0,PAID
BK02307,PS00515,FL0087,2026-06-17T17:39:00.000+05:30,BUSINESS,CONFIRMED,15996,2879.28,500,18375.28,PAID
BK02308,PS00391,FL0150,2026-06-22T01:07:00.000+05:30,ECONOMY,CONFIRMED,4830,869.4,2000,3699.4,PAID
BK02309,PS00267,FL0014,2026-05-03T13:07:00.000+05:30,ECONOMY,CONFIRMED,7943,1429.74,1000,8372.74,PAID
BK02310,PS00742,FL0095,2026-05-27T03:52:00.000+05:30,ECONOMY,CONFIRMED,4893,880.74,1000,4773.74,PAID
BK02311,PS00114,FL0196,2026-07-08T00:36:00.000+05:30,ECONOMY,CONFIRMED,6290,1132.2,1500,5922.2,PAID
BK02312,PS00489,FL0016,2026-08-05T06:12:00.000+05:30,BUSINESS,CONFIRMED,17001,3060.18,0,20061.18,PAID
BK02313,PS00826,FL0111,2026-06-26T07:32:00.000+05:30,BUSINESS,CONFIRMED,19570,3522.6,1000,22092.6,PAID
BK02314,PS00148,FL0029,2026-04-27T09:42:00.000+05:30,PREMIUM ECONOMY,CONFIRMED,9239,1663.02,2000,8902.02,PAID
BK02315,PS00281,FL0169,2026-06-10T14:48:00.000+05:30,ECONOMY,CONFIRMED,3504,630.72,0,4134.72,PAID
BK02316,PS00195,FL0135,2026-06-30T12:36:00.000+05:30,ECONOMY,PENDING,6016,1082.88,2000,5098.88,PAID
BK02317,PS00562,FL0046,2026-08-21T20:49:00.000+05:30,ECONOMY,PENDING,4267,768.06,1000,4035.06,PAID
BK02318,PS00082,FL0145,2026-07-14T12:44:00.000+05:30,ECONOMY,CONFIRMED,7894,1420.92,500,8814.92,PAID
BK02319,PS00387,FL0119,2026-04-29T23:00:00.000+05:30,ECONOMY,CONFIRMED,7817,1407.06,1500,7724.06,PENDING
BK02320,PS00455,FL0011,2026-04-27T00:09:00.000+05:30,ECONOMY,CONFIRMED,7121,1281.78,1500,6902.78,REFUNDED
BK02321,PS00657,FL0083,2026-06-28T08:39:00.000+05:30,ECONOMY,CONFIRMED,4586,825.48,0,5411.48,PAID
BK02322,PS00053,FL0105,2026-08-07T18:58:00.000+05:30,ECONOMY,CONFIRMED,5598,1007.64,0,6605.64,PAID
BK02323,PS00256,FL0001,2026-08-16T23:23:00.000+05:30,ECONOMY,CANCELLED,5131,923.58,500,5554.58,PAID
BK02324,PS00660,FL0074,2026-07-06T06:02:00.000+05:30,PREMIUM ECONOMY,CONFIRMED,11646,2096.28,500,13242.28,PAID
BK02325,PS00285,FL0147,2026-06-04T14:49:00.000+05:30,ECONOMY,CONFIRMED,3805,684.9,1500,2989.9,PAID
BK02326,PS00707,FL0123,2026-06-23T22:32:00.000+05:30,ECONOMY,CONFIRMED,4955,891.9,1000,4846.9,PAID
BK02327,PS00371,FL0056,2026-05-21T11:12:00.000+05:30,ECONOMY,CONFIRMED,4241,763.38,1000,4004.38,PAID
BK02328,PS00788,FL0099,2026-06-01T13:57:00.000+05:30,ECONOMY,CONFIRMED,4715,848.7,1500,4063.7,PAID
BK02329,PS00531,FL0104,2026-04-15T13:10:00.000+05:30,ECONOMY,CONFIRMED,4599,827.82,0,5426.82,PAID
BK02330,PS00340,FL0192,2026-05-29T12:51:00.000+05:30,ECONOMY,PENDING,5639,1015.02,500,6154.02,PAID
BK02331,PS00615,FL0049,2026-07-18T18:21:00.000+05:30,ECONOMY,CONFIRMED,3529,635.22,1000,3164.22,REFUNDED
BK02332,PS00439,FL0159,2026-07-27T00:44:00.000+05:30,PREMIUM ECONOMY,CONFIRMED,8132,1463.76,1000,8595.76,PAID
BK02333,PS00114,FL0194,2026-05-29T06:24:00.000+05:30,ECONOMY,CANCELLED,3893,700.74,0,4593.74,PAID
BK02334,PS00939,FL0125,2026-06-17T07:26:00.000+05:30,ECONOMY,CONFIRMED,7678,1382.04,1500,7560.04,PAID
BK02335,PS00248,FL0104,2026-06-26T13:10:00.000+05:30,PREMIUM ECONOMY,CONFIRMED,11135,2004.3,1500,11639.3,PAID
BK02336,PS00667,FL0031,2026-07-04T06:23:00.000+05:30,ECONOMY,CONFIRMED,6985,1257.3,2000,6242.3,PAID
BK02337,PS00183,FL0182,2026-05-13T15:10:00.000+05:30,ECONOMY,CONFIRMED,7555,1359.9,2000,6914.9,PAID
BK02338,PS00754,FL0080,2026-05-05T23:54:00.000+05:30,ECONOMY,PENDING,5266,947.88,1500,4713.88,PAID
BK02339,PS00821,FL0144,2026-06-01T23:06:00.000+05:30,BUSINESS,CONFIRMED,14172,2550.96,1500,15222.96,PAID
BK02340,PS00073,FL0132,2026-06-21T20:02:00.000+05:30,ECONOMY,CONFIRMED,3976,715.68,1000,3691.68,PAID
BK02341,PS00929,FL0091,2026-08-08T21:07:00.000+05:30,PREMIUM ECONOMY,CONFIRMED,10299,1853.82,0,12152.82,PAID
BK02342,PS00677,FL0113,2026-06-26T11:26:00.000+05:30,ECONOMY,CANCELLED,7471,1344.78,500,8315.78,PAID
BK02343,PS00641,FL0182,2026-04-08T15:10:00.000+05:30,ECONOMY,CONFIRMED,3240,583.2,1500,2323.2,PAID
BK02344,PS00383,FL0196,2026-05-13T00:36:00.000+05:30,BUSINESS,CONFIRMED,17362,3125.16,2000,18487.16,PAID
BK02345,PS00538,FL0196,2026-06-29T00:36:00.000+05:30,BUSINESS,CONFIRMED,13764,2477.52,2000,14241.52,PAID
BK02346,PS00616,FL0015,2026-04-26T01:50:00.000+05:30,ECONOMY,PENDING,5980,1076.4,1500,5556.4,PAID
BK02347,PS00723,FL0098,2026-08-03T19:28:00.000+05:30,ECONOMY,CONFIRMED,6719,1209.42,2000,5928.42,PAID
BK02348,PS00261,FL0103,2026-07-22T09:18:00.000+05:30,ECONOMY,CONFIRMED,5076,913.68,2000,3989.68,PAID
BK02349,PS00492,FL0171,2026-07-30T15:42:00.000+05:30,ECONOMY,CONFIRMED,4779,860.22,0,5639.22,PAID
BK02350,PS00363,FL0139,2026-06-07T12:04:00.000+05:30,ECONOMY,CONFIRMED,5809,1045.62,1500,5354.62,PAID
BK02351,PS00882,FL0053,2026-05-18T05:02:00.000+05:30,ECONOMY,PENDING,5864,1055.52,0,6919.52,PAID
BK02352,PS00710,FL0107,2026-05-18T02:22:00.000+05:30,BUSINESS,CONFIRMED,13355,2403.9,1000,14758.9,PAID
BK02353,PS00234,FL0042,2026-04-23T08:07:00.000+05:30,ECONOMY,CONFIRMED,7756,1396.08,500,8652.08,PAID
BK02354,PS00021,FL0098,2026-05-25T19:28:00.000+05:30,ECONOMY,CONFIRMED,3151,567.18,0,3718.18,PAID
BK02355,PS00571,FL0158,2026-06-21T23:39:00.000+05:30,FIRST,CONFIRMED,30295,5453.1,1000,34748.1,PAID
BK02356,PS00427,FL0170,2026-06-10T02:40:00.000+05:30,ECONOMY,CANCELLED,3214,578.52,1000,2792.52,PAID
BK02357,PS00751,FL0138,2026-05-03T07:55:00.000+05:30,ECONOMY,CONFIRMED,3327,598.86,2000,1925.86,PAID
BK02358,PS00357,FL0174,2026-05-22T03:12:00.000+05:30,ECONOMY,CONFIRMED,7002,1260.36,1500,6762.36,PAID
BK02359,PS00622,FL0198,2026-04-04T23:00:00.000+05:30,ECONOMY,CONFIRMED,7826,1408.68,2000,7234.68,PAID
BK02360,PS00181,FL0043,2026-04-13T12:42:00.000+05:30,ECONOMY,CONFIRMED,7650,1377.0,1000,8027.0,PAID
BK02361,PS00302,FL0054,2026-06-09T10:45:00.000+05:30,ECONOMY,CONFIRMED,6139,1105.02,1500,5744.02,PAID
BK02362,PS00934,FL0146,2026-07-20T07:42:00.000+05:30,FIRST,CONFIRMED,36727,6610.86,1000,42337.86,PAID
BK02363,PS00314,FL0117,2026-08-01T05:35:00.000+05:30,ECONOMY,CONFIRMED,3024,544.32,1500,2068.32,PAID
BK02364,PS00518,FL0023,2026-06-28T20:11:00.000+05:30,BUSINESS,CONFIRMED,20532,3695.76,1000,23227.76,PAID
BK02365,PS00747,FL0099,2026-05-19T13:57:00.000+05:30,BUSINESS,CONFIRMED,17524,3154.32,0,20678.32,PAID
BK02366,PS00123,FL0109,2026-07-08T05:41:00.000+05:30,ECONOMY,CONFIRMED,3267,588.06,500,3355.06,PAID
BK02367,PS00204,FL0051,2026-08-04T00:24:00.000+05:30,ECONOMY,CONFIRMED,7534,1356.12,2000,6890.12,PAID
BK02368,PS00817,FL0162,2026-07-12T12:14:00.000+05:30,ECONOMY,CONFIRMED,3845,692.1,2000,2537.1,PAID
BK02369,PS00202,FL0050,2026-05-15T22:38:00.000+05:30,ECONOMY,CONFIRMED,4979,896.22,500,5375.22,PAID
BK02370,PS00949,FL0168,2026-05-12T15:47:00.000+05:30,PREMIUM ECONOMY,CONFIRMED,9818,1767.24,2000,9585.24,PENDING
BK02371,PS00465,FL0134,2026-05-29T08:42:00.000+05:30,ECONOMY,CONFIRMED,3407,613.26,1000,3020.26,PAID
BK02372,PS00783,FL0004,2026-05-07T03:45:00.000+05:30,PREMIUM ECONOMY,CONFIRMED,11041,1987.38,500,12528.38,PAID
BK02373,PS00428,FL0158,2026-05-19T23:39:00.000+05:30,ECONOMY,CONFIRMED,7638,1374.84,2000,7012.84,PAID
BK02374,PS00683,FL0112,2026-04-26T02:49:00.000+05:30,ECONOMY,CONFIRMED,3838,690.84,2000,2528.84,PAID
BK02375,PS00172,FL0121,2026-07-31T05:51:00.000+05:30,ECONOMY,CONFIRMED,5892,1060.56,1000,5952.56,PAID
BK02376,PS00705,FL0185,2026-07-01T12:51:00.000+05:30,ECONOMY,CONFIRMED,5072,912.96,2000,3984.96,PAID
BK02377,PS00421,FL0116,2026-07-31T12:06:00.000+05:30,BUSINESS,CONFIRMED,16300,2934.0,1000,18234.0,PAID
BK02378,PS00623,FL0110,2026-05-16T10:52:00.000+05:30,ECONOMY,CONFIRMED,7719,1389.42,0,9108.42,PAID
BK02379,PS00334,FL0108,2026-05-21T13:18:00.000+05:30,ECONOMY,CONFIRMED,6684,1203.12,1000,6887.12,PAID
BK02380,PS00290,FL0087,2026-05-26T17:39:00.000+05:30,ECONOMY,CONFIRMED,4785,861.3,0,5646.3,PAID
BK02381,PS00570,FL0166,2026-07-15T19:03:00.000+05:30,ECONOMY,CONFIRMED,5557,1000.26,1000,5557.26,PAID
BK02382,PS00848,FL0118,2026-07-11T10:51:00.000+05:30,ECONOMY,PENDING,4963,893.34,0,5856.34,PAID
BK02383,PS00818,FL0025,2026-04-29T17:16:00.000+05:30,ECONOMY,CONFIRMED,6157,1108.26,2000,5265.26,PENDING
BK02384,PS00279,FL0053,2026-06-26T05:02:00.000+05:30,ECONOMY,PENDING,5626,1012.68,0,6638.68,PAID
BK02385,PS00030,FL0005,2026-04-24T10:57:00.000+05:30,ECONOMY,CONFIRMED,5534,996.12,500,6030.12,PAID
BK02386,PS00681,FL0031,2026-05-04T06:23:00.000+05:30,ECONOMY,CONFIRMED,7248,1304.64,0,8552.64,PAID
BK02387,PS00665,FL0002,2026-05-07T11:44:00.000+05:30,ECONOMY,CONFIRMED,6260,1126.8,1500,5886.8,PAID
BK02388,PS00967,FL0145,2026-07-24T12:44:00.000+05:30,PREMIUM ECONOMY,CONFIRMED,10675,1921.5,0,12596.5,PENDING
BK02389,PS00546,FL0059,2026-05-02T04:58:00.000+05:30,ECONOMY,CONFIRMED,3179,572.22,0,3751.22,PAID
BK02390,PS00103,FL0041,2026-05-25T01:48:00.000+05:30,ECONOMY,CONFIRMED,6102,1098.36,1500,5700.36,PAID
BK02391,PS00459,FL0084,2026-05-19T23:01:00.000+05:30,ECONOMY,CONFIRMED,7822,1407.96,1500,7729.96,PAID
BK02392,PS00078,FL0157,2026-07-14T00:55:00.000+05:30,ECONOMY,CONFIRMED,7012,1262.16,2000,6274.16,PAID
BK02393,PS00044,FL0093,2026-07-15T07:37:00.000+05:30,ECONOMY,PENDING,3942,709.56,1000,3651.56,PAID
BK02394,PS00870,FL0087,2026-06-21T17:39:00.000+05:30,ECONOMY,CONFIRMED,7218,1299.24,500,8017.24,PAID
BK02395,PS00841,FL0197,2026-06-20T20:31:00.000+05:30,ECONOMY,CONFIRMED,7641,1375.38,0,9016.38,PAID
BK02396,PS00175,FL0005,2026-05-09T10:57:00.000+05:30,ECONOMY,CONFIRMED,6015,1082.7,500,6597.7,PAID
BK02397,PS00347,FL0096,2026-08-21T20:50:00.000+05:30,ECONOMY,PENDING,6150,1107.0,500,6757.0,PAID
BK02398,PS00089,FL0155,2026-07-08T06:11:00.000+05:30,ECONOMY,CONFIRMED,5202,936.36,500,5638.36,PAID
BK02399,PS00567,FL0129,2026-04-17T13:09:00.000+05:30,BUSINESS,CONFIRMED,13554,2439.72,1500,14493.72,PAID
BK02400,PS00327,FL0098,2026-05-24T19:28:00.000+05:30,ECONOMY,CONFIRMED,7352,1323.36,2000,6675.36,PAID
BK02401,PS00781,FL0143,2026-04-05T16:54:00.000+05:30,ECONOMY,CONFIRMED,3563,641.34,2000,2204.34,PAID
BK02402,PS00790,FL0060,2026-07-11T10:13:00.000+05:30,PREMIUM ECONOMY,CONFIRMED,8957,1612.26,0,10569.26,PAID
BK02403,PS00516,FL0059,2026-07-13T04:58:00.000+05:30,PREMIUM ECONOMY,PENDING,10869,1956.42,1000,11825.42,PENDING
BK02404,PS00242,FL0156,2026-07-10T04:18:00.000+05:30,ECONOMY,CONFIRMED,4539,817.02,0,5356.02,PAID
BK02405,PS00150,FL0082,2026-06-10T23:43:00.000+05:30,BUSINESS,CONFIRMED,22936,4128.48,2000,25064.48,PAID
BK02406,PS00255,FL0117,2026-07-26T05:35:00.000+05:30,ECONOMY,CONFIRMED,5716,1028.88,2000,4744.88,PAID
BK02407,PS00076,FL0078,2026-06-16T14:17:00.000+05:30,PREMIUM ECONOMY,CONFIRMED,8191,1474.38,1000,8665.38,PENDING
BK02408,PS00213,FL0078,2026-06-18T14:17:00.000+05:30,PREMIUM ECONOMY,CONFIRMED,11248,2024.64,1500,11772.64,PAID
BK02409,PS00981,FL0162,2026-08-15T12:14:00.000+05:30,PREMIUM ECONOMY,CONFIRMED,8344,1501.92,0,9845.92,PAID
BK02410,PS00223,FL0083,2026-05-28T08:39:00.000+05:30,FIRST,CONFIRMED,32580,5864.4,1500,36944.4,PAID
BK02411,PS00537,FL0190,2026-07-03T12:08:00.000+05:30,ECONOMY,PENDING,4171,750.78,1000,3921.78,PAID
BK02412,PS00410,FL0132,2026-05-11T20:02:00.000+05:30,ECONOMY,CONFIRMED,7266,1307.88,2000,6573.88,PAID
BK02413,PS00228,FL0084,2026-04-15T23:01:00.000+05:30,ECONOMY,CONFIRMED,7366,1325.88,0,8691.88,PAID
BK02414,PS00383,FL0013,2026-06-03T01:09:00.000+05:30,BUSINESS,CONFIRMED,12947,2330.46,1000,14277.46,PAID
BK02415,PS00049,FL0192,2026-05-11T12:51:00.000+05:30,ECONOMY,CONFIRMED,7464,1343.52,2000,6807.52,PAID
BK02416,PS00677,FL0153,2026-05-23T12:05:00.000+05:30,BUSINESS,PENDING,20078,3614.04,500,23192.04,PAID
BK02417,PS00464,FL0111,2026-07-06T07:32:00.000+05:30,ECONOMY,CANCELLED,6345,1142.1,500,6987.1,PAID
BK02418,PS00100,FL0107,2026-06-13T02:22:00.000+05:30,ECONOMY,CONFIRMED,3661,658.98,1000,3319.98,PAID
BK02419,PS00584,FL0064,2026-08-07T02:15:00.000+05:30,BUSINESS,CONFIRMED,21995,3959.1,2000,23954.1,PAID
BK02420,PS00546,FL0151,2026-05-03T13:13:00.000+05:30,ECONOMY,PENDING,6542,1177.56,500,7219.56,REFUNDED
BK02421,PS00871,FL0160,2026-07-16T03:28:00.000+05:30,ECONOMY,CONFIRMED,3624,652.32,2000,2276.32,PAID
BK02422,PS00196,FL0006,2026-06-11T17:54:00.000+05:30,PREMIUM ECONOMY,CONFIRMED,8068,1452.24,0,9520.24,PAID
BK02423,PS00672,FL0055,2026-05-01T04:48:00.000+05:30,PREMIUM ECONOMY,PENDING,11656,2098.08,500,13254.08,PAID
BK02424,PS00671,FL0081,2026-06-18T20:53:00.000+05:30,FIRST,PENDING,27855,5013.9,1500,31368.9,PAID
BK02425,PS00561,FL0065,2026-05-03T03:33:00.000+05:30,ECONOMY,CONFIRMED,4533,815.94,1500,3848.94,PENDING
BK02426,PS00987,FL0064,2026-05-07T02:15:00.000+05:30,ECONOMY,CONFIRMED,5515,992.7,500,6007.7,PAID
BK02427,PS00066,FL0183,2026-04-24T22:19:00.000+05:30,FIRST,PENDING,36026,6484.68,2000,40510.68,PAID
BK02428,PS00508,FL0164,2026-05-17T01:16:00.000+05:30,ECONOMY,CONFIRMED,3431,617.58,2000,2048.58,PAID
BK02429,PS00841,FL0114,2026-07-03T15:23:00.000+05:30,ECONOMY,CONFIRMED,4911,883.98,1000,4794.98,PAID
BK02430,PS00937,FL0084,2026-07-30T23:01:00.000+05:30,ECONOMY,CONFIRMED,5310,955.8,1500,4765.8,PAID
BK02431,PS00623,FL0170,2026-06-15T02:40:00.000+05:30,ECONOMY,PENDING,3852,693.36,1500,3045.36,PAID
BK02432,PS00771,FL0178,2026-05-03T07:36:00.000+05:30,ECONOMY,CONFIRMED,6303,1134.54,0,7437.54,PAID
BK02433,PS00507,FL0060,2026-06-09T10:13:00.000+05:30,ECONOMY,CONFIRMED,5355,963.9,0,6318.9,PENDING
BK02434,PS00483,FL0196,2026-05-24T00:36:00.000+05:30,BUSINESS,CONFIRMED,19374,3487.32,1500,21361.32,PAID
BK02435,PS00750,FL0127,2026-07-30T01:50:00.000+05:30,ECONOMY,PENDING,6173,1111.14,1500,5784.14,PAID
BK02436,PS00122,FL0191,2026-07-24T00:54:00.000+05:30,ECONOMY,CONFIRMED,5178,932.04,0,6110.04,PAID
BK02437,PS00994,FL0056,2026-06-07T11:12:00.000+05:30,ECONOMY,CONFIRMED,7449,1340.82,1500,7289.82,REFUNDED
BK02438,PS00202,FL0070,2026-05-18T01:52:00.000+05:30,BUSINESS,CONFIRMED,20136,3624.48,1000,22760.48,PAID
BK02439,PS00536,FL0010,2026-06-03T09:55:00.000+05:30,ECONOMY,CONFIRMED,4327,778.86,1500,3605.86,PAID
BK02440,PS00792,FL0115,2026-05-26T21:48:00.000+05:30,PREMIUM ECONOMY,CONFIRMED,8817,1587.06,500,9904.06,PAID
BK02441,PS00553,FL0155,2026-07-22T06:11:00.000+05:30,PREMIUM ECONOMY,CONFIRMED,10438,1878.84,2000,10316.84,PENDING
BK02442,PS00589,FL0119,2026-06-20T23:00:00.000+05:30,ECONOMY,CONFIRMED,4621,831.78,1000,4452.78,PENDING
BK02443,PS00097,FL0001,2026-06-09T23:23:00.000+05:30,ECONOMY,CONFIRMED,5986,1077.48,0,7063.48,REFUNDED
BK02444,PS00145,FL0151,2026-05-09T13:13:00.000+05:30,ECONOMY,CONFIRMED,3343,601.74,500,3444.74,PAID
BK02445,PS00589,FL0062,2026-06-08T12:00:00.000+05:30,ECONOMY,CONFIRMED,5554,999.72,1500,5053.72,PAID
BK02446,PS00639,FL0148,2026-06-21T19:51:00.000+05:30,BUSINESS,CANCELLED,21451,3861.18,500,24812.18,PAID
BK02447,PS00709,FL0022,2026-05-20T08:13:00.000+05:30,ECONOMY,CONFIRMED,5041,907.38,1500,4448.38,PAID
BK02448,PS00922,FL0038,2026-07-09T08:19:00.000+05:30,ECONOMY,CONFIRMED,6179,1112.22,2000,5291.22,PAID
BK02449,PS00325,FL0192,2026-06-14T12:51:00.000+05:30,ECONOMY,CONFIRMED,4500,810.0,1000,4310.0,PAID
BK02450,PS00524,FL0013,2026-06-23T01:09:00.000+05:30,ECONOMY,CONFIRMED,3700,666.0,1000,3366.0,PAID
BK02451,PS00263,FL0046,2026-06-02T20:49:00.000+05:30,ECONOMY,CONFIRMED,5436,978.48,0,6414.48,REFUNDED
BK02452,PS00366,FL0126,2026-04-21T21:39:00.000+05:30,ECONOMY,PENDING,3404,612.72,500,3516.72,PAID
BK02453,PS00955,FL0148,2026-08-27T19:51:00.000+05:30,ECONOMY,CONFIRMED,6305,1134.9,1000,6439.9,PENDING
BK02454,PS00710,FL0048,2026-08-10T00:59:00.000+05:30,BUSINESS,CONFIRMED,18372,3306.96,1500,20178.96,PAID
BK02455,PS00881,FL0178,2026-04-16T07:36:00.000+05:30,ECONOMY,CONFIRMED,3792,682.56,0,4474.56,PAID
BK02456,PS00928,FL0049,2026-08-09T18:21:00.000+05:30,ECONOMY,CONFIRMED,4247,764.46,0,5011.46,PAID
BK02457,PS00829,FL0109,2026-05-25T05:41:00.000+05:30,ECONOMY,CONFIRMED,7579,1364.22,500,8443.22,PAID
BK02458,PS00418,FL0117,2026-08-06T05:35:00.000+05:30,ECONOMY,CONFIRMED,7328,1319.04,1500,7147.04,PAID
BK02459,PS00533,FL0198,2026-04-18T23:00:00.000+05:30,ECONOMY,CONFIRMED,5113,920.34,500,5533.34,PAID
BK02460,PS00696,FL0005,2026-05-10T10:57:00.000+05:30,ECONOMY,CANCELLED,6525,1174.5,500,7199.5,PAID
BK02461,PS00980,FL0108,2026-07-13T13:18:00.000+05:30,ECONOMY,CONFIRMED,4233,761.94,2000,2994.94,PAID
BK02462,PS00565,FL0042,2026-06-13T08:07:00.000+05:30,ECONOMY,CONFIRMED,7947,1430.46,1500,7877.46,PAID
BK02463,PS00586,FL0072,2026-07-17T10:20:00.000+05:30,ECONOMY,CONFIRMED,3306,595.08,1000,2901.08,PAID
BK02464,PS00652,FL0158,2026-05-09T23:39:00.000+05:30,BUSINESS,CONFIRMED,20944,3769.92,0,24713.92,REFUNDED
BK02465,PS00208,FL0097,2026-05-22T09:06:00.000+05:30,PREMIUM ECONOMY,CONFIRMED,8464,1523.52,2000,7987.52,PAID
BK02466,PS00252,FL0027,2026-05-25T07:46:00.000+05:30,PREMIUM ECONOMY,CONFIRMED,8482,1526.76,1000,9008.76,PAID
BK02467,PS00086,FL0092,2026-07-23T01:56:00.000+05:30,ECONOMY,CONFIRMED,7120,1281.6,1000,7401.6,PAID
BK02468,PS00777,FL0101,2026-07-08T19:08:00.000+05:30,BUSINESS,CONFIRMED,12098,2177.64,2000,12275.64,PAID
BK02469,PS00706,FL0033,2026-06-03T08:26:00.000+05:30,FIRST,CONFIRMED,30243,5443.74,2000,33686.74,PAID
BK02470,PS00551,FL0035,2026-04-26T03:33:00.000+05:30,PREMIUM ECONOMY,CONFIRMED,11005,1980.9,2000,10985.9,PAID
BK02471,PS00544,FL0068,2026-08-12T15:44:00.000+05:30,ECONOMY,PENDING,3018,543.24,1000,2561.24,PAID
BK02472,PS00766,FL0134,2026-05-18T08:42:00.000+05:30,ECONOMY,CONFIRMED,7017,1263.06,500,7780.06,PENDING
BK02473,PS00344,FL0031,2026-04-20T06:23:00.000+05:30,BUSINESS,CONFIRMED,16803,3024.54,2000,17827.54,PAID
BK02474,PS00208,FL0165,2026-06-30T14:40:00.000+05:30,ECONOMY,CONFIRMED,6964,1253.52,2000,6217.52,PAID
BK02475,PS00304,FL0035,2026-07-27T03:33:00.000+05:30,ECONOMY,CONFIRMED,7237,1302.66,1500,7039.66,PAID
BK02476,PS00042,FL0108,2026-06-22T13:18:00.000+05:30,ECONOMY,CONFIRMED,4768,858.24,1500,4126.24,PAID
BK02477,PS00750,FL0100,2026-06-01T18:25:00.000+05:30,ECONOMY,CONFIRMED,4728,851.04,1000,4579.04,PAID
BK02478,PS00303,FL0095,2026-06-08T03:52:00.000+05:30,ECONOMY,CONFIRMED,5107,919.26,2000,4026.26,PENDING
BK02479,PS00408,FL0167,2026-05-13T05:21:00.000+05:30,ECONOMY,CONFIRMED,7161,1288.98,0,8449.98,PAID
BK02480,PS00478,FL0178,2026-07-29T07:36:00.000+05:30,ECONOMY,PENDING,4414,794.52,0,5208.52,PAID
BK02481,PS00227,FL0088,2026-05-03T01:28:00.000+05:30,BUSINESS,CONFIRMED,17191,3094.38,0,20285.38,PAID
BK02482,PS00367,FL0037,2026-07-24T18:43:00.000+05:30,ECONOMY,CONFIRMED,3065,551.7,500,3116.7,PAID
BK02483,PS00841,FL0080,2026-06-09T23:54:00.000+05:30,ECONOMY,CONFIRMED,6690,1204.2,1000,6894.2,PAID
BK02484,PS00829,FL0127,2026-06-27T01:50:00.000+05:30,ECONOMY,CONFIRMED,6566,1181.88,1000,6747.88,PAID
BK02485,PS00573,FL0010,2026-08-13T09:55:00.000+05:30,ECONOMY,CONFIRMED,3734,672.12,2000,2406.12,PAID
BK02486,PS00878,FL0027,2026-07-14T07:46:00.000+05:30,ECONOMY,CONFIRMED,5792,1042.56,0,6834.56,PAID
BK02487,PS00428,FL0045,2026-08-17T16:40:00.000+05:30,BUSINESS,CONFIRMED,12852,2313.36,1500,13665.36,PAID
BK02488,PS00426,FL0029,2026-07-28T09:42:00.000+05:30,BUSINESS,CONFIRMED,21623,3892.14,1000,24515.14,PAID
BK02489,PS00325,FL0184,2026-07-17T09:58:00.000+05:30,ECONOMY,CONFIRMED,6857,1234.26,1500,6591.26,PAID
BK02490,PS00952,FL0126,2026-07-31T21:39:00.000+05:30,ECONOMY,CONFIRMED,4390,790.2,1500,3680.2,PENDING
BK02491,PS00249,FL0105,2026-07-15T18:58:00.000+05:30,PREMIUM ECONOMY,PENDING,11982,2156.76,0,14138.76,PAID
BK02492,PS00561,FL0191,2026-06-06T00:54:00.000+05:30,BUSINESS,CONFIRMED,12441,2239.38,0,14680.38,PAID
BK02493,PS00129,FL0128,2026-05-09T00:01:00.000+05:30,ECONOMY,CONFIRMED,4774,859.32,2000,3633.32,PAID
BK02494,PS00327,FL0088,2026-05-23T01:28:00.000+05:30,FIRST,CONFIRMED,33312,5996.16,1500,37808.16,PAID
BK02495,PS00710,FL0184,2026-07-31T09:58:00.000+05:30,ECONOMY,CONFIRMED,5310,955.8,0,6265.8,PAID
BK02496,PS00839,FL0200,2026-06-07T07:44:00.000+05:30,FIRST,CONFIRMED,26923,4846.14,2000,29769.14,PAID
BK02497,PS00101,FL0130,2026-04-24T16:26:00.000+05:30,ECONOMY,CONFIRMED,7775,1399.5,500,8674.5,PAID
BK02498,PS00738,FL0191,2026-04-27T00:54:00.000+05:30,ECONOMY,CONFIRMED,7358,1324.44,500,8182.44,PAID
BK02499,PS00982,FL0097,2026-04-27T09:06:00.000+05:30,BUSINESS,CONFIRMED,13901,2502.18,0,16403.18,PENDING
BK02500,PS00647,FL0132,2026-05-11T20:02:00.000+05:30,ECONOMY,CONFIRMED,7329,1319.22,2000,6648.22,PENDING
BK02501,PS00467,FL0167,2026-07-04T05:21:00.000+05:30,ECONOMY,CONFIRMED,4562,821.16,1500,3883.16,PAID
BK02502,PS00366,FL0047,2026-05-20T02:11:00.000+05:30,ECONOMY,CONFIRMED,6969,1254.42,1000,7223.42,PAID
BK02503,PS00574,FL0020,2026-07-09T17:18:00.000+05:30,ECONOMY,CONFIRMED,6713,1208.34,1500,6421.34,PAID
BK02504,PS00071,FL0161,2026-06-26T20:10:00.000+05:30,ECONOMY,CONFIRMED,4646,836.28,1500,3982.28,PAID
BK02505,PS00388,FL0177,2026-07-05T07:12:00.000+05:30,ECONOMY,CONFIRMED,3641,655.38,1500,2796.38,PAID
BK02506,PS00580,FL0067,2026-05-22T02:49:00.000+05:30,ECONOMY,CONFIRMED,4965,893.7,500,5358.7,PAID
BK02507,PS00299,FL0155,2026-05-14T06:11:00.000+05:30,ECONOMY,CANCELLED,4461,802.98,500,4763.98,PAID
BK02508,PS00266,FL0128,2026-04-16T00:01:00.000+05:30,ECONOMY,CONFIRMED,3391,610.38,2000,2001.38,PAID
BK02509,PS00401,FL0106,2026-06-15T09:14:00.000+05:30,PREMIUM ECONOMY,CANCELLED,10066,1811.88,1500,10377.88,PAID
BK02510,PS00358,FL0105,2026-06-14T18:58:00.000+05:30,ECONOMY,CONFIRMED,3269,588.42,1000,2857.42,PAID
BK02511,PS00630,FL0023,2026-05-15T20:11:00.000+05:30,ECONOMY,CANCELLED,6293,1132.74,1000,6425.74,PAID
BK02512,PS00229,FL0117,2026-06-30T05:35:00.000+05:30,ECONOMY,CONFIRMED,6833,1229.94,1500,6562.94,PAID
BK02513,PS00834,FL0031,2026-08-08T06:23:00.000+05:30,BUSINESS,CONFIRMED,23444,4219.92,0,27663.92,PAID
BK02514,PS00955,FL0143,2026-04-30T16:54:00.000+05:30,ECONOMY,CONFIRMED,7568,1362.24,1000,7930.24,PAID
BK02515,PS00224,FL0075,2026-06-11T02:42:00.000+05:30,ECONOMY,CONFIRMED,5923,1066.14,1500,5489.14,PAID
BK02516,PS00922,FL0153,2026-07-12T12:05:00.000+05:30,ECONOMY,CONFIRMED,4720,849.6,1000,4569.6,PAID
BK02517,PS00588,FL0032,2026-06-28T00:14:00.000+05:30,PREMIUM ECONOMY,CONFIRMED,9667,1740.06,1500,9907.06,PENDING
BK02518,PS00733,FL0126,2026-04-24T21:39:00.000+05:30,ECONOMY,CONFIRMED,7725,1390.5,500,8615.5,PAID
BK02519,PS00496,FL0025,2026-04-13T17:16:00.000+05:30,ECONOMY,PENDING,3048,548.64,2000,1596.64,PAID
BK02520,PS00403,FL0197,2026-05-17T20:31:00.000+05:30,ECONOMY,CONFIRMED,5815,1046.7,500,6361.7,PAID
BK02521,PS00822,FL0195,2026-05-17T21:13:00.000+05:30,BUSINESS,CONFIRMED,18244,3283.92,0,21527.92,PAID
BK02522,PS00017,FL0057,2026-06-17T08:35:00.000+05:30,ECONOMY,CONFIRMED,5402,972.36,1000,5374.36,PAID
BK02523,PS00541,FL0058,2026-05-06T08:10:00.000+05:30,ECONOMY,CONFIRMED,4273,769.14,0,5042.14,PAID
BK02524,PS00444,FL0055,2026-06-10T04:48:00.000+05:30,FIRST,CONFIRMED,37584,6765.12,1000,43349.12,REFUNDED
BK02525,PS00727,FL0106,2026-04-30T09:14:00.000+05:30,ECONOMY,CONFIRMED,3099,557.82,1500,2156.82,PAID
BK02526,PS00939,FL0065,2026-07-09T03:33:00.000+05:30,BUSINESS,CONFIRMED,16066,2891.88,1500,17457.88,PAID
BK02527,PS00312,FL0091,2026-04-21T21:07:00.000+05:30,ECONOMY,PENDING,4517,813.06,1500,3830.06,PAID
BK02528,PS00225,FL0089,2026-06-26T02:36:00.000+05:30,FIRST,CONFIRMED,39810,7165.8,0,46975.8,PAID
BK02529,PS00942,FL0157,2026-07-06T00:55:00.000+05:30,PREMIUM ECONOMY,CONFIRMED,8109,1459.62,500,9068.62,PAID
BK02530,PS00453,FL0109,2026-06-11T05:41:00.000+05:30,PREMIUM ECONOMY,CONFIRMED,8684,1563.12,0,10247.12,PAID
BK02531,PS00665,FL0141,2026-05-23T23:30:00.000+05:30,BUSINESS,CONFIRMED,18183,3272.94,1000,20455.94,PAID
BK02532,PS00412,FL0030,2026-05-13T04:05:00.000+05:30,ECONOMY,CONFIRMED,3122,561.96,0,3683.96,PAID
BK02533,PS00777,FL0186,2026-06-20T08:30:00.000+05:30,ECONOMY,CONFIRMED,4672,840.96,2000,3512.96,PAID
BK02534,PS00288,FL0153,2026-08-08T12:05:00.000+05:30,ECONOMY,CONFIRMED,6795,1223.1,2000,6018.1,PAID
BK02535,PS00222,FL0050,2026-07-30T22:38:00.000+05:30,ECONOMY,CONFIRMED,7026,1264.68,2000,6290.68,PAID
BK02536,PS00991,FL0187,2026-05-29T10:08:00.000+05:30,ECONOMY,CONFIRMED,6547,1178.46,1500,6225.46,PAID
BK02537,PS00548,FL0109,2026-08-08T05:41:00.000+05:30,ECONOMY,CONFIRMED,6437,1158.66,1000,6595.66,PAID
BK02538,PS00553,FL0181,2026-05-10T19:53:00.000+05:30,PREMIUM ECONOMY,CONFIRMED,10168,1830.24,1000,10998.24,PAID
BK02539,PS00505,FL0135,2026-08-24T12:36:00.000+05:30,ECONOMY,CONFIRMED,4262,767.16,0,5029.16,PAID
BK02540,PS00149,FL0038,2026-04-29T08:19:00.000+05:30,BUSINESS,CONFIRMED,23030,4145.4,1500,25675.4,PAID
BK02541,PS00435,FL0009,2026-04-15T01:29:00.000+05:30,ECONOMY,CONFIRMED,5197,935.46,1000,5132.46,PAID
BK02542,PS00581,FL0060,2026-04-14T10:13:00.000+05:30,ECONOMY,CONFIRMED,4780,860.4,1000,4640.4,PAID
BK02543,PS00447,FL0123,2026-06-29T22:32:00.000+05:30,FIRST,CONFIRMED,25616,4610.88,0,30226.88,PAID
BK02544,PS00946,FL0077,2026-05-17T02:30:00.000+05:30,ECONOMY,CONFIRMED,6516,1172.88,1500,6188.88,PAID
BK02545,PS00276,FL0188,2026-04-11T03:01:00.000+05:30,ECONOMY,CONFIRMED,4256,766.08,2000,3022.08,PAID
BK02546,PS00151,FL0144,2026-06-18T23:06:00.000+05:30,ECONOMY,CONFIRMED,3930,707.4,500,4137.4,PAID
BK02547,PS00334,FL0127,2026-05-28T01:50:00.000+05:30,ECONOMY,CONFIRMED,4964,893.52,0,5857.52,PAID
BK02548,PS00585,FL0064,2026-04-20T02:15:00.000+05:30,ECONOMY,CONFIRMED,7851,1413.18,500,8764.18,PAID
BK02549,PS00871,FL0174,2026-05-15T03:12:00.000+05:30,ECONOMY,CONFIRMED,5265,947.7,0,6212.7,REFUNDED
BK02550,PS00460,FL0107,2026-05-07T02:22:00.000+05:30,ECONOMY,CONFIRMED,5804,1044.72,1500,5348.72,PAID
BK02551,PS00002,FL0085,2026-07-30T06:23:00.000+05:30,ECONOMY,CONFIRMED,6970,1254.6,1000,7224.6,PAID
BK02552,PS00553,FL0052,2026-07-18T12:14:00.000+05:30,ECONOMY,CONFIRMED,3238,582.84,2000,1820.84,PAID
BK02553,PS00752,FL0164,2026-07-05T01:16:00.000+05:30,BUSINESS,PENDING,12837,2310.66,2000,13147.66,PAID
BK02554,PS00413,FL0052,2026-05-07T12:14:00.000+05:30,BUSINESS,CONFIRMED,18774,3379.32,1500,20653.32,PAID
BK02555,PS00034,FL0173,2026-06-16T09:11:00.000+05:30,ECONOMY,CONFIRMED,4276,769.68,0,5045.68,PAID
BK02556,PS00575,FL0191,2026-07-10T00:54:00.000+05:30,ECONOMY,CONFIRMED,6693,1204.74,500,7397.74,PAID
BK02557,PS00530,FL0075,2026-04-26T02:42:00.000+05:30,ECONOMY,CONFIRMED,6503,1170.54,1500,6173.54,PAID
BK02558,PS00223,FL0054,2026-05-02T10:45:00.000+05:30,ECONOMY,CONFIRMED,7623,1372.14,1000,7995.14,PAID
BK02559,PS00790,FL0084,2026-04-22T23:01:00.000+05:30,ECONOMY,CONFIRMED,8000,1440.0,500,8940.0,PAID
BK02560,PS00388,FL0020,2026-06-18T17:18:00.000+05:30,PREMIUM ECONOMY,CONFIRMED,9055,1629.9,1000,9684.9,PAID
BK02561,PS00196,FL0060,2026-06-24T10:13:00.000+05:30,ECONOMY,CANCELLED,7662,1379.16,0,9041.16,PAID
BK02562,PS00978,FL0104,2026-04-18T13:10:00.000+05:30,ECONOMY,CONFIRMED,5678,1022.04,1000,5700.04,PAID
BK02563,PS00245,FL0152,2026-05-18T13:38:00.000+05:30,BUSINESS,CONFIRMED,13583,2444.94,2000,14027.94,PAID
BK02564,PS00662,FL0143,2026-06-11T16:54:00.000+05:30,ECONOMY,CONFIRMED,6098,1097.64,2000,5195.64,PAID
BK02565,PS00940,FL0030,2026-06-22T04:05:00.000+05:30,ECONOMY,CONFIRMED,7546,1358.28,1000,7904.28,PAID
BK02566,PS00193,FL0014,2026-06-19T13:07:00.000+05:30,BUSINESS,CONFIRMED,13749,2474.82,500,15723.82,PAID
BK02567,PS00649,FL0165,2026-08-09T14:40:00.000+05:30,ECONOMY,CONFIRMED,7639,1375.02,2000,7014.02,PAID
BK02568,PS00722,FL0003,2026-05-30T09:26:00.000+05:30,BUSINESS,CONFIRMED,19648,3536.64,500,22684.64,PAID
BK02569,PS00937,FL0178,2026-06-04T07:36:00.000+05:30,FIRST,PENDING,25162,4529.16,500,29191.16,PENDING
BK02570,PS00375,FL0035,2026-05-25T03:33:00.000+05:30,BUSINESS,CONFIRMED,16349,2942.82,500,18791.82,PAID
BK02571,PS00759,FL0153,2026-05-19T12:05:00.000+05:30,ECONOMY,CONFIRMED,4084,735.12,500,4319.12,PENDING
BK02572,PS00014,FL0086,2026-07-15T13:16:00.000+05:30,ECONOMY,CONFIRMED,6605,1188.9,2000,5793.9,PAID
BK02573,PS00041,FL0093,2026-05-04T07:37:00.000+05:30,ECONOMY,CONFIRMED,7334,1320.12,0,8654.12,PAID
BK02574,PS00484,FL0063,2026-06-09T23:44:00.000+05:30,PREMIUM ECONOMY,CONFIRMED,10582,1904.76,1500,10986.76,PAID
BK02575,PS00246,FL0069,2026-05-15T23:07:00.000+05:30,ECONOMY,CONFIRMED,5272,948.96,1500,4720.96,PENDING
BK02576,PS00757,FL0052,2026-05-04T12:14:00.000+05:30,BUSINESS,CONFIRMED,16163,2909.34,0,19072.34,PAID
BK02577,PS00273,FL0119,2026-07-14T23:00:00.000+05:30,ECONOMY,CANCELLED,3369,606.42,0,3975.42,PAID
BK02578,PS00477,FL0172,2026-06-24T13:45:00.000+05:30,ECONOMY,PENDING,6388,1149.84,500,7037.84,PAID
BK02579,PS00087,FL0188,2026-06-21T03:01:00.000+05:30,ECONOMY,PENDING,7310,1315.8,2000,6625.8,PAID
BK02580,PS00789,FL0188,2026-07-30T03:01:00.000+05:30,ECONOMY,CONFIRMED,4169,750.42,1500,3419.42,PAID
BK02581,PS00662,FL0018,2026-07-19T15:36:00.000+05:30,PREMIUM ECONOMY,CONFIRMED,10179,1832.22,500,11511.22,PENDING
BK02582,PS00925,FL0110,2026-06-26T10:52:00.000+05:30,PREMIUM ECONOMY,CONFIRMED,10887,1959.66,500,12346.66,PAID
BK02583,PS00635,FL0008,2026-08-19T07:56:00.000+05:30,ECONOMY,CONFIRMED,4534,816.12,1000,4350.12,PAID
BK02584,PS00899,FL0172,2026-06-04T13:45:00.000+05:30,BUSINESS,CONFIRMED,13709,2467.62,1000,15176.62,PAID
BK02585,PS00873,FL0162,2026-06-14T12:14:00.000+05:30,ECONOMY,CONFIRMED,5141,925.38,1000,5066.38,PAID
BK02586,PS00686,FL0133,2026-05-26T07:05:00.000+05:30,PREMIUM ECONOMY,CONFIRMED,8043,1447.74,2000,7490.74,PAID
BK02587,PS00505,FL0140,2026-05-09T23:49:00.000+05:30,ECONOMY,CONFIRMED,6129,1103.22,500,6732.22,PAID
BK02588,PS00026,FL0122,2026-06-01T06:56:00.000+05:30,BUSINESS,CANCELLED,12269,2208.42,0,14477.42,PAID
BK02589,PS00520,FL0052,2026-06-09T12:14:00.000+05:30,FIRST,CONFIRMED,33048,5948.64,0,38996.64,PAID
BK02590,PS00956,FL0038,2026-06-12T08:19:00.000+05:30,BUSINESS,CONFIRMED,22517,4053.06,1000,25570.06,PAID
BK02591,PS00455,FL0003,2026-08-25T09:26:00.000+05:30,ECONOMY,PENDING,5838,1050.84,1000,5888.84,PAID
BK02592,PS00076,FL0045,2026-07-18T16:40:00.000+05:30,ECONOMY,CONFIRMED,7590,1366.2,1000,7956.2,PAID
BK02593,PS00502,FL0148,2026-06-12T19:51:00.000+05:30,ECONOMY,CONFIRMED,3882,698.76,500,4080.76,PAID
BK02594,PS00744,FL0055,2026-04-25T04:48:00.000+05:30,PREMIUM ECONOMY,PENDING,8280,1490.4,500,9270.4,PAID
BK02595,PS00099,FL0054,2026-06-30T10:45:00.000+05:30,ECONOMY,CONFIRMED,7875,1417.5,1500,7792.5,PAID
BK02596,PS00030,FL0099,2026-07-30T13:57:00.000+05:30,BUSINESS,CONFIRMED,18870,3396.6,0,22266.6,PAID
BK02597,PS00638,FL0139,2026-06-12T12:04:00.000+05:30,BUSINESS,CONFIRMED,17376,3127.68,0,20503.68,PAID
BK02598,PS00969,FL0006,2026-06-01T17:54:00.000+05:30,ECONOMY,CONFIRMED,7872,1416.96,2000,7288.96,PAID
BK02599,PS00557,FL0018,2026-06-29T15:36:00.000+05:30,FIRST,CONFIRMED,36693,6604.74,1000,42297.74,REFUNDED
BK02600,PS00025,FL0147,2026-08-06T14:49:00.000+05:30,BUSINESS,CONFIRMED,12392,2230.56,1000,13622.56,PAID
BK02601,PS00690,FL0156,2026-04-27T04:18:00.000+05:30,PREMIUM ECONOMY,CONFIRMED,8593,1546.74,1000,9139.74,PAID
BK02602,PS00252,FL0136,2026-07-20T00:00:00.000+05:30,ECONOMY,CONFIRMED,7750,1395.0,2000,7145.0,PAID
BK02603,PS00775,FL0039,2026-08-09T01:47:00.000+05:30,BUSINESS,CONFIRMED,17775,3199.5,500,20474.5,PAID
BK02604,PS00837,FL0062,2026-05-10T12:00:00.000+05:30,PREMIUM ECONOMY,CONFIRMED,10624,1912.32,2000,10536.32,PAID
BK02605,PS00912,FL0006,2026-08-15T17:54:00.000+05:30,ECONOMY,CANCELLED,7033,1265.94,1000,7298.94,PAID
BK02606,PS00283,FL0195,2026-07-17T21:13:00.000+05:30,ECONOMY,CONFIRMED,7818,1407.24,500,8725.24,PAID
BK02607,PS00513,FL0096,2026-05-19T20:50:00.000+05:30,ECONOMY,CONFIRMED,3030,545.4,1500,2075.4,PAID
BK02608,PS00526,FL0181,2026-05-03T19:53:00.000+05:30,BUSINESS,CONFIRMED,21301,3834.18,2000,23135.18,PAID
BK02609,PS00225,FL0182,2026-05-19T15:10:00.000+05:30,ECONOMY,PENDING,6678,1202.04,0,7880.04,PAID
BK02610,PS00401,FL0042,2026-06-14T08:07:00.000+05:30,PREMIUM ECONOMY,CONFIRMED,8461,1522.98,500,9483.98,PAID
BK02611,PS00184,FL0200,2026-06-29T07:44:00.000+05:30,ECONOMY,CONFIRMED,7383,1328.94,2000,6711.94,PAID
BK02612,PS00145,FL0004,2026-06-22T03:45:00.000+05:30,ECONOMY,CONFIRMED,6159,1108.62,1000,6267.62,PAID
BK02613,PS00756,FL0008,2026-05-26T07:56:00.000+05:30,ECONOMY,CONFIRMED,4575,823.5,0,5398.5,PAID
BK02614,PS00881,FL0109,2026-04-20T05:41:00.000+05:30,ECONOMY,CONFIRMED,4391,790.38,0,5181.38,PAID
BK02615,PS00492,FL0061,2026-06-12T22:34:00.000+05:30,ECONOMY,CONFIRMED,5916,1064.88,1500,5480.88,PAID
BK02616,PS00617,FL0035,2026-06-27T03:33:00.000+05:30,ECONOMY,CONFIRMED,6781,1220.58,0,8001.58,PENDING
BK02617,PS00046,FL0003,2026-07-23T09:26:00.000+05:30,ECONOMY,CONFIRMED,3388,609.84,2000,1997.84,PAID
BK02618,PS00006,FL0170,2026-07-12T02:40:00.000+05:30,ECONOMY,CONFIRMED,6059,1090.62,500,6649.62,PAID
BK02619,PS00548,FL0005,2026-07-17T10:57:00.000+05:30,ECONOMY,CONFIRMED,6610,1189.8,500,7299.8,PAID
BK02620,PS00225,FL0037,2026-08-22T18:43:00.000+05:30,ECONOMY,CONFIRMED,3987,717.66,2000,2704.66,PAID
BK02621,PS00755,FL0092,2026-04-21T01:56:00.000+05:30,ECONOMY,CONFIRMED,3883,698.94,2000,2581.94,PAID
BK02622,PS00419,FL0129,2026-07-07T13:09:00.000+05:30,ECONOMY,CONFIRMED,7343,1321.74,0,8664.74,PAID
BK02623,PS00735,FL0011,2026-07-09T00:09:00.000+05:30,ECONOMY,CONFIRMED,4993,898.74,1500,4391.74,PENDING
BK02624,PS00273,FL0069,2026-07-27T23:07:00.000+05:30,ECONOMY,CONFIRMED,6404,1152.72,500,7056.72,PAID
BK02625,PS00922,FL0018,2026-04-07T15:36:00.000+05:30,ECONOMY,CONFIRMED,5934,1068.12,2000,5002.12,PAID
BK02626,PS00584,FL0125,2026-05-25T07:26:00.000+05:30,ECONOMY,CANCELLED,5629,1013.22,500,6142.22,PAID
BK02627,PS00255,FL0073,2026-04-07T20:34:00.000+05:30,ECONOMY,PENDING,7544,1357.92,500,8401.92,PAID
BK02628,PS00059,FL0072,2026-08-18T10:20:00.000+05:30,ECONOMY,CONFIRMED,5107,919.26,0,6026.26,PENDING
BK02629,PS00137,FL0093,2026-07-12T07:37:00.000+05:30,ECONOMY,CONFIRMED,3153,567.54,1000,2720.54,PAID
BK02630,PS00474,FL0065,2026-05-16T03:33:00.000+05:30,ECONOMY,CONFIRMED,7359,1324.62,500,8183.62,PAID
BK02631,PS00855,FL0119,2026-07-23T23:00:00.000+05:30,ECONOMY,CONFIRMED,4730,851.4,500,5081.4,PAID
BK02632,PS00626,FL0061,2026-06-19T22:34:00.000+05:30,ECONOMY,CONFIRMED,5962,1073.16,1500,5535.16,PAID
BK02633,PS00220,FL0027,2026-07-23T07:46:00.000+05:30,ECONOMY,CONFIRMED,4814,866.52,1000,4680.52,PAID
BK02634,PS00563,FL0167,2026-05-02T05:21:00.000+05:30,BUSINESS,CONFIRMED,21142,3805.56,1000,23947.56,PAID
BK02635,PS00185,FL0110,2026-05-19T10:52:00.000+05:30,PREMIUM ECONOMY,PENDING,8096,1457.28,1500,8053.28,PAID
BK02636,PS00388,FL0132,2026-06-11T20:02:00.000+05:30,ECONOMY,CONFIRMED,7715,1388.7,0,9103.7,PAID
BK02637,PS00251,FL0174,2026-06-12T03:12:00.000+05:30,BUSINESS,CONFIRMED,24404,4392.72,1000,27796.72,PAID
BK02638,PS00126,FL0189,2026-05-27T10:48:00.000+05:30,ECONOMY,CONFIRMED,7961,1432.98,0,9393.98,PAID
BK02639,PS00018,FL0148,2026-06-11T19:51:00.000+05:30,BUSINESS,CONFIRMED,22325,4018.5,1000,25343.5,PAID
BK02640,PS00585,FL0019,2026-08-07T01:43:00.000+05:30,ECONOMY,CONFIRMED,5287,951.66,1500,4738.66,PAID
BK02641,PS00752,FL0109,2026-06-30T05:41:00.000+05:30,ECONOMY,CONFIRMED,3979,716.22,1000,3695.22,PAID
BK02642,PS00151,FL0170,2026-08-15T02:40:00.000+05:30,ECONOMY,CONFIRMED,5388,969.84,2000,4357.84,PAID
BK02643,PS00334,FL0054,2026-05-26T10:45:00.000+05:30,ECONOMY,CONFIRMED,6926,1246.68,500,7672.68,PAID
BK02644,PS00147,FL0140,2026-07-06T23:49:00.000+05:30,ECONOMY,PENDING,5708,1027.44,500,6235.44,PAID
BK02645,PS00311,FL0089,2026-04-14T02:36:00.000+05:30,ECONOMY,CONFIRMED,5318,957.24,500,5775.24,PAID
BK02646,PS00495,FL0022,2026-05-12T08:13:00.000+05:30,ECONOMY,CONFIRMED,5301,954.18,1500,4755.18,PAID
BK02647,PS00719,FL0070,2026-06-24T01:52:00.000+05:30,ECONOMY,CONFIRMED,5531,995.58,1000,5526.58,PAID
BK02648,PS00599,FL0148,2026-05-01T19:51:00.000+05:30,ECONOMY,CONFIRMED,5346,962.28,0,6308.28,PAID
BK02649,PS00122,FL0027,2026-05-16T07:46:00.000+05:30,ECONOMY,CONFIRMED,4242,763.56,1500,3505.56,PAID
BK02650,PS00622,FL0149,2026-06-21T13:58:00.000+05:30,ECONOMY,CONFIRMED,4268,768.24,500,4536.24,PAID
BK02651,PS00618,FL0049,2026-08-14T18:21:00.000+05:30,BUSINESS,CANCELLED,16961,3052.98,1500,18513.98,PAID
BK02652,PS00083,FL0018,2026-06-01T15:36:00.000+05:30,ECONOMY,CONFIRMED,7613,1370.34,2000,6983.34,PAID
BK02653,PS00610,FL0088,2026-07-20T01:28:00.000+05:30,BUSINESS,CONFIRMED,21785,3921.3,0,25706.3,PAID
BK02654,PS00129,FL0035,2026-08-11T03:33:00.000+05:30,ECONOMY,CONFIRMED,6276,1129.68,1500,5905.68,PAID
BK02655,PS00527,FL0040,2026-05-30T17:55:00.000+05:30,ECONOMY,CONFIRMED,4326,778.68,2000,3104.68,PAID
BK02656,PS00136,FL0035,2026-06-16T03:33:00.000+05:30,ECONOMY,CONFIRMED,7493,1348.74,1000,7841.74,PAID
BK02657,PS00184,FL0126,2026-07-05T21:39:00.000+05:30,ECONOMY,CONFIRMED,6343,1141.74,1500,5984.74,PAID
BK02658,PS00359,FL0072,2026-07-14T10:20:00.000+05:30,ECONOMY,CONFIRMED,5076,913.68,0,5989.68,PAID
BK02659,PS00564,FL0100,2026-05-19T18:25:00.000+05:30,BUSINESS,CONFIRMED,19549,3518.82,0,23067.82,PAID
BK02660,PS00292,FL0004,2026-08-11T03:45:00.000+05:30,BUSINESS,CONFIRMED,21212,3818.16,1000,24030.16,PAID
BK02661,PS00818,FL0026,2026-04-17T22:05:00.000+05:30,ECONOMY,CONFIRMED,4204,756.72,0,4960.72,PAID
BK02662,PS00665,FL0124,2026-06-10T21:31:00.000+05:30,PREMIUM ECONOMY,CONFIRMED,8849,1592.82,1000,9441.82,REFUNDED
BK02663,PS00934,FL0110,2026-08-08T10:52:00.000+05:30,ECONOMY,CONFIRMED,5367,966.06,0,6333.06,PENDING
BK02664,PS00535,FL0113,2026-04-17T11:26:00.000+05:30,BUSINESS,CONFIRMED,22501,4050.18,1500,25051.18,PAID
BK02665,PS00024,FL0104,2026-04-30T13:10:00.000+05:30,ECONOMY,CONFIRMED,7904,1422.72,1000,8326.72,REFUNDED
BK02666,PS00019,FL0194,2026-07-02T06:24:00.000+05:30,FIRST,CONFIRMED,33420,6015.6,1500,37935.6,PAID
BK02667,PS00886,FL0092,2026-06-16T01:56:00.000+05:30,ECONOMY,CANCELLED,3409,613.62,1500,2522.62,PENDING
BK02668,PS00447,FL0021,2026-06-02T16:16:00.000+05:30,ECONOMY,CONFIRMED,5170,930.6,1000,5100.6,PAID
BK02669,PS00333,FL0127,2026-05-04T01:50:00.000+05:30,BUSINESS,CONFIRMED,14874,2677.32,500,17051.32,PAID
BK02670,PS00435,FL0067,2026-06-05T02:49:00.000+05:30,ECONOMY,CONFIRMED,7361,1324.98,2000,6685.98,PAID
BK02671,PS00005,FL0101,2026-05-22T19:08:00.000+05:30,ECONOMY,PENDING,7952,1431.36,2000,7383.36,PAID
BK02672,PS00355,FL0137,2026-07-24T17:20:00.000+05:30,ECONOMY,CONFIRMED,4899,881.82,500,5280.82,PAID
BK02673,PS00486,FL0166,2026-07-10T19:03:00.000+05:30,ECONOMY,CONFIRMED,3705,666.9,500,3871.9,PAID
BK02674,PS00861,FL0023,2026-07-03T20:11:00.000+05:30,ECONOMY,CANCELLED,3835,690.3,2000,2525.3,PAID
BK02675,PS00949,FL0146,2026-07-22T07:42:00.000+05:30,BUSINESS,CONFIRMED,23318,4197.24,0,27515.24,PAID
BK02676,PS00671,FL0197,2026-05-31T20:31:00.000+05:30,BUSINESS,CONFIRMED,18093,3256.74,1500,19849.74,PAID
BK02677,PS00981,FL0104,2026-04-24T13:10:00.000+05:30,ECONOMY,CONFIRMED,6251,1125.18,2000,5376.18,PAID
BK02678,PS00853,FL0111,2026-04-14T07:32:00.000+05:30,ECONOMY,CONFIRMED,5512,992.16,1000,5504.16,PAID
BK02679,PS00391,FL0111,2026-05-14T07:32:00.000+05:30,ECONOMY,CONFIRMED,3510,631.8,2000,2141.8,PAID
BK02680,PS00936,FL0096,2026-04-30T20:50:00.000+05:30,ECONOMY,CONFIRMED,3369,606.42,1500,2475.42,PAID
BK02681,PS00211,FL0103,2026-05-17T09:18:00.000+05:30,PREMIUM ECONOMY,CONFIRMED,8748,1574.64,2000,8322.64,PAID
BK02682,PS00497,FL0005,2026-07-24T10:57:00.000+05:30,ECONOMY,CONFIRMED,6935,1248.3,2000,6183.3,PAID
BK02683,PS00438,FL0010,2026-07-20T09:55:00.000+05:30,ECONOMY,CONFIRMED,6781,1220.58,1500,6501.58,PAID
BK02684,PS00377,FL0045,2026-05-19T16:40:00.000+05:30,ECONOMY,CONFIRMED,5474,985.32,1500,4959.32,PAID
BK02685,PS00797,FL0022,2026-06-26T08:13:00.000+05:30,ECONOMY,CONFIRMED,4974,895.32,500,5369.32,PAID
BK02686,PS00058,FL0124,2026-04-30T21:31:00.000+05:30,ECONOMY,CONFIRMED,5066,911.88,500,5477.88,PAID
BK02687,PS00682,FL0168,2026-06-30T15:47:00.000+05:30,PREMIUM ECONOMY,CONFIRMED,11562,2081.16,500,13143.16,PENDING
BK02688,PS00215,FL0041,2026-07-27T01:48:00.000+05:30,BUSINESS,CONFIRMED,23343,4201.74,0,27544.74,PAID
BK02689,PS00386,FL0124,2026-06-10T21:31:00.000+05:30,BUSINESS,CONFIRMED,15374,2767.32,1000,17141.32,PAID
BK02690,PS00014,FL0115,2026-07-09T21:48:00.000+05:30,ECONOMY,CONFIRMED,4377,787.86,0,5164.86,PAID
BK02691,PS00756,FL0121,2026-05-13T05:51:00.000+05:30,ECONOMY,CONFIRMED,6943,1249.74,500,7692.74,PAID
BK02692,PS00435,FL0101,2026-05-26T19:08:00.000+05:30,PREMIUM ECONOMY,PENDING,9303,1674.54,1500,9477.54,PAID
BK02693,PS00681,FL0011,2026-04-29T00:09:00.000+05:30,ECONOMY,CONFIRMED,5509,991.62,1500,5000.62,PAID
BK02694,PS00648,FL0069,2026-07-28T23:07:00.000+05:30,ECONOMY,CONFIRMED,7128,1283.04,2000,6411.04,PAID
BK02695,PS00699,FL0137,2026-07-06T17:20:00.000+05:30,ECONOMY,CONFIRMED,7317,1317.06,500,8134.06,PAID
BK02696,PS00993,FL0020,2026-07-15T17:18:00.000+05:30,ECONOMY,CONFIRMED,5007,901.26,1000,4908.26,PAID
BK02697,PS00801,FL0056,2026-05-28T11:12:00.000+05:30,ECONOMY,CONFIRMED,4561,820.98,1500,3881.98,PAID
BK02698,PS00182,FL0061,2026-07-22T22:34:00.000+05:30,ECONOMY,CONFIRMED,7715,1388.7,2000,7103.7,PAID
BK02699,PS00592,FL0089,2026-05-09T02:36:00.000+05:30,ECONOMY,CANCELLED,5822,1047.96,500,6369.96,PAID
BK02700,PS00014,FL0045,2026-08-01T16:40:00.000+05:30,ECONOMY,CONFIRMED,6995,1259.1,1500,6754.1,PAID
BK02701,PS00147,FL0024,2026-05-03T06:29:00.000+05:30,ECONOMY,CONFIRMED,7208,1297.44,1000,7505.44,PAID
BK02702,PS00240,FL0004,2026-05-04T03:45:00.000+05:30,ECONOMY,CONFIRMED,5211,937.98,2000,4148.98,PAID
BK02703,PS00829,FL0120,2026-05-21T21:25:00.000+05:30,PREMIUM ECONOMY,CONFIRMED,9388,1689.84,1500,9577.84,PAID
BK02704,PS00127,FL0001,2026-07-09T23:23:00.000+05:30,FIRST,CONFIRMED,30420,5475.6,500,35395.6,PAID
BK02705,PS00223,FL0163,2026-04-21T08:18:00.000+05:30,ECONOMY,CONFIRMED,4530,815.4,500,4845.4,PAID
BK02706,PS00639,FL0174,2026-05-27T03:12:00.000+05:30,ECONOMY,CONFIRMED,5421,975.78,500,5896.78,PAID
BK02707,PS00400,FL0002,2026-06-14T11:44:00.000+05:30,ECONOMY,CONFIRMED,4741,853.38,1000,4594.38,PAID
BK02708,PS00783,FL0027,2026-07-04T07:46:00.000+05:30,FIRST,CONFIRMED,26688,4803.84,2000,29491.84,PAID
BK02709,PS00833,FL0045,2026-05-12T16:40:00.000+05:30,ECONOMY,CONFIRMED,6515,1172.7,0,7687.7,PAID
BK02710,PS00583,FL0149,2026-06-30T13:58:00.000+05:30,ECONOMY,CONFIRMED,3235,582.3,0,3817.3,PAID
BK02711,PS00188,FL0017,2026-05-07T08:56:00.000+05:30,ECONOMY,CONFIRMED,7976,1435.68,1500,7911.68,PAID
BK02712,PS00690,FL0059,2026-06-09T04:58:00.000+05:30,PREMIUM ECONOMY,CONFIRMED,10215,1838.7,0,12053.7,PAID
BK02713,PS00115,FL0157,2026-07-26T00:55:00.000+05:30,ECONOMY,CONFIRMED,6243,1123.74,1500,5866.74,PAID
BK02714,PS00588,FL0054,2026-08-12T10:45:00.000+05:30,BUSINESS,CONFIRMED,18616,3350.88,2000,19966.88,PAID
BK02715,PS00041,FL0182,2026-04-24T15:10:00.000+05:30,BUSINESS,CONFIRMED,24944,4489.92,1500,27933.92,PAID
BK02716,PS00951,FL0096,2026-05-17T20:50:00.000+05:30,ECONOMY,CONFIRMED,4018,723.24,1500,3241.24,PAID
BK02717,PS00325,FL0075,2026-06-29T02:42:00.000+05:30,ECONOMY,CONFIRMED,3515,632.7,1000,3147.7,PAID
BK02718,PS00789,FL0065,2026-06-22T03:33:00.000+05:30,BUSINESS,CONFIRMED,17311,3115.98,1000,19426.98,PAID
BK02719,PS00116,FL0087,2026-06-08T17:39:00.000+05:30,ECONOMY,CANCELLED,4668,840.24,1500,4008.24,PAID
BK02720,PS00297,FL0195,2026-04-11T21:13:00.000+05:30,ECONOMY,CONFIRMED,7923,1426.14,0,9349.14,PAID
BK02721,PS00693,FL0198,2026-06-26T23:00:00.000+05:30,BUSINESS,CONFIRMED,23026,4144.68,0,27170.68,PAID
BK02722,PS00148,FL0041,2026-05-17T01:48:00.000+05:30,BUSINESS,PENDING,22444,4039.92,1000,25483.92,PAID
BK02723,PS00878,FL0191,2026-07-03T00:54:00.000+05:30,ECONOMY,CANCELLED,7091,1276.38,0,8367.38,PAID
BK02724,PS00473,FL0141,2026-05-28T23:30:00.000+05:30,BUSINESS,PENDING,19231,3461.58,1500,21192.58,PAID
BK02725,PS00202,FL0119,2026-07-21T23:00:00.000+05:30,ECONOMY,CONFIRMED,5084,915.12,1000,4999.12,PAID
BK02726,PS00162,FL0180,2026-06-25T01:16:00.000+05:30,ECONOMY,CONFIRMED,6477,1165.86,2000,5642.86,PENDING
BK02727,PS00536,FL0142,2026-06-30T17:53:00.000+05:30,ECONOMY,CONFIRMED,7759,1396.62,0,9155.62,PENDING
BK02728,PS00685,FL0156,2026-08-08T04:18:00.000+05:30,ECONOMY,PENDING,7762,1397.16,1500,7659.16,PAID
BK02729,PS00298,FL0032,2026-04-26T00:14:00.000+05:30,ECONOMY,CONFIRMED,6107,1099.26,2000,5206.26,PAID
BK02730,PS00116,FL0125,2026-07-01T07:26:00.000+05:30,ECONOMY,CONFIRMED,5959,1072.62,2000,5031.62,PAID
BK02731,PS00488,FL0078,2026-07-04T14:17:00.000+05:30,PREMIUM ECONOMY,PENDING,11911,2143.98,2000,12054.98,PAID
BK02732,PS00334,FL0009,2026-04-27T01:29:00.000+05:30,ECONOMY,CANCELLED,4210,757.8,1000,3967.8,PAID
BK02733,PS00846,FL0161,2026-05-18T20:10:00.000+05:30,ECONOMY,CONFIRMED,6102,1098.36,500,6700.36,PAID
BK02734,PS00204,FL0011,2026-06-24T00:09:00.000+05:30,FIRST,CONFIRMED,37417,6735.06,2000,42152.06,PAID
BK02735,PS00727,FL0031,2026-07-26T06:23:00.000+05:30,ECONOMY,CONFIRMED,5312,956.16,2000,4268.16,PAID
BK02736,PS00398,FL0114,2026-08-15T15:23:00.000+05:30,BUSINESS,CONFIRMED,15574,2803.32,0,18377.32,PAID
BK02737,PS00088,FL0067,2026-07-19T02:49:00.000+05:30,FIRST,CONFIRMED,32700,5886.0,500,38086.0,PAID
BK02738,PS00491,FL0093,2026-06-09T07:37:00.000+05:30,ECONOMY,CONFIRMED,4850,873.0,1000,4723.0,PAID
BK02739,PS00529,FL0029,2026-05-16T09:42:00.000+05:30,ECONOMY,PENDING,3302,594.36,0,3896.36,PAID
BK02740,PS00208,FL0029,2026-07-24T09:42:00.000+05:30,ECONOMY,CONFIRMED,7195,1295.1,1000,7490.1,PAID
BK02741,PS00567,FL0120,2026-07-08T21:25:00.000+05:30,ECONOMY,CONFIRMED,4412,794.16,1500,3706.16,PAID
BK02742,PS00983,FL0093,2026-07-26T07:37:00.000+05:30,BUSINESS,CONFIRMED,14627,2632.86,500,16759.86,PAID
BK02743,PS00563,FL0112,2026-05-18T02:49:00.000+05:30,ECONOMY,CONFIRMED,7576,1363.68,0,8939.68,PAID
BK02744,PS00371,FL0047,2026-04-22T02:11:00.000+05:30,BUSINESS,CONFIRMED,21274,3829.32,2000,23103.32,PAID
BK02745,PS00473,FL0181,2026-05-31T19:53:00.000+05:30,ECONOMY,CONFIRMED,6362,1145.16,500,7007.16,PAID
BK02746,PS00400,FL0127,2026-07-04T01:50:00.000+05:30,ECONOMY,CONFIRMED,5806,1045.08,0,6851.08,PAID
BK02747,PS00710,FL0177,2026-07-08T07:12:00.000+05:30,ECONOMY,CANCELLED,4942,889.56,0,5831.56,PAID
BK02748,PS00836,FL0149,2026-07-11T13:58:00.000+05:30,ECONOMY,CONFIRMED,7985,1437.3,0,9422.3,PAID
BK02749,PS00477,FL0125,2026-07-05T07:26:00.000+05:30,ECONOMY,CONFIRMED,6033,1085.94,1000,6118.94,PAID
BK02750,PS00896,FL0129,2026-06-24T13:09:00.000+05:30,ECONOMY,CANCELLED,3693,664.74,2000,2357.74,PAID
BK02751,PS00010,FL0081,2026-04-23T20:53:00.000+05:30,ECONOMY,CONFIRMED,3084,555.12,500,3139.12,PAID
BK02752,PS00459,FL0007,2026-04-17T19:26:00.000+05:30,BUSINESS,CONFIRMED,13752,2475.36,500,15727.36,PENDING
BK02753,PS00535,FL0053,2026-06-06T05:02:00.000+05:30,ECONOMY,CONFIRMED,3822,687.96,2000,2509.96,PAID
BK02754,PS00500,FL0117,2026-06-02T05:35:00.000+05:30,ECONOMY,CONFIRMED,4821,867.78,500,5188.78,PAID
BK02755,PS00476,FL0077,2026-08-22T02:30:00.000+05:30,ECONOMY,CONFIRMED,5528,995.04,2000,4523.04,PAID
BK02756,PS00736,FL0129,2026-06-30T13:09:00.000+05:30,ECONOMY,CONFIRMED,5324,958.32,1000,5282.32,PAID
BK02757,PS00190,FL0094,2026-05-12T06:12:00.000+05:30,ECONOMY,CONFIRMED,4748,854.64,0,5602.64,PENDING
BK02758,PS00121,FL0176,2026-05-27T02:41:00.000+05:30,ECONOMY,CONFIRMED,3886,699.48,2000,2585.48,PAID
BK02759,PS00881,FL0145,2026-04-17T12:44:00.000+05:30,PREMIUM ECONOMY,CONFIRMED,10462,1883.16,0,12345.16,PAID
BK02760,PS00454,FL0191,2026-04-25T00:54:00.000+05:30,ECONOMY,CONFIRMED,4217,759.06,0,4976.06,PAID
BK02761,PS00217,FL0026,2026-06-18T22:05:00.000+05:30,ECONOMY,CONFIRMED,5496,989.28,1500,4985.28,PAID
BK02762,PS00125,FL0103,2026-08-07T09:18:00.000+05:30,ECONOMY,CONFIRMED,4800,864.0,1500,4164.0,PAID
BK02763,PS00172,FL0008,2026-07-07T07:56:00.000+05:30,ECONOMY,CONFIRMED,4849,872.82,0,5721.82,PAID
BK02764,PS00594,FL0080,2026-04-19T23:54:00.000+05:30,FIRST,CONFIRMED,37830,6809.4,1000,43639.4,PAID
BK02765,PS00088,FL0198,2026-05-21T23:00:00.000+05:30,PREMIUM ECONOMY,CONFIRMED,8523,1534.14,2000,8057.14,PAID
BK02766,PS00392,FL0015,2026-07-27T01:50:00.000+05:30,ECONOMY,CONFIRMED,4845,872.1,0,5717.1,PAID
BK02767,PS00230,FL0128,2026-04-08T00:01:00.000+05:30,ECONOMY,CONFIRMED,6608,1189.44,0,7797.44,PAID
BK02768,PS00670,FL0087,2026-06-16T17:39:00.000+05:30,ECONOMY,CONFIRMED,5392,970.56,500,5862.56,PENDING
BK02769,PS00923,FL0052,2026-05-16T12:14:00.000+05:30,ECONOMY,CONFIRMED,4712,848.16,500,5060.16,PAID
BK02770,PS00728,FL0179,2026-05-25T17:01:00.000+05:30,ECONOMY,PENDING,5108,919.44,1000,5027.44,PAID
BK02771,PS00358,FL0060,2026-05-20T10:13:00.000+05:30,FIRST,CONFIRMED,28889,5200.02,2000,32089.02,PAID
BK02772,PS00052,FL0133,2026-06-22T07:05:00.000+05:30,BUSINESS,CONFIRMED,16079,2894.22,1000,17973.22,PENDING
BK02773,PS00558,FL0150,2026-04-19T01:07:00.000+05:30,ECONOMY,CONFIRMED,3182,572.76,1000,2754.76,PAID
BK02774,PS00565,FL0138,2026-05-26T07:55:00.000+05:30,ECONOMY,CONFIRMED,6789,1222.02,500,7511.02,PAID
BK02775,PS00150,FL0195,2026-06-30T21:13:00.000+05:30,BUSINESS,CONFIRMED,18566,3341.88,1000,20907.88,PAID
BK02776,PS00498,FL0145,2026-07-12T12:44:00.000+05:30,BUSINESS,CONFIRMED,23626,4252.68,1000,26878.68,PAID
BK02777,PS00627,FL0124,2026-08-09T21:31:00.000+05:30,BUSINESS,CONFIRMED,17561,3160.98,1000,19721.98,PAID
BK02778,PS00820,FL0178,2026-07-17T07:36:00.000+05:30,ECONOMY,CONFIRMED,7888,1419.84,1000,8307.84,PAID
BK02779,PS00951,FL0152,2026-04-24T13:38:00.000+05:30,ECONOMY,CONFIRMED,4792,862.56,1500,4154.56,PENDING
BK02780,PS00301,FL0169,2026-08-10T14:48:00.000+05:30,BUSINESS,CONFIRMED,12748,2294.64,0,15042.64,PAID
BK02781,PS00814,FL0062,2026-08-04T12:00:00.000+05:30,BUSINESS,CONFIRMED,19162,3449.16,1000,21611.16,PAID
BK02782,PS00621,FL0155,2026-07-23T06:11:00.000+05:30,ECONOMY,CONFIRMED,7861,1414.98,500,8775.98,PAID
BK02783,PS00716,FL0076,2026-07-03T04:07:00.000+05:30,ECONOMY,PENDING,4167,750.06,0,4917.06,PAID
BK02784,PS00300,FL0186,2026-06-01T08:30:00.000+05:30,ECONOMY,CONFIRMED,6887,1239.66,2000,6126.66,PENDING
BK02785,PS00197,FL0156,2026-04-27T04:18:00.000+05:30,ECONOMY,CONFIRMED,7279,1310.22,1000,7589.22,PAID
BK02786,PS00231,FL0084,2026-05-19T23:01:00.000+05:30,BUSINESS,CONFIRMED,13653,2457.54,0,16110.54,PENDING
BK02787,PS00616,FL0154,2026-08-01T18:41:00.000+05:30,PREMIUM ECONOMY,CONFIRMED,9981,1796.58,2000,9777.58,PENDING
BK02788,PS00684,FL0152,2026-06-29T13:38:00.000+05:30,FIRST,CONFIRMED,37584,6765.12,1000,43349.12,PAID
BK02789,PS00572,FL0099,2026-04-14T13:57:00.000+05:30,ECONOMY,CONFIRMED,5660,1018.8,500,6178.8,PAID
BK02790,PS00793,FL0120,2026-04-26T21:25:00.000+05:30,ECONOMY,CANCELLED,5684,1023.12,0,6707.12,PAID
BK02791,PS00240,FL0165,2026-05-22T14:40:00.000+05:30,ECONOMY,CONFIRMED,4235,762.3,1500,3497.3,PAID
BK02792,PS00758,FL0082,2026-05-03T23:43:00.000+05:30,ECONOMY,CONFIRMED,3767,678.06,2000,2445.06,PAID
BK02793,PS00503,FL0145,2026-05-02T12:44:00.000+05:30,FIRST,CONFIRMED,28332,5099.76,2000,31431.76,PAID
BK02794,PS00815,FL0030,2026-06-26T04:05:00.000+05:30,FIRST,CONFIRMED,29136,5244.48,2000,32380.48,PAID
BK02795,PS00666,FL0194,2026-05-27T06:24:00.000+05:30,PREMIUM ECONOMY,CONFIRMED,11955,2151.9,500,13606.9,PENDING
BK02796,PS00872,FL0097,2026-04-11T09:06:00.000+05:30,ECONOMY,CONFIRMED,4122,741.96,1500,3363.96,PAID
BK02797,PS00366,FL0033,2026-06-16T08:26:00.000+05:30,ECONOMY,CONFIRMED,3948,710.64,1000,3658.64,PAID
BK02798,PS00405,FL0023,2026-05-01T20:11:00.000+05:30,ECONOMY,CONFIRMED,6153,1107.54,2000,5260.54,PAID
BK02799,PS00706,FL0109,2026-07-31T05:41:00.000+05:30,ECONOMY,CONFIRMED,6177,1111.86,500,6788.86,PENDING
BK02800,PS00974,FL0125,2026-05-17T07:26:00.000+05:30,ECONOMY,PENDING,5218,939.24,1000,5157.24,PAID
BK02801,PS00100,FL0037,2026-06-26T18:43:00.000+05:30,ECONOMY,CONFIRMED,5986,1077.48,1500,5563.48,PAID
BK02802,PS00409,FL0178,2026-07-08T07:36:00.000+05:30,ECONOMY,CANCELLED,5169,930.42,500,5599.42,PAID
BK02803,PS00228,FL0076,2026-07-29T04:07:00.000+05:30,ECONOMY,CONFIRMED,6852,1233.36,500,7585.36,PAID
BK02804,PS00993,FL0127,2026-05-14T01:50:00.000+05:30,ECONOMY,PENDING,3828,689.04,500,4017.04,PAID
BK02805,PS00938,FL0101,2026-08-20T19:08:00.000+05:30,ECONOMY,PENDING,3830,689.4,2000,2519.4,PAID
BK02806,PS00251,FL0059,2026-06-30T04:58:00.000+05:30,BUSINESS,CONFIRMED,12733,2291.94,0,15024.94,PAID
BK02807,PS00619,FL0066,2026-06-04T05:19:00.000+05:30,ECONOMY,CANCELLED,5814,1046.52,0,6860.52,PAID
BK02808,PS00760,FL0167,2026-08-08T05:21:00.000+05:30,ECONOMY,CONFIRMED,7080,1274.4,1500,6854.4,PAID
BK02809,PS00371,FL0189,2026-08-19T10:48:00.000+05:30,ECONOMY,CANCELLED,6133,1103.94,0,7236.94,REFUNDED
BK02810,PS00009,FL0192,2026-05-05T12:51:00.000+05:30,ECONOMY,CONFIRMED,7446,1340.28,2000,6786.28,PAID
BK02811,PS00873,FL0130,2026-05-19T16:26:00.000+05:30,ECONOMY,CONFIRMED,7933,1427.94,2000,7360.94,PAID
BK02812,PS00924,FL0047,2026-08-09T02:11:00.000+05:30,ECONOMY,CONFIRMED,5859,1054.62,1500,5413.62,PAID
BK02813,PS00757,FL0078,2026-07-20T14:17:00.000+05:30,ECONOMY,CONFIRMED,7660,1378.8,1000,8038.8,PAID
BK02814,PS00494,FL0100,2026-07-07T18:25:00.000+05:30,ECONOMY,CONFIRMED,3829,689.22,2000,2518.22,PAID
BK02815,PS00179,FL0045,2026-05-15T16:40:00.000+05:30,PREMIUM ECONOMY,CONFIRMED,8475,1525.5,0,10000.5,PAID
BK02816,PS00634,FL0113,2026-06-29T11:26:00.000+05:30,ECONOMY,CONFIRMED,6350,1143.0,1000,6493.0,PENDING
BK02817,PS00627,FL0191,2026-06-06T00:54:00.000+05:30,BUSINESS,CANCELLED,14783,2660.94,1500,15943.94,PAID
BK02818,PS00033,FL0051,2026-07-12T00:24:00.000+05:30,ECONOMY,PENDING,6129,1103.22,1000,6232.22,PAID
BK02819,PS00909,FL0151,2026-04-20T13:13:00.000+05:30,BUSINESS,CONFIRMED,15567,2802.06,500,17869.06,PAID
BK02820,PS00407,FL0107,2026-06-30T02:22:00.000+05:30,ECONOMY,CONFIRMED,4989,898.02,0,5887.02,PAID
BK02821,PS00559,FL0021,2026-05-13T16:16:00.000+05:30,ECONOMY,CONFIRMED,6228,1121.04,2000,5349.04,PENDING
BK02822,PS00063,FL0128,2026-05-17T00:01:00.000+05:30,ECONOMY,CONFIRMED,4798,863.64,2000,3661.64,PENDING
BK02823,PS00213,FL0133,2026-06-23T07:05:00.000+05:30,ECONOMY,CONFIRMED,7956,1432.08,500,8888.08,PAID
BK02824,PS00481,FL0183,2026-05-26T22:19:00.000+05:30,ECONOMY,CONFIRMED,7418,1335.24,500,8253.24,PAID
BK02825,PS00372,FL0133,2026-06-20T07:05:00.000+05:30,BUSINESS,CONFIRMED,21933,3947.94,1000,24880.94,PAID
BK02826,PS00135,FL0196,2026-07-22T00:36:00.000+05:30,BUSINESS,CONFIRMED,19874,3577.32,1000,22451.32,REFUNDED
BK02827,PS00368,FL0045,2026-06-22T16:40:00.000+05:30,ECONOMY,CONFIRMED,6856,1234.08,0,8090.08,PAID
BK02828,PS00580,FL0157,2026-04-26T00:55:00.000+05:30,FIRST,CONFIRMED,31287,5631.66,0,36918.66,PAID
BK02829,PS00414,FL0129,2026-05-07T13:09:00.000+05:30,ECONOMY,CONFIRMED,7353,1323.54,500,8176.54,PAID
BK02830,PS00638,FL0153,2026-05-31T12:05:00.000+05:30,FIRST,PENDING,26653,4797.54,2000,29450.54,PAID
BK02831,PS00713,FL0098,2026-04-22T19:28:00.000+05:30,PREMIUM ECONOMY,CONFIRMED,10693,1924.74,1500,11117.74,PAID
BK02832,PS00682,FL0137,2026-05-26T17:20:00.000+05:30,ECONOMY,CONFIRMED,5233,941.94,1500,4674.94,PAID
BK02833,PS00871,FL0073,2026-06-20T20:34:00.000+05:30,ECONOMY,CONFIRMED,7463,1343.34,500,8306.34,PAID
BK02834,PS00967,FL0087,2026-07-05T17:39:00.000+05:30,ECONOMY,CONFIRMED,7098,1277.64,1000,7375.64,PAID
BK02835,PS00555,FL0124,2026-08-11T21:31:00.000+05:30,ECONOMY,CONFIRMED,3794,682.92,0,4476.92,PAID
BK02836,PS00137,FL0014,2026-08-02T13:07:00.000+05:30,ECONOMY,CONFIRMED,6146,1106.28,1000,6252.28,PAID
BK02837,PS00257,FL0081,2026-06-16T20:53:00.000+05:30,ECONOMY,CONFIRMED,4583,824.94,0,5407.94,PAID
BK02838,PS00295,FL0037,2026-06-24T18:43:00.000+05:30,ECONOMY,CONFIRMED,5282,950.76,0,6232.76,PAID
BK02839,PS00179,FL0117,2026-06-15T05:35:00.000+05:30,ECONOMY,PENDING,4082,734.76,0,4816.76,PAID
BK02840,PS00342,FL0152,2026-06-13T13:38:00.000+05:30,BUSINESS,CONFIRMED,24398,4391.64,1000,27789.64,PENDING
BK02841,PS00298,FL0081,2026-04-14T20:53:00.000+05:30,PREMIUM ECONOMY,CONFIRMED,11156,2008.08,1000,12164.08,PAID
BK02842,PS00591,FL0133,2026-04-21T07:05:00.000+05:30,ECONOMY,CONFIRMED,6835,1230.3,2000,6065.3,PAID
BK02843,PS00653,FL0113,2026-05-18T11:26:00.000+05:30,BUSINESS,CONFIRMED,24494,4408.92,0,28902.92,PAID
BK02844,PS00892,FL0027,2026-04-23T07:46:00.000+05:30,ECONOMY,CONFIRMED,5040,907.2,1500,4447.2,PAID
BK02845,PS00397,FL0135,2026-05-26T12:36:00.000+05:30,ECONOMY,CONFIRMED,6353,1143.54,0,7496.54,PAID
BK02846,PS00536,FL0184,2026-05-23T09:58:00.000+05:30,ECONOMY,PENDING,7706,1387.08,500,8593.08,PAID
BK02847,PS00042,FL0183,2026-05-27T22:19:00.000+05:30,ECONOMY,CONFIRMED,5726,1030.68,0,6756.68,PAID
BK02848,PS00925,FL0020,2026-08-13T17:18:00.000+05:30,ECONOMY,CONFIRMED,7735,1392.3,1000,8127.3,PAID
BK02849,PS00186,FL0147,2026-05-28T14:49:00.000+05:30,BUSINESS,CONFIRMED,16856,3034.08,0,19890.08,PAID
BK02850,PS00376,FL0090,2026-08-16T21:05:00.000+05:30,ECONOMY,CONFIRMED,6665,1199.7,0,7864.7,PAID
BK02851,PS00069,FL0163,2026-05-22T08:18:00.000+05:30,BUSINESS,CONFIRMED,18746,3374.28,2000,20120.28,PAID
BK02852,PS00084,FL0082,2026-06-22T23:43:00.000+05:30,PREMIUM ECONOMY,CONFIRMED,11372,2046.96,2000,11418.96,PENDING
BK02853,PS00248,FL0086,2026-04-24T13:16:00.000+05:30,ECONOMY,CONFIRMED,7082,1274.76,2000,6356.76,PAID
BK02854,PS00813,FL0068,2026-08-03T15:44:00.000+05:30,ECONOMY,CONFIRMED,4563,821.34,1000,4384.34,PAID
BK02855,PS00222,FL0039,2026-04-19T01:47:00.000+05:30,ECONOMY,PENDING,6294,1132.92,2000,5426.92,PAID
BK02856,PS00084,FL0125,2026-06-20T07:26:00.000+05:30,FIRST,CONFIRMED,35179,6332.22,2000,39511.22,PAID
BK02857,PS00331,FL0142,2026-04-27T17:53:00.000+05:30,FIRST,CONFIRMED,30530,5495.4,500,35525.4,PAID
BK02858,PS00102,FL0021,2026-06-22T16:16:00.000+05:30,ECONOMY,CONFIRMED,7402,1332.36,1000,7734.36,PAID
BK02859,PS00095,FL0184,2026-08-02T09:58:00.000+05:30,ECONOMY,CONFIRMED,7659,1378.62,0,9037.62,PAID
BK02860,PS00052,FL0010,2026-06-03T09:55:00.000+05:30,ECONOMY,CONFIRMED,7441,1339.38,0,8780.38,PAID
BK02861,PS00874,FL0078,2026-07-19T14:17:00.000+05:30,ECONOMY,CONFIRMED,7608,1369.44,1000,7977.44,REFUNDED
BK02862,PS00702,FL0008,2026-05-16T07:56:00.000+05:30,ECONOMY,CONFIRMED,3183,572.94,1500,2255.94,PAID
BK02863,PS00943,FL0073,2026-07-24T20:34:00.000+05:30,ECONOMY,CONFIRMED,3596,647.28,1500,2743.28,PAID
BK02864,PS00385,FL0198,2026-05-22T23:00:00.000+05:30,FIRST,CONFIRMED,30388,5469.84,1000,34857.84,PAID
BK02865,PS00366,FL0097,2026-05-30T09:06:00.000+05:30,BUSINESS,CONFIRMED,22776,4099.68,0,26875.68,PAID
BK02866,PS00770,FL0022,2026-06-27T08:13:00.000+05:30,ECONOMY,CONFIRMED,3237,582.66,1000,2819.66,PAID
BK02867,PS00675,FL0022,2026-07-09T08:13:00.000+05:30,ECONOMY,CONFIRMED,6713,1208.34,2000,5921.34,PAID
BK02868,PS00394,FL0155,2026-05-25T06:11:00.000+05:30,ECONOMY,CONFIRMED,4021,723.78,500,4244.78,PAID
BK02869,PS00736,FL0009,2026-07-01T01:29:00.000+05:30,ECONOMY,CONFIRMED,6247,1124.46,1000,6371.46,PAID
BK02870,PS00168,FL0010,2026-07-20T09:55:00.000+05:30,ECONOMY,CONFIRMED,5920,1065.6,1000,5985.6,PAID
BK02871,PS00572,FL0115,2026-06-18T21:48:00.000+05:30,BUSINESS,CONFIRMED,15593,2806.74,2000,16399.74,PAID
BK02872,PS00831,FL0095,2026-07-14T03:52:00.000+05:30,ECONOMY,CONFIRMED,7700,1386.0,500,8586.0,PAID
BK02873,PS00237,FL0078,2026-04-21T14:17:00.000+05:30,ECONOMY,PENDING,3976,715.68,1000,3691.68,PAID
BK02874,PS00658,FL0071,2026-08-20T13:39:00.000+05:30,ECONOMY,CONFIRMED,5188,933.84,1500,4621.84,PAID
BK02875,PS00176,FL0194,2026-04-27T06:24:00.000+05:30,ECONOMY,CONFIRMED,4265,767.7,1500,3532.7,PAID
BK02876,PS00955,FL0068,2026-05-01T15:44:00.000+05:30,ECONOMY,CONFIRMED,7759,1396.62,1000,8155.62,PAID
BK02877,PS00365,FL0160,2026-04-14T03:28:00.000+05:30,ECONOMY,CONFIRMED,3311,595.98,1500,2406.98,PAID
BK02878,PS00723,FL0034,2026-06-30T15:35:00.000+05:30,ECONOMY,PENDING,3333,599.94,2000,1932.94,PAID
BK02879,PS00076,FL0156,2026-05-22T04:18:00.000+05:30,BUSINESS,CONFIRMED,21074,3793.32,1500,23367.32,PAID
BK02880,PS00006,FL0168,2026-04-27T15:47:00.000+05:30,BUSINESS,CONFIRMED,21342,3841.56,0,25183.56,REFUNDED
BK02881,PS00690,FL0096,2026-06-19T20:50:00.000+05:30,ECONOMY,CONFIRMED,7953,1431.54,500,8884.54,PAID
BK02882,PS00724,FL0026,2026-06-22T22:05:00.000+05:30,ECONOMY,CONFIRMED,7493,1348.74,1500,7341.74,PENDING
BK02883,PS00904,FL0167,2026-08-01T05:21:00.000+05:30,ECONOMY,CANCELLED,5236,942.48,500,5678.48,PAID
BK02884,PS00330,FL0064,2026-04-21T02:15:00.000+05:30,ECONOMY,CONFIRMED,7249,1304.82,2000,6553.82,PAID
BK02885,PS00193,FL0174,2026-05-27T03:12:00.000+05:30,ECONOMY,CONFIRMED,6884,1239.12,1500,6623.12,PAID
BK02886,PS00593,FL0152,2026-07-29T13:38:00.000+05:30,ECONOMY,CONFIRMED,4759,856.62,1500,4115.62,PAID
BK02887,PS00534,FL0130,2026-06-03T16:26:00.000+05:30,ECONOMY,PENDING,4676,841.68,2000,3517.68,PENDING
BK02888,PS00875,FL0126,2026-07-27T21:39:00.000+05:30,ECONOMY,CONFIRMED,4263,767.34,2000,3030.34,PAID
BK02889,PS00499,FL0006,2026-07-23T17:54:00.000+05:30,FIRST,CONFIRMED,27811,5005.98,1000,31816.98,PAID
BK02890,PS00775,FL0044,2026-04-29T15:19:00.000+05:30,ECONOMY,CONFIRMED,4192,754.56,1000,3946.56,PAID
BK02891,PS00964,FL0144,2026-04-29T23:06:00.000+05:30,ECONOMY,CONFIRMED,6262,1127.16,2000,5389.16,PAID
BK02892,PS00612,FL0136,2026-07-04T00:00:00.000+05:30,ECONOMY,CONFIRMED,7230,1301.4,1000,7531.4,PAID
BK02893,PS00073,FL0038,2026-06-07T08:19:00.000+05:30,FIRST,CONFIRMED,25836,4650.48,0,30486.48,PAID
BK02894,PS00186,FL0196,2026-07-30T00:36:00.000+05:30,ECONOMY,CONFIRMED,6104,1098.72,500,6702.72,PAID
BK02895,PS00825,FL0075,2026-08-15T02:42:00.000+05:30,ECONOMY,CONFIRMED,5451,981.18,500,5932.18,PAID
BK02896,PS00997,FL0061,2026-05-26T22:34:00.000+05:30,PREMIUM ECONOMY,CONFIRMED,11025,1984.5,500,12509.5,PAID
BK02897,PS00582,FL0100,2026-06-24T18:25:00.000+05:30,ECONOMY,CONFIRMED,5983,1076.94,0,7059.94,PAID
BK02898,PS00702,FL0151,2026-07-27T13:13:00.000+05:30,ECONOMY,CONFIRMED,4195,755.1,500,4450.1,PENDING
BK02899,PS00235,FL0011,2026-05-01T00:09:00.000+05:30,ECONOMY,CONFIRMED,4967,894.06,0,5861.06,PAID
BK02900,PS00670,FL0060,2026-07-28T10:13:00.000+05:30,BUSINESS,CANCELLED,19718,3549.24,500,22767.24,PAID
BK02901,PS00820,FL0155,2026-08-11T06:11:00.000+05:30,ECONOMY,CONFIRMED,3518,633.24,1000,3151.24,PAID
BK02902,PS00655,FL0134,2026-05-23T08:42:00.000+05:30,ECONOMY,CONFIRMED,3071,552.78,1500,2123.78,PAID
BK02903,PS00888,FL0066,2026-05-05T05:19:00.000+05:30,ECONOMY,CONFIRMED,5154,927.72,0,6081.72,PAID
BK02904,PS00975,FL0161,2026-05-16T20:10:00.000+05:30,PREMIUM ECONOMY,CONFIRMED,10522,1893.96,1500,10915.96,PAID
BK02905,PS00135,FL0060,2026-05-07T10:13:00.000+05:30,BUSINESS,CONFIRMED,15555,2799.9,2000,16354.9,PAID
BK02906,PS00157,FL0130,2026-05-11T16:26:00.000+05:30,ECONOMY,PENDING,7306,1315.08,0,8621.08,PAID
BK02907,PS00433,FL0016,2026-05-24T06:12:00.000+05:30,ECONOMY,CONFIRMED,3790,682.2,0,4472.2,PAID
BK02908,PS00266,FL0052,2026-05-03T12:14:00.000+05:30,BUSINESS,CONFIRMED,24452,4401.36,2000,26853.36,PAID
BK02909,PS00169,FL0103,2026-07-29T09:18:00.000+05:30,ECONOMY,CONFIRMED,7331,1319.58,1000,7650.58,PAID
BK02910,PS00539,FL0041,2026-05-16T01:48:00.000+05:30,ECONOMY,CONFIRMED,7482,1346.76,1500,7328.76,PAID
BK02911,PS00731,FL0036,2026-07-09T16:28:00.000+05:30,ECONOMY,CONFIRMED,5049,908.82,1000,4957.82,PENDING
BK02912,PS00342,FL0029,2026-05-17T09:42:00.000+05:30,ECONOMY,CONFIRMED,3279,590.22,1000,2869.22,PAID
BK02913,PS00688,FL0059,2026-04-21T04:58:00.000+05:30,ECONOMY,CONFIRMED,5550,999.0,1000,5549.0,PAID
BK02914,PS00338,FL0102,2026-05-15T16:29:00.000+05:30,ECONOMY,CONFIRMED,5518,993.24,1500,5011.24,PAID
BK02915,PS00752,FL0016,2026-05-18T06:12:00.000+05:30,FIRST,CANCELLED,34449,6200.82,1000,39649.82,PAID
BK02916,PS00623,FL0128,2026-04-06T00:01:00.000+05:30,PREMIUM ECONOMY,CONFIRMED,8439,1519.02,1500,8458.02,PAID
BK02917,PS00130,FL0009,2026-06-23T01:29:00.000+05:30,ECONOMY,CONFIRMED,4397,791.46,1500,3688.46,PAID
BK02918,PS00992,FL0043,2026-07-06T12:42:00.000+05:30,ECONOMY,CONFIRMED,7425,1336.5,2000,6761.5,PAID
BK02919,PS00259,FL0170,2026-07-24T02:40:00.000+05:30,ECONOMY,CANCELLED,3586,645.48,2000,2231.48,PAID
BK02920,PS00784,FL0096,2026-07-17T20:50:00.000+05:30,BUSINESS,CONFIRMED,15315,2756.7,1000,17071.7,PAID
BK02921,PS00529,FL0092,2026-04-30T01:56:00.000+05:30,FIRST,CONFIRMED,28621,5151.78,500,33272.78,PAID
BK02922,PS00988,FL0135,2026-06-13T12:36:00.000+05:30,ECONOMY,CONFIRMED,5345,962.1,1500,4807.1,PAID
BK02923,PS00509,FL0082,2026-07-18T23:43:00.000+05:30,ECONOMY,PENDING,3103,558.54,500,3161.54,PAID
BK02924,PS00868,FL0127,2026-07-18T01:50:00.000+05:30,PREMIUM ECONOMY,CONFIRMED,8749,1574.82,500,9823.82,PAID
BK02925,PS00264,FL0145,2026-05-02T12:44:00.000+05:30,ECONOMY,CONFIRMED,3504,630.72,1500,2634.72,PAID
BK02926,PS00492,FL0159,2026-07-12T00:44:00.000+05:30,ECONOMY,CONFIRMED,7417,1335.06,2000,6752.06,PENDING
BK02927,PS00286,FL0054,2026-08-14T10:45:00.000+05:30,ECONOMY,CONFIRMED,7287,1311.66,2000,6598.66,PAID
BK02928,PS00287,FL0112,2026-04-13T02:49:00.000+05:30,ECONOMY,CONFIRMED,4611,829.98,1000,4440.98,PAID
BK02929,PS00705,FL0043,2026-07-18T12:42:00.000+05:30,PREMIUM ECONOMY,CONFIRMED,11347,2042.46,1000,12389.46,PAID
BK02930,PS00481,FL0138,2026-05-16T07:55:00.000+05:30,ECONOMY,CONFIRMED,5187,933.66,500,5620.66,PAID
BK02931,PS00409,FL0078,2026-07-17T14:17:00.000+05:30,ECONOMY,CONFIRMED,7344,1321.92,500,8165.92,PAID
BK02932,PS00947,FL0193,2026-05-20T01:05:00.000+05:30,ECONOMY,CONFIRMED,3241,583.38,1500,2324.38,PAID
BK02933,PS00041,FL0003,2026-06-16T09:26:00.000+05:30,ECONOMY,CONFIRMED,4859,874.62,500,5233.62,PAID
BK02934,PS00652,FL0097,2026-07-28T09:06:00.000+05:30,PREMIUM ECONOMY,CONFIRMED,8749,1574.82,0,10323.82,PAID
BK02935,PS00856,FL0142,2026-05-28T17:53:00.000+05:30,BUSINESS,CONFIRMED,21167,3810.06,1000,23977.06,PAID
BK02936,PS00303,FL0036,2026-06-03T16:28:00.000+05:30,FIRST,CONFIRMED,35389,6370.02,500,41259.02,PAID
BK02937,PS00474,FL0171,2026-04-23T15:42:00.000+05:30,BUSINESS,CONFIRMED,23837,4290.66,1000,27127.66,PAID
BK02938,PS00924,FL0074,2026-05-24T06:02:00.000+05:30,ECONOMY,CONFIRMED,7204,1296.72,500,8000.72,PAID
BK02939,PS00505,FL0188,2026-05-22T03:01:00.000+05:30,ECONOMY,PENDING,6126,1102.68,0,7228.68,PAID
BK02940,PS00205,FL0018,2026-04-21T15:36:00.000+05:30,ECONOMY,CONFIRMED,5651,1017.18,1500,5168.18,PAID
BK02941,PS00966,FL0047,2026-05-17T02:11:00.000+05:30,ECONOMY,CONFIRMED,3826,688.68,2000,2514.68,PAID
BK02942,PS00815,FL0164,2026-08-16T01:16:00.000+05:30,FIRST,CONFIRMED,36109,6499.62,2000,40608.62,PAID
BK02943,PS00967,FL0068,2026-05-29T15:44:00.000+05:30,ECONOMY,CONFIRMED,4567,822.06,0,5389.06,PAID
BK02944,PS00372,FL0031,2026-06-28T06:23:00.000+05:30,PREMIUM ECONOMY,CONFIRMED,9030,1625.4,500,10155.4,PAID
BK02945,PS00475,FL0036,2026-07-29T16:28:00.000+05:30,ECONOMY,CONFIRMED,5450,981.0,2000,4431.0,PAID
BK02946,PS00384,FL0059,2026-05-04T04:58:00.000+05:30,BUSINESS,CONFIRMED,18489,3328.02,500,21317.02,PAID
BK02947,PS00619,FL0034,2026-05-06T15:35:00.000+05:30,ECONOMY,CANCELLED,4414,794.52,0,5208.52,PAID
BK02948,PS00643,FL0031,2026-04-14T06:23:00.000+05:30,ECONOMY,CONFIRMED,5622,1011.96,500,6133.96,PAID
BK02949,PS00396,FL0117,2026-06-14T05:35:00.000+05:30,ECONOMY,CONFIRMED,7144,1285.92,0,8429.92,PAID
BK02950,PS00843,FL0139,2026-08-11T12:04:00.000+05:30,ECONOMY,CANCELLED,7443,1339.74,0,8782.74,PAID
BK02951,PS00051,FL0014,2026-07-08T13:07:00.000+05:30,BUSINESS,CONFIRMED,15574,2803.32,0,18377.32,REFUNDED
BK02952,PS00294,FL0019,2026-07-17T01:43:00.000+05:30,PREMIUM ECONOMY,CONFIRMED,10813,1946.34,1500,11259.34,PAID
BK02953,PS00969,FL0100,2026-08-06T18:25:00.000+05:30,ECONOMY,PENDING,7057,1270.26,1500,6827.26,PENDING
BK02954,PS00426,FL0020,2026-07-25T17:18:00.000+05:30,ECONOMY,CONFIRMED,5370,966.6,2000,4336.6,PAID
BK02955,PS00588,FL0095,2026-08-07T03:52:00.000+05:30,ECONOMY,CONFIRMED,3450,621.0,1000,3071.0,PAID
BK02956,PS00689,FL0141,2026-05-29T23:30:00.000+05:30,ECONOMY,CONFIRMED,3876,697.68,2000,2573.68,PAID
BK02957,PS00763,FL0045,2026-05-20T16:40:00.000+05:30,ECONOMY,CONFIRMED,3610,649.8,0,4259.8,PAID
BK02958,PS00234,FL0033,2026-05-24T08:26:00.000+05:30,ECONOMY,PENDING,5416,974.88,2000,4390.88,PAID
BK02959,PS00540,FL0042,2026-05-09T08:07:00.000+05:30,BUSINESS,CONFIRMED,17452,3141.36,0,20593.36,PAID
BK02960,PS00844,FL0009,2026-06-09T01:29:00.000+05:30,BUSINESS,CONFIRMED,20065,3611.7,1500,22176.7,PENDING
BK02961,PS00319,FL0029,2026-07-10T09:42:00.000+05:30,BUSINESS,CONFIRMED,12019,2163.42,0,14182.42,PAID
BK02962,PS00257,FL0180,2026-07-30T01:16:00.000+05:30,PREMIUM ECONOMY,CONFIRMED,10464,1883.52,500,11847.52,PAID
BK02963,PS00976,FL0121,2026-07-16T05:51:00.000+05:30,BUSINESS,CONFIRMED,21958,3952.44,1500,24410.44,PAID
BK02964,PS00533,FL0154,2026-04-18T18:41:00.000+05:30,ECONOMY,CONFIRMED,3783,680.94,1500,2963.94,PAID
BK02965,PS00894,FL0059,2026-04-16T04:58:00.000+05:30,ECONOMY,CONFIRMED,5976,1075.68,1500,5551.68,PAID
BK02966,PS00303,FL0163,2026-07-10T08:18:00.000+05:30,BUSINESS,CONFIRMED,19149,3446.82,2000,20595.82,PAID
BK02967,PS00538,FL0019,2026-05-09T01:43:00.000+05:30,ECONOMY,CONFIRMED,3829,689.22,500,4018.22,PAID
BK02968,PS00734,FL0064,2026-07-05T02:15:00.000+05:30,ECONOMY,CONFIRMED,7131,1283.58,2000,6414.58,PAID
BK02969,PS00706,FL0168,2026-07-20T15:47:00.000+05:30,PREMIUM ECONOMY,CONFIRMED,11080,1994.4,0,13074.4,PAID
BK02970,PS00198,FL0081,2026-06-02T20:53:00.000+05:30,ECONOMY,PENDING,6261,1126.98,1500,5887.98,PAID
BK02971,PS00892,FL0009,2026-05-04T01:29:00.000+05:30,ECONOMY,CONFIRMED,6763,1217.34,1500,6480.34,PAID
BK02972,PS00696,FL0024,2026-05-20T06:29:00.000+05:30,ECONOMY,CONFIRMED,5714,1028.52,500,6242.52,PAID
BK02973,PS00959,FL0038,2026-06-24T08:19:00.000+05:30,PREMIUM ECONOMY,CONFIRMED,8961,1612.98,500,10073.98,PAID
BK02974,PS00056,FL0085,2026-08-23T06:23:00.000+05:30,ECONOMY,CONFIRMED,7641,1375.38,1000,8016.38,PAID
BK02975,PS00568,FL0039,2026-04-24T01:47:00.000+05:30,ECONOMY,CONFIRMED,3657,658.26,1000,3315.26,PAID
BK02976,PS00680,FL0062,2026-05-15T12:00:00.000+05:30,BUSINESS,CONFIRMED,22320,4017.6,2000,24337.6,PAID
BK02977,PS00278,FL0064,2026-06-10T02:15:00.000+05:30,ECONOMY,CONFIRMED,7104,1278.72,1500,6882.72,PAID
BK02978,PS00816,FL0106,2026-05-09T09:14:00.000+05:30,ECONOMY,CONFIRMED,5083,914.94,1500,4497.94,PAID
BK02979,PS00303,FL0070,2026-08-07T01:52:00.000+05:30,ECONOMY,CONFIRMED,6222,1119.96,1500,5841.96,PAID
BK02980,PS00250,FL0139,2026-04-23T12:04:00.000+05:30,ECONOMY,CANCELLED,6814,1226.52,1500,6540.52,PAID
BK02981,PS00967,FL0031,2026-05-16T06:23:00.000+05:30,ECONOMY,CONFIRMED,3526,634.68,2000,2160.68,PAID
BK02982,PS00187,FL0053,2026-07-05T05:02:00.000+05:30,ECONOMY,PENDING,5358,964.44,1500,4822.44,PAID
BK02983,PS00792,FL0045,2026-05-25T16:40:00.000+05:30,ECONOMY,CONFIRMED,7502,1350.36,2000,6852.36,PAID
BK02984,PS00201,FL0160,2026-05-18T03:28:00.000+05:30,FIRST,CONFIRMED,38639,6955.02,1000,44594.02,PAID
BK02985,PS00702,FL0181,2026-08-16T19:53:00.000+05:30,BUSINESS,CONFIRMED,18683,3362.94,500,21545.94,PAID
BK02986,PS00238,FL0175,2026-05-19T20:18:00.000+05:30,BUSINESS,CONFIRMED,12798,2303.64,0,15101.64,PAID
BK02987,PS00048,FL0002,2026-07-21T11:44:00.000+05:30,ECONOMY,CONFIRMED,4095,737.1,1500,3332.1,PAID
BK02988,PS00032,FL0022,2026-08-10T08:13:00.000+05:30,ECONOMY,CONFIRMED,5526,994.68,0,6520.68,PAID
BK02989,PS00181,FL0092,2026-06-19T01:56:00.000+05:30,ECONOMY,CONFIRMED,4590,826.2,1500,3916.2,PAID
BK02990,PS00146,FL0049,2026-07-04T18:21:00.000+05:30,ECONOMY,CONFIRMED,6758,1216.44,1000,6974.44,PAID
BK02991,PS00844,FL0053,2026-08-12T05:02:00.000+05:30,ECONOMY,CONFIRMED,4384,789.12,0,5173.12,PAID
BK02992,PS00824,FL0050,2026-06-08T22:38:00.000+05:30,ECONOMY,CONFIRMED,7649,1376.82,2000,7025.82,PAID
BK02993,PS00422,FL0088,2026-06-19T01:28:00.000+05:30,ECONOMY,CONFIRMED,3712,668.16,1000,3380.16,PAID
BK02994,PS00479,FL0137,2026-07-22T17:20:00.000+05:30,PREMIUM ECONOMY,CANCELLED,8161,1468.98,1500,8129.98,PAID
BK02995,PS00660,FL0065,2026-06-06T03:33:00.000+05:30,FIRST,CONFIRMED,27473,4945.14,0,32418.14,PAID
BK02996,PS00332,FL0117,2026-08-07T05:35:00.000+05:30,ECONOMY,CONFIRMED,3454,621.72,1500,2575.72,PAID
BK02997,PS00745,FL0102,2026-07-18T16:29:00.000+05:30,ECONOMY,CONFIRMED,4780,860.4,1000,4640.4,PAID
BK02998,PS00931,FL0060,2026-06-21T10:13:00.000+05:30,ECONOMY,CONFIRMED,3222,579.96,2000,1801.96,PAID
BK02999,PS00546,FL0087,2026-05-01T17:39:00.000+05:30,BUSINESS,CONFIRMED,14176,2551.68,1500,15227.68,PAID
BK03000,PS00802,FL0116,2026-08-04T12:06:00.000+05:30,ECONOMY,CONFIRMED,6656,1198.08,2000,5854.08,PAID
BK03001,PS00059,FL0001,2026-05-05T23:23:00.000+05:30,ECONOMY,CONFIRMED,7181,1292.58,1000,7473.58,PAID
BK03002,PS00557,FL0056,2026-07-22T11:12:00.000+05:30,ECONOMY,CONFIRMED,4170,750.6,0,4920.6,PAID
BK03003,PS00407,FL0167,2026-07-02T05:21:00.000+05:30,ECONOMY,CONFIRMED,6812,1226.16,1000,7038.16,PENDING
BK03004,PS00514,FL0021,2026-07-01T16:16:00.000+05:30,ECONOMY,CONFIRMED,7982,1436.76,1500,7918.76,PAID
BK03005,PS00065,FL0033,2026-06-02T08:26:00.000+05:30,ECONOMY,CONFIRMED,4064,731.52,0,4795.52,PAID
BK03006,PS00410,FL0200,2026-07-05T07:44:00.000+05:30,ECONOMY,PENDING,6792,1222.56,0,8014.56,PAID
BK03007,PS00835,FL0013,2026-08-05T01:09:00.000+05:30,BUSINESS,CONFIRMED,17753,3195.54,0,20948.54,PAID
BK03008,PS00980,FL0142,2026-07-21T17:53:00.000+05:30,ECONOMY,CONFIRMED,7316,1316.88,0,8632.88,PENDING
BK03009,PS00663,FL0023,2026-04-28T20:11:00.000+05:30,ECONOMY,CANCELLED,4486,807.48,500,4793.48,PAID
BK03010,PS00274,FL0162,2026-07-16T12:14:00.000+05:30,ECONOMY,CONFIRMED,3997,719.46,500,4216.46,PAID
BK03011,PS00010,FL0054,2026-05-12T10:45:00.000+05:30,ECONOMY,CANCELLED,7342,1321.56,2000,6663.56,PAID
BK03012,PS00399,FL0023,2026-04-19T20:11:00.000+05:30,ECONOMY,CONFIRMED,6081,1094.58,500,6675.58,PAID
BK03013,PS00732,FL0145,2026-04-21T12:44:00.000+05:30,ECONOMY,CONFIRMED,3942,709.56,1500,3151.56,PAID
BK03014,PS00238,FL0019,2026-05-07T01:43:00.000+05:30,ECONOMY,CONFIRMED,5473,985.14,1000,5458.14,PENDING
BK03015,PS00866,FL0042,2026-06-09T08:07:00.000+05:30,ECONOMY,PENDING,4048,728.64,0,4776.64,PAID
BK03016,PS00556,FL0084,2026-07-29T23:01:00.000+05:30,ECONOMY,CONFIRMED,3704,666.72,1000,3370.72,PAID
BK03017,PS00529,FL0062,2026-07-22T12:00:00.000+05:30,ECONOMY,CONFIRMED,4618,831.24,1500,3949.24,PAID
BK03018,PS00152,FL0025,2026-06-26T17:16:00.000+05:30,ECONOMY,CONFIRMED,5431,977.58,500,5908.58,PAID
BK03019,PS00896,FL0078,2026-05-12T14:17:00.000+05:30,ECONOMY,CONFIRMED,7218,1299.24,0,8517.24,PAID
BK03020,PS00359,FL0009,2026-07-08T01:29:00.000+05:30,BUSINESS,CONFIRMED,24631,4433.58,0,29064.58,PENDING
BK03021,PS00825,FL0187,2026-04-16T10:08:00.000+05:30,BUSINESS,CONFIRMED,13134,2364.12,1000,14498.12,PAID
BK03022,PS00405,FL0075,2026-04-29T02:42:00.000+05:30,ECONOMY,CONFIRMED,6955,1251.9,1000,7206.9,PAID
BK03023,PS00693,FL0089,2026-06-27T02:36:00.000+05:30,ECONOMY,CONFIRMED,4504,810.72,500,4814.72,PAID
BK03024,PS00733,FL0070,2026-06-02T01:52:00.000+05:30,BUSINESS,CONFIRMED,14367,2586.06,1500,15453.06,PAID
BK03025,PS00102,FL0037,2026-05-09T18:43:00.000+05:30,PREMIUM ECONOMY,CONFIRMED,8850,1593.0,0,10443.0,PAID
BK03026,PS00904,FL0073,2026-04-07T20:34:00.000+05:30,BUSINESS,CONFIRMED,12535,2256.3,1000,13791.3,PAID
BK03027,PS00384,FL0094,2026-08-21T06:12:00.000+05:30,ECONOMY,CONFIRMED,7976,1435.68,0,9411.68,PAID
BK03028,PS00566,FL0060,2026-06-26T10:13:00.000+05:30,PREMIUM ECONOMY,CONFIRMED,9948,1790.64,500,11238.64,PAID
BK03029,PS01000,FL0027,2026-05-11T07:46:00.000+05:30,ECONOMY,CONFIRMED,3214,578.52,500,3292.52,PAID
BK03030,PS00548,FL0176,2026-05-01T02:41:00.000+05:30,ECONOMY,CONFIRMED,7609,1369.62,1500,7478.62,PAID
BK03031,PS00552,FL0194,2026-07-06T06:24:00.000+05:30,ECONOMY,CONFIRMED,5000,900.0,2000,3900.0,PAID
BK03032,PS00976,FL0158,2026-05-23T23:39:00.000+05:30,ECONOMY,CONFIRMED,5429,977.22,2000,4406.22,PAID
BK03033,PS00812,FL0137,2026-07-23T17:20:00.000+05:30,ECONOMY,PENDING,5731,1031.58,2000,4762.58,PAID
BK03034,PS00874,FL0080,2026-08-11T23:54:00.000+05:30,ECONOMY,PENDING,3539,637.02,500,3676.02,PAID
BK03035,PS00701,FL0085,2026-06-01T06:23:00.000+05:30,BUSINESS,CONFIRMED,18139,3265.02,1000,20404.02,PAID
BK03036,PS00483,FL0040,2026-05-17T17:55:00.000+05:30,BUSINESS,CONFIRMED,21684,3903.12,0,25587.12,PAID
BK03037,PS00534,FL0193,2026-06-12T01:05:00.000+05:30,ECONOMY,CONFIRMED,5575,1003.5,2000,4578.5,PAID
BK03038,PS00334,FL0072,2026-05-03T10:20:00.000+05:30,ECONOMY,CONFIRMED,3005,540.9,1500,2045.9,PAID
BK03039,PS00295,FL0065,2026-08-01T03:33:00.000+05:30,ECONOMY,CONFIRMED,5945,1070.1,1000,6015.1,PENDING
BK03040,PS00685,FL0176,2026-05-26T02:41:00.000+05:30,ECONOMY,CONFIRMED,6105,1098.9,1500,5703.9,PAID
BK03041,PS00043,FL0065,2026-08-01T03:33:00.000+05:30,ECONOMY,CONFIRMED,6821,1227.78,0,8048.78,PAID
BK03042,PS00414,FL0121,2026-08-09T05:51:00.000+05:30,PREMIUM ECONOMY,CANCELLED,11732,2111.76,1000,12843.76,PAID
BK03043,PS00118,FL0174,2026-04-08T03:12:00.000+05:30,BUSINESS,CONFIRMED,16074,2893.32,2000,16967.32,PAID
BK03044,PS00535,FL0024,2026-07-04T06:29:00.000+05:30,ECONOMY,CONFIRMED,4741,853.38,1000,4594.38,PAID
BK03045,PS00831,FL0141,2026-06-02T23:30:00.000+05:30,ECONOMY,CONFIRMED,5061,910.98,1500,4471.98,REFUNDED
BK03046,PS00081,FL0059,2026-06-12T04:58:00.000+05:30,ECONOMY,CONFIRMED,6740,1213.2,500,7453.2,REFUNDED
BK03047,PS00331,FL0108,2026-06-21T13:18:00.000+05:30,ECONOMY,CONFIRMED,3570,642.6,2000,2212.6,PAID
BK03048,PS00733,FL0181,2026-08-25T19:53:00.000+05:30,ECONOMY,CONFIRMED,7956,1432.08,1000,8388.08,PAID
BK03049,PS00048,FL0082,2026-05-08T23:43:00.000+05:30,ECONOMY,CONFIRMED,7188,1293.84,0,8481.84,PAID
BK03050,PS00321,FL0007,2026-06-04T19:26:00.000+05:30,ECONOMY,CONFIRMED,4296,773.28,0,5069.28,PAID
BK03051,PS00584,FL0150,2026-06-21T01:07:00.000+05:30,PREMIUM ECONOMY,CONFIRMED,10464,1883.52,500,11847.52,PAID
BK03052,PS00819,FL0116,2026-08-06T12:06:00.000+05:30,ECONOMY,CONFIRMED,4096,737.28,500,4333.28,PAID
BK03053,PS00828,FL0191,2026-05-10T00:54:00.000+05:30,ECONOMY,CONFIRMED,4229,761.22,1500,3490.22,PAID
BK03054,PS00682,FL0127,2026-05-08T01:50:00.000+05:30,ECONOMY,CONFIRMED,4618,831.24,2000,3449.24,PENDING
BK03055,PS00650,FL0029,2026-07-19T09:42:00.000+05:30,ECONOMY,CONFIRMED,4996,899.28,1000,4895.28,PENDING
BK03056,PS00665,FL0071,2026-05-10T13:39:00.000+05:30,ECONOMY,CONFIRMED,7375,1327.5,2000,6702.5,PAID
BK03057,PS00111,FL0200,2026-07-03T07:44:00.000+05:30,BUSINESS,CONFIRMED,15539,2797.02,500,17836.02,PAID
BK03058,PS00866,FL0077,2026-07-29T02:30:00.000+05:30,BUSINESS,CONFIRMED,23447,4220.46,1000,26667.46,PAID
BK03059,PS00257,FL0173,2026-05-20T09:11:00.000+05:30,FIRST,CANCELLED,29510,5311.8,0,34821.8,PAID
BK03060,PS00517,FL0107,2026-07-14T02:22:00.000+05:30,ECONOMY,CONFIRMED,5366,965.88,1000,5331.88,PAID
BK03061,PS00879,FL0074,2026-08-13T06:02:00.000+05:30,ECONOMY,CONFIRMED,5336,960.48,1500,4796.48,PENDING
BK03062,PS00719,FL0084,2026-05-09T23:01:00.000+05:30,ECONOMY,CONFIRMED,3343,601.74,1500,2444.74,PAID
BK03063,PS00588,FL0097,2026-05-30T09:06:00.000+05:30,ECONOMY,CONFIRMED,3157,568.26,0,3725.26,PAID
BK03064,PS00653,FL0105,2026-07-03T18:58:00.000+05:30,PREMIUM ECONOMY,CONFIRMED,11474,2065.32,0,13539.32,PAID
BK03065,PS00744,FL0140,2026-05-24T23:49:00.000+05:30,FIRST,CONFIRMED,35439,6379.02,2000,39818.02,PAID
BK03066,PS00737,FL0143,2026-06-28T16:54:00.000+05:30,BUSINESS,CONFIRMED,18888,3399.84,0,22287.84,REFUNDED
BK03067,PS00093,FL0107,2026-08-12T02:22:00.000+05:30,ECONOMY,CONFIRMED,7410,1333.8,2000,6743.8,REFUNDED
BK03068,PS00615,FL0042,2026-07-16T08:07:00.000+05:30,ECONOMY,CONFIRMED,3305,594.9,1000,2899.9,PAID
BK03069,PS00541,FL0145,2026-07-01T12:44:00.000+05:30,ECONOMY,CONFIRMED,6633,1193.94,2000,5826.94,PAID
BK03070,PS00922,FL0139,2026-05-04T12:04:00.000+05:30,BUSINESS,CONFIRMED,16341,2941.38,500,18782.38,PAID
BK03071,PS00173,FL0195,2026-07-01T21:13:00.000+05:30,ECONOMY,CONFIRMED,5179,932.22,0,6111.22,PAID
BK03072,PS00838,FL0068,2026-08-05T15:44:00.000+05:30,ECONOMY,CONFIRMED,6476,1165.68,2000,5641.68,PAID
BK03073,PS00024,FL0075,2026-07-25T02:42:00.000+05:30,ECONOMY,CONFIRMED,6288,1131.84,2000,5419.84,PENDING
BK03074,PS00160,FL0191,2026-05-05T00:54:00.000+05:30,ECONOMY,CONFIRMED,5658,1018.44,1500,5176.44,PAID
BK03075,PS00807,FL0134,2026-06-17T08:42:00.000+05:30,FIRST,CONFIRMED,37767,6798.06,500,44065.06,PAID
BK03076,PS00431,FL0165,2026-06-05T14:40:00.000+05:30,BUSINESS,CONFIRMED,13640,2455.2,2000,14095.2,PENDING
BK03077,PS00652,FL0036,2026-06-29T16:28:00.000+05:30,BUSINESS,CONFIRMED,17510,3151.8,0,20661.8,PAID
BK03078,PS00504,FL0106,2026-05-17T09:14:00.000+05:30,ECONOMY,CONFIRMED,6122,1101.96,500,6723.96,PAID
BK03079,PS00484,FL0067,2026-06-20T02:49:00.000+05:30,BUSINESS,CONFIRMED,12555,2259.9,1000,13814.9,PAID
BK03080,PS00116,FL0187,2026-07-20T10:08:00.000+05:30,ECONOMY,CONFIRMED,3155,567.9,2000,1722.9,PAID
BK03081,PS00285,FL0192,2026-07-10T12:51:00.000+05:30,ECONOMY,CONFIRMED,4833,869.94,1500,4202.94,PAID
BK03082,PS00526,FL0058,2026-05-15T08:10:00.000+05:30,BUSINESS,CONFIRMED,20433,3677.94,1000,23110.94,PENDING
BK03083,PS00570,FL0102,2026-04-20T16:29:00.000+05:30,ECONOMY,PENDING,4357,784.26,0,5141.26,PAID
BK03084,PS00738,FL0113,2026-07-15T11:26:00.000+05:30,ECONOMY,PENDING,7559,1360.62,1000,7919.62,PAID
BK03085,PS00712,FL0086,2026-06-09T13:16:00.000+05:30,ECONOMY,CONFIRMED,5250,945.0,1500,4695.0,PAID
BK03086,PS00751,FL0031,2026-05-26T06:23:00.000+05:30,ECONOMY,CONFIRMED,3359,604.62,1000,2963.62,PAID
BK03087,PS00296,FL0196,2026-07-13T00:36:00.000+05:30,ECONOMY,CONFIRMED,6594,1186.92,0,7780.92,PAID
BK03088,PS00054,FL0140,2026-08-21T23:49:00.000+05:30,PREMIUM ECONOMY,CONFIRMED,9667,1740.06,0,11407.06,PAID
BK03089,PS00680,FL0195,2026-04-05T21:13:00.000+05:30,ECONOMY,PENDING,4180,752.4,0,4932.4,PAID
BK03090,PS00041,FL0042,2026-04-15T08:07:00.000+05:30,ECONOMY,CONFIRMED,4578,824.04,1500,3902.04,PAID
BK03091,PS00841,FL0073,2026-07-24T20:34:00.000+05:30,ECONOMY,CONFIRMED,3559,640.62,500,3699.62,PAID
BK03092,PS00924,FL0100,2026-07-27T18:25:00.000+05:30,ECONOMY,CANCELLED,7506,1351.08,1000,7857.08,PAID
BK03093,PS00736,FL0135,2026-05-20T12:36:00.000+05:30,PREMIUM ECONOMY,PENDING,10238,1842.84,2000,10080.84,PAID
BK03094,PS00601,FL0037,2026-06-16T18:43:00.000+05:30,PREMIUM ECONOMY,CONFIRMED,11817,2127.06,1500,12444.06,PAID
BK03095,PS00421,FL0075,2026-05-03T02:42:00.000+05:30,BUSINESS,CONFIRMED,12154,2187.72,1500,12841.72,PENDING
BK03096,PS00042,FL0067,2026-07-17T02:49:00.000+05:30,ECONOMY,CONFIRMED,4851,873.18,1000,4724.18,PAID
BK03097,PS00070,FL0082,2026-06-23T23:43:00.000+05:30,ECONOMY,CONFIRMED,4895,881.1,1500,4276.1,PAID
BK03098,PS00528,FL0020,2026-06-15T17:18:00.000+05:30,ECONOMY,CONFIRMED,3895,701.1,2000,2596.1,PAID
BK03099,PS00980,FL0012,2026-07-27T23:44:00.000+05:30,ECONOMY,CONFIRMED,5832,1049.76,1000,5881.76,PAID
BK03100,PS00446,FL0186,2026-05-22T08:30:00.000+05:30,ECONOMY,CONFIRMED,3835,690.3,2000,2525.3,PAID
BK03101,PS00788,FL0027,2026-06-30T07:46:00.000+05:30,ECONOMY,CONFIRMED,6608,1189.44,2000,5797.44,PAID
BK03102,PS00752,FL0054,2026-06-01T10:45:00.000+05:30,PREMIUM ECONOMY,CONFIRMED,9600,1728.0,0,11328.0,PAID
BK03103,PS00409,FL0190,2026-05-20T12:08:00.000+05:30,ECONOMY,CONFIRMED,6466,1163.88,0,7629.88,PAID
BK03104,PS00102,FL0095,2026-08-22T03:52:00.000+05:30,BUSINESS,CONFIRMED,19972,3594.96,1000,22566.96,PAID
BK03105,PS00485,FL0132,2026-08-08T20:02:00.000+05:30,ECONOMY,CONFIRMED,3975,715.5,1500,3190.5,PAID
BK03106,PS00826,FL0077,2026-07-10T02:30:00.000+05:30,ECONOMY,CONFIRMED,7052,1269.36,2000,6321.36,PAID
BK03107,PS00269,FL0014,2026-05-07T13:07:00.000+05:30,ECONOMY,CONFIRMED,4293,772.74,1500,3565.74,PAID
BK03108,PS00531,FL0133,2026-06-18T07:05:00.000+05:30,ECONOMY,CANCELLED,3113,560.34,2000,1673.34,PAID
BK03109,PS00890,FL0088,2026-07-01T01:28:00.000+05:30,ECONOMY,CONFIRMED,7221,1299.78,500,8020.78,PAID
BK03110,PS00071,FL0053,2026-07-29T05:02:00.000+05:30,BUSINESS,CONFIRMED,15430,2777.4,1500,16707.4,PAID
BK03111,PS00818,FL0137,2026-08-20T17:20:00.000+05:30,ECONOMY,CONFIRMED,3166,569.88,500,3235.88,PENDING
BK03112,PS00446,FL0067,2026-06-13T02:49:00.000+05:30,FIRST,CONFIRMED,26599,4787.82,1000,30386.82,PAID
BK03113,PS00600,FL0133,2026-05-05T07:05:00.000+05:30,PREMIUM ECONOMY,CONFIRMED,10141,1825.38,1000,10966.38,PAID
BK03114,PS00830,FL0200,2026-08-17T07:44:00.000+05:30,PREMIUM ECONOMY,CONFIRMED,8976,1615.68,1000,9591.68,PAID
BK03115,PS00629,FL0058,2026-06-01T08:10:00.000+05:30,BUSINESS,CONFIRMED,17079,3074.22,2000,18153.22,PAID
BK03116,PS00546,FL0067,2026-05-08T02:49:00.000+05:30,ECONOMY,CONFIRMED,6672,1200.96,0,7872.96,PAID
BK03117,PS00876,FL0121,2026-08-17T05:51:00.000+05:30,ECONOMY,CONFIRMED,7380,1328.4,2000,6708.4,PAID
BK03118,PS00502,FL0116,2026-06-15T12:06:00.000+05:30,ECONOMY,CONFIRMED,5541,997.38,1000,5538.38,PAID
BK03119,PS00250,FL0043,2026-08-05T12:42:00.000+05:30,ECONOMY,CONFIRMED,3196,575.28,1000,2771.28,PAID
BK03120,PS00895,FL0159,2026-07-21T00:44:00.000+05:30,PREMIUM ECONOMY,CONFIRMED,9927,1786.86,2000,9713.86,PAID
BK03121,PS00080,FL0149,2026-07-20T13:58:00.000+05:30,BUSINESS,CONFIRMED,18954,3411.72,2000,20365.72,PAID
BK03122,PS00557,FL0107,2026-06-09T02:22:00.000+05:30,PREMIUM ECONOMY,CANCELLED,11079,1994.22,1000,12073.22,PAID
BK03123,PS00710,FL0118,2026-04-18T10:51:00.000+05:30,ECONOMY,CONFIRMED,4218,759.24,500,4477.24,PAID
BK03124,PS00918,FL0066,2026-05-18T05:19:00.000+05:30,BUSINESS,CONFIRMED,21615,3890.7,1000,24505.7,PAID
BK03125,PS00741,FL0171,2026-05-28T15:42:00.000+05:30,ECONOMY,PENDING,5921,1065.78,1000,5986.78,PAID
BK03126,PS00316,FL0102,2026-04-22T16:29:00.000+05:30,ECONOMY,CONFIRMED,3376,607.68,2000,1983.68,PAID
BK03127,PS00733,FL0044,2026-08-01T15:19:00.000+05:30,BUSINESS,CONFIRMED,12491,2248.38,0,14739.38,PAID
BK03128,PS00913,FL0178,2026-07-26T07:36:00.000+05:30,ECONOMY,PENDING,4313,776.34,0,5089.34,REFUNDED
BK03129,PS00263,FL0100,2026-07-22T18:25:00.000+05:30,BUSINESS,CONFIRMED,19915,3584.7,1000,22499.7,PAID
BK03130,PS00123,FL0175,2026-05-27T20:18:00.000+05:30,ECONOMY,CONFIRMED,5042,907.56,1000,4949.56,PENDING
BK03131,PS00012,FL0175,2026-08-06T20:18:00.000+05:30,ECONOMY,CONFIRMED,3482,626.76,2000,2108.76,PAID
BK03132,PS00157,FL0182,2026-05-25T15:10:00.000+05:30,ECONOMY,CONFIRMED,3005,540.9,2000,1545.9,PAID
BK03133,PS00984,FL0026,2026-06-26T22:05:00.000+05:30,ECONOMY,CONFIRMED,3428,617.04,2000,2045.04,PAID
BK03134,PS00160,FL0200,2026-08-23T07:44:00.000+05:30,ECONOMY,CONFIRMED,6189,1114.02,0,7303.02,PAID
BK03135,PS00539,FL0043,2026-07-06T12:42:00.000+05:30,ECONOMY,CONFIRMED,3807,685.26,1500,2992.26,PAID
BK03136,PS00361,FL0086,2026-05-09T13:16:00.000+05:30,ECONOMY,CONFIRMED,3378,608.04,1000,2986.04,PAID
BK03137,PS00766,FL0159,2026-08-01T00:44:00.000+05:30,ECONOMY,PENDING,5865,1055.7,1500,5420.7,PAID
BK03138,PS00308,FL0117,2026-07-31T05:35:00.000+05:30,ECONOMY,CANCELLED,3976,715.68,1500,3191.68,PAID
BK03139,PS00598,FL0151,2026-07-26T13:13:00.000+05:30,ECONOMY,CONFIRMED,4316,776.88,1500,3592.88,PAID
BK03140,PS00464,FL0012,2026-05-05T23:44:00.000+05:30,BUSINESS,CONFIRMED,16070,2892.6,2000,16962.6,PAID
BK03141,PS00053,FL0192,2026-07-07T12:51:00.000+05:30,ECONOMY,CONFIRMED,5951,1071.18,1500,5522.18,PAID
BK03142,PS00435,FL0181,2026-07-01T19:53:00.000+05:30,PREMIUM ECONOMY,CONFIRMED,8343,1501.74,1000,8844.74,PAID
BK03143,PS00057,FL0157,2026-07-14T00:55:00.000+05:30,ECONOMY,CONFIRMED,7369,1326.42,500,8195.42,PAID
BK03144,PS00544,FL0023,2026-06-25T20:11:00.000+05:30,PREMIUM ECONOMY,CONFIRMED,8495,1529.1,500,9524.1,PAID
BK03145,PS00615,FL0016,2026-08-06T06:12:00.000+05:30,ECONOMY,CONFIRMED,7274,1309.32,0,8583.32,PAID
BK03146,PS00445,FL0086,2026-07-23T13:16:00.000+05:30,FIRST,CONFIRMED,30246,5444.28,1500,34190.28,PAID
BK03147,PS00778,FL0163,2026-07-13T08:18:00.000+05:30,ECONOMY,CONFIRMED,7360,1324.8,0,8684.8,PAID
BK03148,PS00565,FL0197,2026-04-25T20:31:00.000+05:30,PREMIUM ECONOMY,CONFIRMED,11275,2029.5,1000,12304.5,PAID
BK03149,PS00711,FL0168,2026-06-28T15:47:00.000+05:30,ECONOMY,CONFIRMED,7448,1340.64,2000,6788.64,PAID
BK03150,PS00433,FL0090,2026-05-15T21:05:00.000+05:30,ECONOMY,CONFIRMED,3839,691.02,500,4030.02,PAID
BK03151,PS00249,FL0127,2026-05-13T01:50:00.000+05:30,FIRST,CONFIRMED,30272,5448.96,500,35220.96,PAID
BK03152,PS00334,FL0189,2026-07-08T10:48:00.000+05:30,ECONOMY,CONFIRMED,7814,1406.52,1500,7720.52,PAID
BK03153,PS00170,FL0156,2026-06-10T04:18:00.000+05:30,ECONOMY,CANCELLED,6259,1126.62,1500,5885.62,PAID
BK03154,PS00903,FL0003,2026-07-28T09:26:00.000+05:30,PREMIUM ECONOMY,CONFIRMED,8100,1458.0,500,9058.0,PAID
BK03155,PS00592,FL0089,2026-04-14T02:36:00.000+05:30,ECONOMY,CONFIRMED,3905,702.9,1500,3107.9,PENDING
BK03156,PS00349,FL0124,2026-06-30T21:31:00.000+05:30,ECONOMY,CONFIRMED,5347,962.46,0,6309.46,PAID
BK03157,PS00014,FL0073,2026-05-29T20:34:00.000+05:30,ECONOMY,PENDING,4921,885.78,0,5806.78,PAID
BK03158,PS00141,FL0172,2026-07-11T13:45:00.000+05:30,ECONOMY,CONFIRMED,5443,979.74,1500,4922.74,PAID
BK03159,PS00340,FL0121,2026-05-03T05:51:00.000+05:30,ECONOMY,CONFIRMED,4802,864.36,2000,3666.36,PAID
BK03160,PS00972,FL0168,2026-06-04T15:47:00.000+05:30,ECONOMY,CONFIRMED,5032,905.76,500,5437.76,PENDING
BK03161,PS00692,FL0143,2026-07-23T16:54:00.000+05:30,ECONOMY,CONFIRMED,5359,964.62,1500,4823.62,PAID
BK03162,PS00484,FL0093,2026-05-20T07:37:00.000+05:30,ECONOMY,CONFIRMED,7608,1369.44,1000,7977.44,PAID
BK03163,PS00928,FL0130,2026-06-28T16:26:00.000+05:30,ECONOMY,CONFIRMED,4116,740.88,500,4356.88,PAID
BK03164,PS00282,FL0145,2026-07-24T12:44:00.000+05:30,BUSINESS,CONFIRMED,20799,3743.82,1500,23042.82,PAID
BK03165,PS00657,FL0056,2026-06-17T11:12:00.000+05:30,ECONOMY,CONFIRMED,4868,876.24,500,5244.24,REFUNDED
BK03166,PS00565,FL0148,2026-08-26T19:51:00.000+05:30,ECONOMY,CONFIRMED,7885,1419.3,0,9304.3,PAID
BK03167,PS00217,FL0196,2026-06-07T00:36:00.000+05:30,ECONOMY,CANCELLED,6378,1148.04,2000,5526.04,PAID
BK03168,PS00556,FL0144,2026-06-12T23:06:00.000+05:30,FIRST,CONFIRMED,33808,6085.44,1500,38393.44,PAID
BK03169,PS00085,FL0184,2026-05-12T09:58:00.000+05:30,ECONOMY,CONFIRMED,5965,1073.7,2000,5038.7,PAID
BK03170,PS00816,FL0086,2026-05-02T13:16:00.000+05:30,ECONOMY,PENDING,6747,1214.46,2000,5961.46,PAID
BK03171,PS00473,FL0127,2026-06-04T01:50:00.000+05:30,ECONOMY,CONFIRMED,6584,1185.12,500,7269.12,PAID
BK03172,PS00012,FL0054,2026-07-12T10:45:00.000+05:30,BUSINESS,CONFIRMED,17784,3201.12,2000,18985.12,PAID
BK03173,PS00143,FL0076,2026-04-09T04:07:00.000+05:30,ECONOMY,CONFIRMED,4538,816.84,0,5354.84,PAID
BK03174,PS00065,FL0088,2026-06-01T01:28:00.000+05:30,ECONOMY,CONFIRMED,3618,651.24,2000,2269.24,PAID
BK03175,PS00271,FL0132,2026-08-06T20:02:00.000+05:30,FIRST,CONFIRMED,39567,7122.06,2000,44689.06,PAID
BK03176,PS00715,FL0058,2026-05-13T08:10:00.000+05:30,ECONOMY,PENDING,6941,1249.38,2000,6190.38,PAID
BK03177,PS00557,FL0200,2026-07-20T07:44:00.000+05:30,ECONOMY,CONFIRMED,5535,996.3,500,6031.3,PAID
BK03178,PS00946,FL0187,2026-07-09T10:08:00.000+05:30,ECONOMY,PENDING,5893,1060.74,2000,4953.74,PENDING
BK03179,PS00823,FL0140,2026-07-20T23:49:00.000+05:30,ECONOMY,CONFIRMED,7196,1295.28,500,7991.28,PAID
BK03180,PS00181,FL0038,2026-05-20T08:19:00.000+05:30,ECONOMY,CONFIRMED,6512,1172.16,0,7684.16,PAID
BK03181,PS00074,FL0121,2026-08-19T05:51:00.000+05:30,BUSINESS,CONFIRMED,18058,3250.44,1500,19808.44,PENDING
BK03182,PS00975,FL0096,2026-06-17T20:50:00.000+05:30,ECONOMY,CONFIRMED,6323,1138.14,1000,6461.14,PAID
BK03183,PS00734,FL0008,2026-05-28T07:56:00.000+05:30,BUSINESS,PENDING,23992,4318.56,0,28310.56,PAID
BK03184,PS00516,FL0050,2026-05-02T22:38:00.000+05:30,PREMIUM ECONOMY,CONFIRMED,9219,1659.42,2000,8878.42,PAID
BK03185,PS00140,FL0057,2026-05-07T08:35:00.000+05:30,ECONOMY,PENDING,3919,705.42,1000,3624.42,PAID
BK03186,PS00266,FL0147,2026-08-03T14:49:00.000+05:30,ECONOMY,CONFIRMED,6543,1177.74,1000,6720.74,PAID
BK03187,PS00327,FL0159,2026-06-23T00:44:00.000+05:30,ECONOMY,CONFIRMED,7388,1329.84,2000,6717.84,PAID
BK03188,PS00788,FL0133,2026-05-19T07:05:00.000+05:30,ECONOMY,CONFIRMED,6485,1167.3,2000,5652.3,PAID
BK03189,PS00145,FL0092,2026-07-06T01:56:00.000+05:30,BUSINESS,CONFIRMED,18640,3355.2,1500,20495.2,PAID
BK03190,PS00573,FL0091,2026-05-07T21:07:00.000+05:30,ECONOMY,CONFIRMED,3523,634.14,0,4157.14,PAID
BK03191,PS00986,FL0066,2026-05-16T05:19:00.000+05:30,ECONOMY,CONFIRMED,4891,880.38,1500,4271.38,PAID
BK03192,PS00830,FL0159,2026-06-30T00:44:00.000+05:30,ECONOMY,CONFIRMED,3571,642.78,1000,3213.78,PAID
BK03193,PS00292,FL0091,2026-05-12T21:07:00.000+05:30,ECONOMY,CONFIRMED,5709,1027.62,500,6236.62,REFUNDED
BK03194,PS00559,FL0166,2026-06-21T19:03:00.000+05:30,ECONOMY,CONFIRMED,4691,844.38,0,5535.38,PAID
BK03195,PS00822,FL0117,2026-07-17T05:35:00.000+05:30,ECONOMY,CANCELLED,6792,1222.56,2000,6014.56,PAID
BK03196,PS00910,FL0184,2026-06-13T09:58:00.000+05:30,ECONOMY,CONFIRMED,5999,1079.82,2000,5078.82,PAID
BK03197,PS00763,FL0098,2026-06-07T19:28:00.000+05:30,ECONOMY,PENDING,5386,969.48,1500,4855.48,PAID
BK03198,PS00787,FL0174,2026-07-26T03:12:00.000+05:30,ECONOMY,CANCELLED,7806,1405.08,0,9211.08,PAID
BK03199,PS00074,FL0192,2026-05-17T12:51:00.000+05:30,PREMIUM ECONOMY,CANCELLED,10672,1920.96,2000,10592.96,REFUNDED
BK03200,PS00023,FL0016,2026-07-02T06:12:00.000+05:30,ECONOMY,CANCELLED,3922,705.96,0,4627.96,PAID
BK03201,PS00303,FL0193,2026-07-06T01:05:00.000+05:30,ECONOMY,CONFIRMED,3044,547.92,500,3091.92,PAID
BK03202,PS00156,FL0080,2026-06-13T23:54:00.000+05:30,ECONOMY,CONFIRMED,6350,1143.0,500,6993.0,PENDING
BK03203,PS00088,FL0023,2026-04-20T20:11:00.000+05:30,BUSINESS,CONFIRMED,18073,3253.14,1000,20326.14,PAID
BK03204,PS00574,FL0179,2026-07-24T17:01:00.000+05:30,ECONOMY,CONFIRMED,6756,1216.08,2000,5972.08,PAID
BK03205,PS00426,FL0077,2026-08-03T02:30:00.000+05:30,ECONOMY,CONFIRMED,7011,1261.98,500,7772.98,PAID
BK03206,PS00845,FL0036,2026-07-07T16:28:00.000+05:30,ECONOMY,CONFIRMED,3132,563.76,1000,2695.76,PAID
BK03207,PS00284,FL0088,2026-05-26T01:28:00.000+05:30,ECONOMY,CONFIRMED,4551,819.18,0,5370.18,PAID
BK03208,PS00786,FL0087,2026-07-02T17:39:00.000+05:30,BUSINESS,CONFIRMED,13463,2423.34,1000,14886.34,PAID
BK03209,PS00761,FL0010,2026-07-06T09:55:00.000+05:30,ECONOMY,CONFIRMED,4076,733.68,500,4309.68,PAID
BK03210,PS00402,FL0099,2026-07-25T13:57:00.000+05:30,ECONOMY,CONFIRMED,5192,934.56,0,6126.56,PAID
BK03211,PS00241,FL0195,2026-04-07T21:13:00.000+05:30,ECONOMY,CONFIRMED,7484,1347.12,1000,7831.12,PAID
BK03212,PS00198,FL0187,2026-06-30T10:08:00.000+05:30,ECONOMY,CONFIRMED,4041,727.38,2000,2768.38,PAID
BK03213,PS00427,FL0016,2026-04-21T06:12:00.000+05:30,ECONOMY,CONFIRMED,5508,991.44,0,6499.44,PAID
BK03214,PS00349,FL0100,2026-06-07T18:25:00.000+05:30,ECONOMY,CANCELLED,7300,1314.0,500,8114.0,PENDING
BK03215,PS00186,FL0183,2026-07-14T22:19:00.000+05:30,ECONOMY,CONFIRMED,5516,992.88,2000,4508.88,PAID
BK03216,PS00349,FL0077,2026-06-10T02:30:00.000+05:30,ECONOMY,CONFIRMED,3105,558.9,2000,1663.9,PAID
BK03217,PS00231,FL0094,2026-05-09T06:12:00.000+05:30,ECONOMY,CONFIRMED,3854,693.72,0,4547.72,PAID
BK03218,PS00769,FL0022,2026-05-02T08:13:00.000+05:30,ECONOMY,CONFIRMED,7005,1260.9,0,8265.9,PAID
BK03219,PS00421,FL0060,2026-04-17T10:13:00.000+05:30,ECONOMY,CONFIRMED,4000,720.0,2000,2720.0,PAID
BK03220,PS00744,FL0060,2026-07-06T10:13:00.000+05:30,PREMIUM ECONOMY,PENDING,9426,1696.68,0,11122.68,PAID
BK03221,PS00228,FL0012,2026-07-15T23:44:00.000+05:30,ECONOMY,CONFIRMED,3871,696.78,0,4567.78,PAID
BK03222,PS00656,FL0132,2026-06-25T20:02:00.000+05:30,ECONOMY,CONFIRMED,5140,925.2,500,5565.2,PENDING
BK03223,PS00099,FL0106,2026-07-21T09:14:00.000+05:30,FIRST,CONFIRMED,27089,4876.02,500,31465.02,PAID
BK03224,PS00434,FL0183,2026-05-07T22:19:00.000+05:30,BUSINESS,CONFIRMED,16559,2980.62,500,19039.62,PAID
BK03225,PS00906,FL0150,2026-05-18T01:07:00.000+05:30,ECONOMY,PENDING,7805,1404.9,0,9209.9,PAID
BK03226,PS00528,FL0084,2026-07-14T23:01:00.000+05:30,ECONOMY,CONFIRMED,3557,640.26,1500,2697.26,PAID
BK03227,PS00275,FL0053,2026-05-04T05:02:00.000+05:30,BUSINESS,CONFIRMED,21858,3934.44,1500,24292.44,PAID
BK03228,PS00762,FL0131,2026-04-30T17:30:00.000+05:30,FIRST,CONFIRMED,36641,6595.38,2000,41236.38,PAID
BK03229,PS00704,FL0155,2026-08-05T06:11:00.000+05:30,ECONOMY,CONFIRMED,3721,669.78,1500,2890.78,PAID
BK03230,PS00240,FL0029,2026-06-18T09:42:00.000+05:30,ECONOMY,CONFIRMED,3285,591.3,1500,2376.3,PAID
BK03231,PS00434,FL0108,2026-07-04T13:18:00.000+05:30,ECONOMY,CONFIRMED,7924,1426.32,500,8850.32,PAID
BK03232,PS00691,FL0046,2026-05-25T20:49:00.000+05:30,ECONOMY,CONFIRMED,6031,1085.58,0,7116.58,PAID
BK03233,PS00557,FL0122,2026-07-11T06:56:00.000+05:30,BUSINESS,CONFIRMED,22791,4102.38,1500,25393.38,PAID
BK03234,PS00622,FL0024,2026-08-13T06:29:00.000+05:30,ECONOMY,CONFIRMED,3193,574.74,1000,2767.74,PAID
BK03235,PS00415,FL0139,2026-08-02T12:04:00.000+05:30,ECONOMY,CONFIRMED,7657,1378.26,1000,8035.26,PAID
BK03236,PS00847,FL0007,2026-07-16T19:26:00.000+05:30,ECONOMY,CONFIRMED,7333,1319.94,0,8652.94,PAID
BK03237,PS00118,FL0189,2026-07-24T10:48:00.000+05:30,ECONOMY,CONFIRMED,3194,574.92,2000,1768.92,PAID
BK03238,PS00035,FL0061,2026-06-03T22:34:00.000+05:30,ECONOMY,PENDING,5789,1042.02,0,6831.02,PAID
BK03239,PS00077,FL0045,2026-08-06T16:40:00.000+05:30,BUSINESS,CONFIRMED,24239,4363.02,1000,27602.02,PAID
BK03240,PS00737,FL0003,2026-05-08T09:26:00.000+05:30,ECONOMY,CONFIRMED,5738,1032.84,1500,5270.84,PAID
BK03241,PS00760,FL0134,2026-06-23T08:42:00.000+05:30,ECONOMY,PENDING,3284,591.12,1000,2875.12,PAID
BK03242,PS00805,FL0109,2026-05-06T05:41:00.000+05:30,ECONOMY,CONFIRMED,3664,659.52,2000,2323.52,PENDING
BK03243,PS00133,FL0153,2026-07-15T12:05:00.000+05:30,ECONOMY,CONFIRMED,4962,893.16,0,5855.16,PAID
BK03244,PS00325,FL0043,2026-06-15T12:42:00.000+05:30,BUSINESS,CONFIRMED,15614,2810.52,1500,16924.52,PAID
BK03245,PS00847,FL0128,2026-06-03T00:01:00.000+05:30,ECONOMY,CONFIRMED,6119,1101.42,0,7220.42,PAID
BK03246,PS00317,FL0008,2026-07-04T07:56:00.000+05:30,BUSINESS,CONFIRMED,22661,4078.98,1000,25739.98,PAID
BK03247,PS00151,FL0149,2026-06-18T13:58:00.000+05:30,ECONOMY,CONFIRMED,7369,1326.42,1000,7695.42,PAID
BK03248,PS00461,FL0144,2026-07-26T23:06:00.000+05:30,PREMIUM ECONOMY,CONFIRMED,11356,2044.08,1500,11900.08,PAID
BK03249,PS00231,FL0014,2026-06-15T13:07:00.000+05:30,ECONOMY,CONFIRMED,4619,831.42,0,5450.42,PAID
BK03250,PS00809,FL0144,2026-07-23T23:06:00.000+05:30,ECONOMY,CONFIRMED,5529,995.22,1500,5024.22,PAID
BK03251,PS00762,FL0024,2026-05-04T06:29:00.000+05:30,PREMIUM ECONOMY,CONFIRMED,11593,2086.74,2000,11679.74,PENDING
BK03252,PS00069,FL0190,2026-05-15T12:08:00.000+05:30,ECONOMY,CANCELLED,3999,719.82,500,4218.82,PAID
BK03253,PS00528,FL0081,2026-06-16T20:53:00.000+05:30,ECONOMY,CONFIRMED,6518,1173.24,1500,6191.24,PAID
BK03254,PS00901,FL0145,2026-08-01T12:44:00.000+05:30,ECONOMY,CONFIRMED,5812,1046.16,500,6358.16,PAID
BK03255,PS00088,FL0041,2026-08-09T01:48:00.000+05:30,ECONOMY,CONFIRMED,4737,852.66,2000,3589.66,PAID
BK03256,PS00757,FL0080,2026-04-29T23:54:00.000+05:30,ECONOMY,CONFIRMED,7021,1263.78,1000,7284.78,PAID
BK03257,PS00960,FL0069,2026-08-04T23:07:00.000+05:30,PREMIUM ECONOMY,CONFIRMED,9109,1639.62,1000,9748.62,PENDING
BK03258,PS00186,FL0059,2026-06-27T04:58:00.000+05:30,ECONOMY,CONFIRMED,3645,656.1,500,3801.1,PAID
BK03259,PS00666,FL0041,2026-08-13T01:48:00.000+05:30,ECONOMY,CONFIRMED,7071,1272.78,1000,7343.78,PAID
BK03260,PS00040,FL0119,2026-04-28T23:00:00.000+05:30,ECONOMY,CONFIRMED,7050,1269.0,1000,7319.0,PAID
BK03261,PS00038,FL0094,2026-06-06T06:12:00.000+05:30,ECONOMY,CONFIRMED,3044,547.92,1000,2591.92,PAID
BK03262,PS00917,FL0141,2026-07-05T23:30:00.000+05:30,PREMIUM ECONOMY,CONFIRMED,8801,1584.18,0,10385.18,PENDING
BK03263,PS00177,FL0105,2026-05-01T18:58:00.000+05:30,ECONOMY,PENDING,7374,1327.32,1000,7701.32,PAID
BK03264,PS00445,FL0023,2026-07-30T20:11:00.000+05:30,ECONOMY,CONFIRMED,3960,712.8,2000,2672.8,PAID
BK03265,PS00050,FL0094,2026-06-27T06:12:00.000+05:30,ECONOMY,CONFIRMED,6792,1222.56,1500,6514.56,PAID
BK03266,PS00196,FL0085,2026-07-20T06:23:00.000+05:30,FIRST,CONFIRMED,29260,5266.8,500,34026.8,PAID
BK03267,PS00505,FL0052,2026-05-22T12:14:00.000+05:30,ECONOMY,CONFIRMED,7062,1271.16,0,8333.16,PAID
BK03268,PS00497,FL0098,2026-07-07T19:28:00.000+05:30,ECONOMY,CONFIRMED,7048,1268.64,1000,7316.64,PAID
BK03269,PS00794,FL0039,2026-07-06T01:47:00.000+05:30,ECONOMY,CONFIRMED,4134,744.12,500,4378.12,PAID
BK03270,PS00591,FL0171,2026-05-10T15:42:00.000+05:30,ECONOMY,CONFIRMED,4428,797.04,1500,3725.04,PAID
BK03271,PS00064,FL0114,2026-05-19T15:23:00.000+05:30,ECONOMY,PENDING,3451,621.18,1500,2572.18,PAID
BK03272,PS00650,FL0116,2026-04-24T12:06:00.000+05:30,PREMIUM ECONOMY,CONFIRMED,11351,2043.18,2000,11394.18,PAID
BK03273,PS00469,FL0056,2026-06-27T11:12:00.000+05:30,ECONOMY,CONFIRMED,6604,1188.72,1000,6792.72,PAID
BK03274,PS00878,FL0124,2026-07-18T21:31:00.000+05:30,BUSINESS,CONFIRMED,21800,3924.0,1000,24724.0,PAID
BK03275,PS00130,FL0185,2026-06-16T12:51:00.000+05:30,ECONOMY,CONFIRMED,5389,970.02,0,6359.02,PENDING
BK03276,PS00345,FL0178,2026-06-24T07:36:00.000+05:30,ECONOMY,PENDING,5720,1029.6,2000,4749.6,PAID
BK03277,PS00675,FL0114,2026-06-14T15:23:00.000+05:30,BUSINESS,CONFIRMED,22452,4041.36,1000,25493.36,PAID
BK03278,PS00430,FL0069,2026-08-08T23:07:00.000+05:30,FIRST,CONFIRMED,28497,5129.46,1500,32126.46,PAID
BK03279,PS00559,FL0152,2026-07-04T13:38:00.000+05:30,ECONOMY,CONFIRMED,6133,1103.94,1500,5736.94,PAID
BK03280,PS00747,FL0063,2026-05-27T23:44:00.000+05:30,ECONOMY,CONFIRMED,7499,1349.82,1000,7848.82,PAID
BK03281,PS00727,FL0012,2026-06-21T23:44:00.000+05:30,BUSINESS,PENDING,21632,3893.76,1500,24025.76,PAID
BK03282,PS00329,FL0006,2026-07-10T17:54:00.000+05:30,ECONOMY,CONFIRMED,4234,762.12,1500,3496.12,PAID
BK03283,PS00839,FL0117,2026-06-24T05:35:00.000+05:30,ECONOMY,CONFIRMED,6677,1201.86,1500,6378.86,PAID
BK03284,PS00378,FL0097,2026-04-28T09:06:00.000+05:30,BUSINESS,PENDING,15978,2876.04,1500,17354.04,PAID
BK03285,PS00455,FL0083,2026-07-01T08:39:00.000+05:30,ECONOMY,CONFIRMED,4926,886.68,1000,4812.68,PAID
BK03286,PS00935,FL0189,2026-07-14T10:48:00.000+05:30,ECONOMY,CONFIRMED,6016,1082.88,0,7098.88,PAID
BK03287,PS00383,FL0037,2026-07-17T18:43:00.000+05:30,ECONOMY,CONFIRMED,6017,1083.06,1000,6100.06,PAID
BK03288,PS00527,FL0110,2026-07-21T10:52:00.000+05:30,ECONOMY,CONFIRMED,4366,785.88,500,4651.88,PAID
BK03289,PS00907,FL0183,2026-05-27T22:19:00.000+05:30,ECONOMY,PENDING,4856,874.08,0,5730.08,PAID
BK03290,PS00280,FL0045,2026-05-02T16:40:00.000+05:30,ECONOMY,CONFIRMED,7218,1299.24,1000,7517.24,PAID
BK03291,PS00518,FL0069,2026-07-19T23:07:00.000+05:30,ECONOMY,CONFIRMED,7365,1325.7,1500,7190.7,PAID
BK03292,PS00565,FL0199,2026-06-10T14:46:00.000+05:30,ECONOMY,CONFIRMED,6781,1220.58,500,7501.58,PAID
BK03293,PS00968,FL0010,2026-07-23T09:55:00.000+05:30,BUSINESS,CONFIRMED,23298,4193.64,2000,25491.64,PAID
BK03294,PS00100,FL0033,2026-07-02T08:26:00.000+05:30,ECONOMY,CONFIRMED,6845,1232.1,2000,6077.1,PAID
BK03295,PS00318,FL0152,2026-07-30T13:38:00.000+05:30,BUSINESS,CONFIRMED,24007,4321.26,1000,27328.26,PAID
BK03296,PS00367,FL0197,2026-06-01T20:31:00.000+05:30,ECONOMY,CONFIRMED,7089,1276.02,2000,6365.02,PAID
BK03297,PS00468,FL0155,2026-06-22T06:11:00.000+05:30,ECONOMY,CONFIRMED,4248,764.64,1000,4012.64,PENDING
BK03298,PS00037,FL0103,2026-07-19T09:18:00.000+05:30,ECONOMY,CONFIRMED,3993,718.74,1500,3211.74,PAID
BK03299,PS00367,FL0016,2026-07-30T06:12:00.000+05:30,ECONOMY,CONFIRMED,6023,1084.14,1500,5607.14,PAID
BK03300,PS00333,FL0165,2026-05-15T14:40:00.000+05:30,BUSINESS,CONFIRMED,24143,4345.74,500,27988.74,PAID
BK03301,PS00965,FL0055,2026-07-01T04:48:00.000+05:30,PREMIUM ECONOMY,PENDING,9982,1796.76,2000,9778.76,PAID
BK03302,PS00077,FL0101,2026-08-16T19:08:00.000+05:30,BUSINESS,CONFIRMED,21775,3919.5,0,25694.5,PAID
BK03303,PS00368,FL0067,2026-06-03T02:49:00.000+05:30,ECONOMY,CONFIRMED,4941,889.38,2000,3830.38,PAID
BK03304,PS00976,FL0126,2026-05-17T21:39:00.000+05:30,ECONOMY,CONFIRMED,5605,1008.9,2000,4613.9,PAID
BK03305,PS00274,FL0072,2026-08-20T10:20:00.000+05:30,ECONOMY,CONFIRMED,6644,1195.92,1500,6339.92,PENDING
BK03306,PS00344,FL0110,2026-07-13T10:52:00.000+05:30,ECONOMY,CANCELLED,5673,1021.14,500,6194.14,PENDING
BK03307,PS00202,FL0050,2026-08-01T22:38:00.000+05:30,ECONOMY,CONFIRMED,6734,1212.12,1500,6446.12,PAID
BK03308,PS00420,FL0130,2026-07-28T16:26:00.000+05:30,PREMIUM ECONOMY,CONFIRMED,11506,2071.08,1000,12577.08,PAID
BK03309,PS00188,FL0066,2026-05-10T05:19:00.000+05:30,ECONOMY,CONFIRMED,7077,1273.86,2000,6350.86,PAID
BK03310,PS00097,FL0025,2026-06-17T17:16:00.000+05:30,ECONOMY,CONFIRMED,7254,1305.72,2000,6559.72,PAID
BK03311,PS00550,FL0171,2026-07-09T15:42:00.000+05:30,ECONOMY,CONFIRMED,4146,746.28,2000,2892.28,PAID
BK03312,PS00158,FL0170,2026-07-06T02:40:00.000+05:30,ECONOMY,CONFIRMED,4540,817.2,0,5357.2,PAID
BK03313,PS00933,FL0047,2026-05-12T02:11:00.000+05:30,ECONOMY,CONFIRMED,6307,1135.26,1000,6442.26,PAID
BK03314,PS00388,FL0166,2026-06-01T19:03:00.000+05:30,ECONOMY,CONFIRMED,5539,997.02,0,6536.02,PAID
BK03315,PS00530,FL0131,2026-06-05T17:30:00.000+05:30,ECONOMY,CONFIRMED,4514,812.52,1000,4326.52,PAID
BK03316,PS00228,FL0130,2026-06-11T16:26:00.000+05:30,ECONOMY,CONFIRMED,5949,1070.82,0,7019.82,PAID
BK03317,PS00931,FL0177,2026-06-07T07:12:00.000+05:30,ECONOMY,CONFIRMED,5617,1011.06,2000,4628.06,PAID
BK03318,PS00837,FL0199,2026-04-13T14:46:00.000+05:30,PREMIUM ECONOMY,CONFIRMED,11685,2103.3,0,13788.3,PAID
BK03319,PS00958,FL0134,2026-06-08T08:42:00.000+05:30,ECONOMY,CONFIRMED,5578,1004.04,1500,5082.04,PAID
BK03320,PS00907,FL0053,2026-05-10T05:02:00.000+05:30,ECONOMY,CONFIRMED,6544,1177.92,1000,6721.92,PAID
BK03321,PS00270,FL0101,2026-08-26T19:08:00.000+05:30,PREMIUM ECONOMY,CONFIRMED,10059,1810.62,2000,9869.62,PENDING
BK03322,PS00522,FL0146,2026-07-12T07:42:00.000+05:30,ECONOMY,CONFIRMED,6768,1218.24,0,7986.24,PAID
BK03323,PS00734,FL0028,2026-07-02T20:11:00.000+05:30,BUSINESS,CONFIRMED,24093,4336.74,500,27929.74,PAID
BK03324,PS00189,FL0158,2026-05-16T23:39:00.000+05:30,ECONOMY,CONFIRMED,7265,1307.7,2000,6572.7,PAID
BK03325,PS00279,FL0068,2026-05-29T15:44:00.000+05:30,ECONOMY,CONFIRMED,4990,898.2,0,5888.2,PAID
BK03326,PS00486,FL0161,2026-07-04T20:10:00.000+05:30,ECONOMY,CONFIRMED,6054,1089.72,1000,6143.72,PAID
BK03327,PS00190,FL0038,2026-05-06T08:19:00.000+05:30,ECONOMY,CONFIRMED,5334,960.12,0,6294.12,PAID
BK03328,PS00749,FL0068,2026-04-29T15:44:00.000+05:30,ECONOMY,CONFIRMED,4965,893.7,2000,3858.7,PAID
BK03329,PS00594,FL0132,2026-07-31T20:02:00.000+05:30,ECONOMY,CONFIRMED,4314,776.52,1000,4090.52,PAID
BK03330,PS00474,FL0117,2026-05-11T05:35:00.000+05:30,ECONOMY,CONFIRMED,6457,1162.26,1500,6119.26,PAID
BK03331,PS00485,FL0146,2026-05-03T07:42:00.000+05:30,ECONOMY,CONFIRMED,6366,1145.88,1000,6511.88,PAID
BK03332,PS00269,FL0189,2026-08-02T10:48:00.000+05:30,ECONOMY,CONFIRMED,6836,1230.48,1000,7066.48,PAID
BK03333,PS00973,FL0100,2026-08-06T18:25:00.000+05:30,ECONOMY,CONFIRMED,4828,869.04,2000,3697.04,REFUNDED
BK03334,PS00756,FL0010,2026-06-04T09:55:00.000+05:30,BUSINESS,CONFIRMED,14489,2608.02,1000,16097.02,PAID
BK03335,PS00157,FL0118,2026-07-24T10:51:00.000+05:30,ECONOMY,CONFIRMED,7156,1288.08,1000,7444.08,PAID
BK03336,PS00172,FL0162,2026-04-21T12:14:00.000+05:30,ECONOMY,PENDING,3046,548.28,0,3594.28,PAID
BK03337,PS00786,FL0136,2026-06-04T00:00:00.000+05:30,ECONOMY,PENDING,4571,822.78,2000,3393.78,PAID
BK03338,PS00574,FL0094,2026-05-13T06:12:00.000+05:30,ECONOMY,CONFIRMED,3503,630.54,1000,3133.54,PAID
BK03339,PS00837,FL0096,2026-07-29T20:50:00.000+05:30,ECONOMY,CONFIRMED,5865,1055.7,1000,5920.7,PAID
BK03340,PS00643,FL0112,2026-05-09T02:49:00.000+05:30,ECONOMY,CONFIRMED,5271,948.78,1500,4719.78,PAID
BK03341,PS00273,FL0164,2026-06-01T01:16:00.000+05:30,ECONOMY,CONFIRMED,6921,1245.78,1500,6666.78,PAID
BK03342,PS00989,FL0006,2026-08-14T17:54:00.000+05:30,FIRST,CONFIRMED,36487,6567.66,1500,41554.66,PAID
BK03343,PS00362,FL0148,2026-07-18T19:51:00.000+05:30,PREMIUM ECONOMY,CONFIRMED,8041,1447.38,1000,8488.38,PAID
BK03344,PS00294,FL0054,2026-05-14T10:45:00.000+05:30,ECONOMY,CONFIRMED,4132,743.76,2000,2875.76,PAID
BK03345,PS00828,FL0156,2026-08-04T04:18:00.000+05:30,PREMIUM ECONOMY,CONFIRMED,11170,2010.6,1000,12180.6,PAID
BK03346,PS00432,FL0140,2026-05-19T23:49:00.000+05:30,ECONOMY,CONFIRMED,6710,1207.8,1500,6417.8,PAID
BK03347,PS00486,FL0167,2026-08-17T05:21:00.000+05:30,ECONOMY,CONFIRMED,4439,799.02,1000,4238.02,PAID
BK03348,PS00410,FL0064,2026-07-14T02:15:00.000+05:30,BUSINESS,CONFIRMED,20969,3774.42,2000,22743.42,PAID
BK03349,PS00573,FL0104,2026-08-07T13:10:00.000+05:30,ECONOMY,CONFIRMED,5464,983.52,1500,4947.52,PAID
BK03350,PS00089,FL0158,2026-08-05T23:39:00.000+05:30,ECONOMY,CONFIRMED,7392,1330.56,1000,7722.56,PAID
BK03351,PS00388,FL0077,2026-05-21T02:30:00.000+05:30,ECONOMY,CONFIRMED,6075,1093.5,1500,5668.5,PAID
BK03352,PS00206,FL0156,2026-07-09T04:18:00.000+05:30,PREMIUM ECONOMY,CONFIRMED,8125,1462.5,0,9587.5,PAID
BK03353,PS00171,FL0109,2026-05-28T05:41:00.000+05:30,BUSINESS,PENDING,21972,3954.96,1500,24426.96,PAID
BK03354,PS00393,FL0031,2026-05-22T06:23:00.000+05:30,ECONOMY,CONFIRMED,7177,1291.86,2000,6468.86,PAID
BK03355,PS00368,FL0003,2026-08-24T09:26:00.000+05:30,PREMIUM ECONOMY,CONFIRMED,9564,1721.52,1500,9785.52,PAID
BK03356,PS00942,FL0114,2026-08-06T15:23:00.000+05:30,ECONOMY,CONFIRMED,6734,1212.12,2000,5946.12,PAID
BK03357,PS00941,FL0142,2026-04-19T17:53:00.000+05:30,ECONOMY,CONFIRMED,5912,1064.16,0,6976.16,PAID
BK03358,PS00258,FL0106,2026-06-11T09:14:00.000+05:30,ECONOMY,CONFIRMED,4679,842.22,1500,4021.22,PAID
BK03359,PS00887,FL0138,2026-05-21T07:55:00.000+05:30,BUSINESS,CONFIRMED,23103,4158.54,500,26761.54,PAID
BK03360,PS00901,FL0163,2026-05-15T08:18:00.000+05:30,ECONOMY,PENDING,5351,963.18,1500,4814.18,PAID
BK03361,PS00862,FL0089,2026-07-03T02:36:00.000+05:30,FIRST,CONFIRMED,31430,5657.4,1500,35587.4,PAID
BK03362,PS00133,FL0166,2026-05-20T19:03:00.000+05:30,ECONOMY,CONFIRMED,4950,891.0,2000,3841.0,PAID
BK03363,PS00118,FL0037,2026-08-20T18:43:00.000+05:30,ECONOMY,CONFIRMED,6454,1161.72,2000,5615.72,PAID
BK03364,PS00055,FL0024,2026-08-08T06:29:00.000+05:30,ECONOMY,CONFIRMED,4126,742.68,1000,3868.68,PAID
BK03365,PS00974,FL0073,2026-07-10T20:34:00.000+05:30,PREMIUM ECONOMY,CONFIRMED,9476,1705.68,2000,9181.68,PAID
BK03366,PS00841,FL0033,2026-05-14T08:26:00.000+05:30,ECONOMY,CONFIRMED,5085,915.3,1500,4500.3,PAID
BK03367,PS00732,FL0123,2026-04-27T22:32:00.000+05:30,ECONOMY,PENDING,3420,615.6,500,3535.6,PAID
BK03368,PS00590,FL0022,2026-06-24T08:13:00.000+05:30,BUSINESS,CONFIRMED,23876,4297.68,2000,26173.68,PAID
BK03369,PS00797,FL0192,2026-04-20T12:51:00.000+05:30,ECONOMY,PENDING,3693,664.74,1500,2857.74,PAID
BK03370,PS00774,FL0041,2026-06-01T01:48:00.000+05:30,ECONOMY,PENDING,4766,857.88,0,5623.88,PAID
BK03371,PS00780,FL0147,2026-06-01T14:49:00.000+05:30,ECONOMY,CONFIRMED,3846,692.28,0,4538.28,PAID
BK03372,PS00744,FL0174,2026-05-17T03:12:00.000+05:30,ECONOMY,CONFIRMED,7241,1303.38,2000,6544.38,PAID
BK03373,PS00579,FL0062,2026-07-26T12:00:00.000+05:30,ECONOMY,CONFIRMED,5182,932.76,0,6114.76,PAID
BK03374,PS00967,FL0046,2026-08-19T20:49:00.000+05:30,ECONOMY,CONFIRMED,7200,1296.0,1000,7496.0,PENDING
BK03375,PS00237,FL0172,2026-06-23T13:45:00.000+05:30,ECONOMY,CONFIRMED,3148,566.64,500,3214.64,PAID
BK03376,PS00166,FL0154,2026-06-13T18:41:00.000+05:30,ECONOMY,CONFIRMED,5711,1027.98,1500,5238.98,PAID
BK03377,PS00746,FL0046,2026-06-02T20:49:00.000+05:30,ECONOMY,CONFIRMED,3439,619.02,2000,2058.02,PENDING
BK03378,PS00136,FL0139,2026-04-23T12:04:00.000+05:30,ECONOMY,CONFIRMED,4307,775.26,0,5082.26,PAID
BK03379,PS00813,FL0100,2026-08-13T18:25:00.000+05:30,ECONOMY,CONFIRMED,6328,1139.04,1500,5967.04,PAID
BK03380,PS00018,FL0085,2026-06-11T06:23:00.000+05:30,ECONOMY,CONFIRMED,3502,630.36,2000,2132.36,PAID
BK03381,PS00022,FL0185,2026-08-07T12:51:00.000+05:30,ECONOMY,PENDING,7941,1429.38,1000,8370.38,PAID
BK03382,PS00210,FL0012,2026-08-01T23:44:00.000+05:30,ECONOMY,CONFIRMED,6112,1100.16,2000,5212.16,PAID
BK03383,PS00578,FL0141,2026-05-08T23:30:00.000+05:30,ECONOMY,CONFIRMED,3516,632.88,2000,2148.88,PAID
BK03384,PS00781,FL0158,2026-04-25T23:39:00.000+05:30,PREMIUM ECONOMY,CONFIRMED,9207,1657.26,0,10864.26,PENDING
BK03385,PS00234,FL0047,2026-04-17T02:11:00.000+05:30,ECONOMY,CONFIRMED,6282,1130.76,1500,5912.76,PAID
BK03386,PS00875,FL0107,2026-05-31T02:22:00.000+05:30,ECONOMY,CONFIRMED,5121,921.78,1000,5042.78,PAID
BK03387,PS00303,FL0066,2026-04-30T05:19:00.000+05:30,ECONOMY,CONFIRMED,4324,778.32,1500,3602.32,PAID
BK03388,PS00382,FL0044,2026-07-07T15:19:00.000+05:30,ECONOMY,CONFIRMED,7085,1275.3,2000,6360.3,PAID
BK03389,PS00809,FL0035,2026-06-19T03:33:00.000+05:30,BUSINESS,CONFIRMED,13180,2372.4,500,15052.4,PAID
BK03390,PS00914,FL0176,2026-06-19T02:41:00.000+05:30,ECONOMY,CANCELLED,5784,1041.12,2000,4825.12,REFUNDED
BK03391,PS00993,FL0170,2026-05-04T02:40:00.000+05:30,ECONOMY,CONFIRMED,7746,1394.28,1500,7640.28,PAID
BK03392,PS00147,FL0104,2026-08-02T13:10:00.000+05:30,ECONOMY,CONFIRMED,7946,1430.28,2000,7376.28,PENDING
BK03393,PS00313,FL0078,2026-06-08T14:17:00.000+05:30,BUSINESS,CONFIRMED,15867,2856.06,1500,17223.06,PAID
BK03394,PS00605,FL0054,2026-05-29T10:45:00.000+05:30,ECONOMY,CONFIRMED,4235,762.3,2000,2997.3,PENDING
BK03395,PS00010,FL0101,2026-08-03T19:08:00.000+05:30,ECONOMY,CONFIRMED,3606,649.08,500,3755.08,PAID
BK03396,PS00102,FL0192,2026-04-29T12:51:00.000+05:30,PREMIUM ECONOMY,CANCELLED,8813,1586.34,0,10399.34,PAID
BK03397,PS00531,FL0009,2026-05-06T01:29:00.000+05:30,BUSINESS,CONFIRMED,18047,3248.46,1500,19795.46,PAID
BK03398,PS00440,FL0010,2026-06-15T09:55:00.000+05:30,ECONOMY,CONFIRMED,4848,872.64,1000,4720.64,PAID
BK03399,PS00544,FL0183,2026-04-26T22:19:00.000+05:30,ECONOMY,CONFIRMED,4366,785.88,1500,3651.88,PAID
BK03400,PS00737,FL0119,2026-05-29T23:00:00.000+05:30,BUSINESS,CONFIRMED,12568,2262.24,2000,12830.24,REFUNDED
BK03401,PS00472,FL0044,2026-06-12T15:19:00.000+05:30,ECONOMY,CONFIRMED,6884,1239.12,0,8123.12,PAID
BK03402,PS00778,FL0017,2026-07-21T08:56:00.000+05:30,ECONOMY,CONFIRMED,4298,773.64,2000,3071.64,PAID
BK03403,PS00044,FL0125,2026-08-05T07:26:00.000+05:30,ECONOMY,CONFIRMED,6530,1175.4,0,7705.4,PAID
BK03404,PS00004,FL0182,2026-05-06T15:10:00.000+05:30,ECONOMY,CANCELLED,3410,613.8,1500,2523.8,PAID
BK03405,PS00561,FL0187,2026-05-08T10:08:00.000+05:30,BUSINESS,CONFIRMED,14898,2681.64,1500,16079.64,PAID
BK03406,PS00386,FL0101,2026-07-20T19:08:00.000+05:30,ECONOMY,PENDING,3839,691.02,2000,2530.02,PAID
BK03407,PS00530,FL0138,2026-07-23T07:55:00.000+05:30,ECONOMY,CONFIRMED,4207,757.26,500,4464.26,PAID
BK03408,PS00466,FL0183,2026-05-01T22:19:00.000+05:30,ECONOMY,CONFIRMED,7866,1415.88,2000,7281.88,PAID
BK03409,PS00197,FL0143,2026-05-18T16:54:00.000+05:30,ECONOMY,CONFIRMED,3472,624.96,0,4096.96,PAID
BK03410,PS00565,FL0125,2026-07-03T07:26:00.000+05:30,ECONOMY,CONFIRMED,7812,1406.16,1000,8218.16,PAID
BK03411,PS00871,FL0167,2026-06-15T05:21:00.000+05:30,ECONOMY,CONFIRMED,4664,839.52,500,5003.52,PAID
BK03412,PS00711,FL0107,2026-06-09T02:22:00.000+05:30,ECONOMY,CONFIRMED,5082,914.76,500,5496.76,PAID
BK03413,PS00713,FL0182,2026-08-03T15:10:00.000+05:30,BUSINESS,CONFIRMED,23184,4173.12,500,26857.12,PAID
BK03414,PS00388,FL0197,2026-07-20T20:31:00.000+05:30,ECONOMY,CONFIRMED,6006,1081.08,1000,6087.08,PAID
BK03415,PS00077,FL0002,2026-05-30T11:44:00.000+05:30,ECONOMY,CONFIRMED,6834,1230.12,2000,6064.12,PENDING
BK03416,PS00329,FL0126,2026-05-19T21:39:00.000+05:30,PREMIUM ECONOMY,CONFIRMED,11404,2052.72,2000,11456.72,PAID
BK03417,PS00585,FL0025,2026-07-03T17:16:00.000+05:30,PREMIUM ECONOMY,PENDING,10460,1882.8,0,12342.8,PAID
BK03418,PS00871,FL0161,2026-06-10T20:10:00.000+05:30,ECONOMY,CANCELLED,6038,1086.84,0,7124.84,PENDING
BK03419,PS00218,FL0173,2026-06-26T09:11:00.000+05:30,BUSINESS,CONFIRMED,20839,3751.02,0,24590.02,PAID
BK03420,PS00305,FL0013,2026-07-12T01:09:00.000+05:30,PREMIUM ECONOMY,CONFIRMED,8670,1560.6,1500,8730.6,PENDING
BK03421,PS00896,FL0109,2026-05-10T05:41:00.000+05:30,ECONOMY,CONFIRMED,7802,1404.36,2000,7206.36,PAID
BK03422,PS00024,FL0052,2026-08-12T12:14:00.000+05:30,BUSINESS,CANCELLED,18554,3339.72,1000,20893.72,PAID
BK03423,PS00389,FL0137,2026-06-23T17:20:00.000+05:30,ECONOMY,CONFIRMED,5027,904.86,500,5431.86,PAID
BK03424,PS00967,FL0047,2026-07-16T02:11:00.000+05:30,ECONOMY,CONFIRMED,3481,626.58,1000,3107.58,PAID
BK03425,PS00213,FL0167,2026-07-18T05:21:00.000+05:30,FIRST,CANCELLED,35476,6385.68,1500,40361.68,PAID
BK03426,PS00350,FL0176,2026-08-14T02:41:00.000+05:30,BUSINESS,PENDING,19040,3427.2,2000,20467.2,PAID
BK03427,PS00574,FL0155,2026-06-29T06:11:00.000+05:30,ECONOMY,CONFIRMED,4074,733.32,1500,3307.32,PAID
BK03428,PS00839,FL0076,2026-06-22T04:07:00.000+05:30,ECONOMY,CONFIRMED,6986,1257.48,500,7743.48,PAID
BK03429,PS00785,FL0139,2026-05-16T12:04:00.000+05:30,ECONOMY,PENDING,4149,746.82,2000,2895.82,PAID
BK03430,PS00040,FL0132,2026-05-12T20:02:00.000+05:30,ECONOMY,CONFIRMED,4981,896.58,1500,4377.58,PAID
BK03431,PS00589,FL0092,2026-06-19T01:56:00.000+05:30,FIRST,CONFIRMED,33180,5972.4,1000,38152.4,PAID
BK03432,PS00142,FL0045,2026-05-04T16:40:00.000+05:30,BUSINESS,CONFIRMED,20712,3728.16,500,23940.16,PAID
BK03433,PS00327,FL0192,2026-04-19T12:51:00.000+05:30,ECONOMY,CONFIRMED,4564,821.52,0,5385.52,PAID
BK03434,PS00615,FL0069,2026-06-01T23:07:00.000+05:30,FIRST,CONFIRMED,30490,5488.2,500,35478.2,PAID
BK03435,PS00855,FL0187,2026-07-22T10:08:00.000+05:30,ECONOMY,CONFIRMED,3596,647.28,0,4243.28,PAID
BK03436,PS00412,FL0104,2026-06-08T13:10:00.000+05:30,ECONOMY,CONFIRMED,4431,797.58,0,5228.58,PAID
BK03437,PS00174,FL0014,2026-05-07T13:07:00.000+05:30,BUSINESS,CONFIRMED,13549,2438.82,1000,14987.82,PAID
BK03438,PS00788,FL0021,2026-06-15T16:16:00.000+05:30,ECONOMY,CONFIRMED,4631,833.58,0,5464.58,PAID
BK03439,PS00030,FL0015,2026-08-03T01:50:00.000+05:30,ECONOMY,CONFIRMED,6800,1224.0,1500,6524.0,PAID
BK03440,PS00260,FL0010,2026-07-21T09:55:00.000+05:30,ECONOMY,CONFIRMED,7903,1422.54,500,8825.54,PAID
BK03441,PS00796,FL0038,2026-07-27T08:19:00.000+05:30,ECONOMY,CONFIRMED,6218,1119.24,2000,5337.24,PENDING
BK03442,PS00771,FL0143,2026-06-03T16:54:00.000+05:30,ECONOMY,CONFIRMED,7162,1289.16,500,7951.16,PAID
BK03443,PS00539,FL0083,2026-08-02T08:39:00.000+05:30,BUSINESS,CONFIRMED,24112,4340.16,2000,26452.16,PAID
BK03444,PS00230,FL0069,2026-06-05T23:07:00.000+05:30,ECONOMY,CANCELLED,6441,1159.38,0,7600.38,PAID
BK03445,PS00597,FL0195,2026-05-27T21:13:00.000+05:30,PREMIUM ECONOMY,PENDING,10552,1899.36,1500,10951.36,PAID
BK03446,PS00023,FL0097,2026-08-03T09:06:00.000+05:30,ECONOMY,CONFIRMED,3077,553.86,500,3130.86,PAID
BK03447,PS00611,FL0042,2026-06-27T08:07:00.000+05:30,ECONOMY,CONFIRMED,6442,1159.56,0,7601.56,PAID
BK03448,PS00229,FL0101,2026-08-19T19:08:00.000+05:30,BUSINESS,CONFIRMED,12511,2251.98,1500,13262.98,PAID
BK03449,PS00853,FL0171,2026-05-26T15:42:00.000+05:30,FIRST,CANCELLED,25624,4612.32,1500,28736.32,PAID
BK03450,PS00504,FL0162,2026-06-24T12:14:00.000+05:30,BUSINESS,CONFIRMED,17663,3179.34,1500,19342.34,PAID
BK03451,PS00882,FL0177,2026-05-13T07:12:00.000+05:30,FIRST,CONFIRMED,33812,6086.16,1500,38398.16,PAID
BK03452,PS00457,FL0164,2026-06-21T01:16:00.000+05:30,ECONOMY,CONFIRMED,4809,865.62,1000,4674.62,PAID
BK03453,PS00302,FL0027,2026-06-21T07:46:00.000+05:30,ECONOMY,CANCELLED,4964,893.52,2000,3857.52,PAID
BK03454,PS00760,FL0189,2026-05-31T10:48:00.000+05:30,PREMIUM ECONOMY,CONFIRMED,9533,1715.94,2000,9248.94,PAID
BK03455,PS00235,FL0173,2026-06-02T09:11:00.000+05:30,BUSINESS,CONFIRMED,15362,2765.16,1000,17127.16,PAID
BK03456,PS00789,FL0189,2026-06-29T10:48:00.000+05:30,ECONOMY,CONFIRMED,5097,917.46,0,6014.46,PAID
BK03457,PS00321,FL0025,2026-08-02T17:16:00.000+05:30,PREMIUM ECONOMY,CANCELLED,11011,1981.98,0,12992.98,PAID
BK03458,PS00331,FL0052,2026-07-05T12:14:00.000+05:30,ECONOMY,CONFIRMED,3295,593.1,500,3388.1,PAID
BK03459,PS00780,FL0023,2026-04-18T20:11:00.000+05:30,ECONOMY,CONFIRMED,6942,1249.56,0,8191.56,PAID
BK03460,PS00791,FL0002,2026-04-11T11:44:00.000+05:30,ECONOMY,CONFIRMED,4712,848.16,500,5060.16,PAID
BK03461,PS00056,FL0052,2026-08-19T12:14:00.000+05:30,ECONOMY,CONFIRMED,3679,662.22,500,3841.22,PAID
BK03462,PS00918,FL0060,2026-05-25T10:13:00.000+05:30,PREMIUM ECONOMY,CONFIRMED,9466,1703.88,1500,9669.88,PAID
BK03463,PS00090,FL0021,2026-08-10T16:16:00.000+05:30,ECONOMY,CONFIRMED,3209,577.62,1500,2286.62,PAID
BK03464,PS00931,FL0074,2026-07-27T06:02:00.000+05:30,BUSINESS,CONFIRMED,24406,4393.08,2000,26799.08,REFUNDED
BK03465,PS00707,FL0007,2026-04-19T19:26:00.000+05:30,ECONOMY,CANCELLED,4210,757.8,2000,2967.8,PAID
BK03466,PS00634,FL0076,2026-07-27T04:07:00.000+05:30,ECONOMY,CONFIRMED,3845,692.1,1000,3537.1,PAID
BK03467,PS00180,FL0014,2026-06-13T13:07:00.000+05:30,ECONOMY,CONFIRMED,3594,646.92,1000,3240.92,PAID
BK03468,PS00550,FL0007,2026-06-25T19:26:00.000+05:30,ECONOMY,CONFIRMED,7476,1345.68,0,8821.68,PAID
BK03469,PS00720,FL0152,2026-05-14T13:38:00.000+05:30,ECONOMY,CONFIRMED,5614,1010.52,1000,5624.52,PAID
BK03470,PS00879,FL0071,2026-05-28T13:39:00.000+05:30,PREMIUM ECONOMY,PENDING,10010,1801.8,500,11311.8,REFUNDED
BK03471,PS00535,FL0031,2026-05-24T06:23:00.000+05:30,ECONOMY,CONFIRMED,7012,1262.16,1500,6774.16,PAID
BK03472,PS00466,FL0111,2026-07-29T07:32:00.000+05:30,ECONOMY,CANCELLED,4940,889.2,1000,4829.2,PAID
BK03473,PS00014,FL0001,2026-08-07T23:23:00.000+05:30,ECONOMY,PENDING,6887,1239.66,0,8126.66,PENDING
BK03474,PS00514,FL0144,2026-06-29T23:06:00.000+05:30,ECONOMY,CONFIRMED,4969,894.42,2000,3863.42,PAID
BK03475,PS00575,FL0049,2026-06-14T18:21:00.000+05:30,ECONOMY,CONFIRMED,4764,857.52,2000,3621.52,PENDING
BK03476,PS00023,FL0083,2026-05-31T08:39:00.000+05:30,ECONOMY,CONFIRMED,4149,746.82,1000,3895.82,PAID
BK03477,PS00766,FL0149,2026-07-01T13:58:00.000+05:30,ECONOMY,CONFIRMED,3267,588.06,500,3355.06,PAID
BK03478,PS00175,FL0072,2026-07-11T10:20:00.000+05:30,ECONOMY,CONFIRMED,6849,1232.82,0,8081.82,PAID
BK03479,PS00928,FL0156,2026-08-02T04:18:00.000+05:30,ECONOMY,CONFIRMED,4960,892.8,1500,4352.8,PAID
BK03480,PS00476,FL0072,2026-08-06T10:20:00.000+05:30,ECONOMY,CONFIRMED,7270,1308.6,0,8578.6,PAID
BK03481,PS00692,FL0082,2026-07-26T23:43:00.000+05:30,ECONOMY,CONFIRMED,3590,646.2,2000,2236.2,PAID
BK03482,PS00907,FL0192,2026-07-26T12:51:00.000+05:30,ECONOMY,CONFIRMED,7168,1290.24,0,8458.24,PAID
BK03483,PS00180,FL0178,2026-04-28T07:36:00.000+05:30,FIRST,CONFIRMED,39601,7128.18,1000,45729.18,PAID
BK03484,PS00540,FL0164,2026-04-30T01:16:00.000+05:30,ECONOMY,PENDING,7405,1332.9,0,8737.9,PAID
BK03485,PS00739,FL0090,2026-04-26T21:05:00.000+05:30,PREMIUM ECONOMY,CONFIRMED,9413,1694.34,1500,9607.34,PAID
BK03486,PS00196,FL0139,2026-05-19T12:04:00.000+05:30,ECONOMY,CONFIRMED,6069,1092.42,1500,5661.42,PAID
BK03487,PS00241,FL0076,2026-04-13T04:07:00.000+05:30,PREMIUM ECONOMY,CONFIRMED,11283,2030.94,0,13313.94,PAID
BK03488,PS00895,FL0174,2026-04-18T03:12:00.000+05:30,ECONOMY,CONFIRMED,4947,890.46,0,5837.46,PAID
BK03489,PS00727,FL0089,2026-07-05T02:36:00.000+05:30,ECONOMY,CONFIRMED,7993,1438.74,1500,7931.74,PAID
BK03490,PS00986,FL0155,2026-08-21T06:11:00.000+05:30,FIRST,CONFIRMED,31826,5728.68,500,37054.68,PAID
BK03491,PS00631,FL0045,2026-07-29T16:40:00.000+05:30,ECONOMY,CONFIRMED,3990,718.2,2000,2708.2,PAID
BK03492,PS00805,FL0023,2026-07-14T20:11:00.000+05:30,BUSINESS,CONFIRMED,19385,3489.3,1000,21874.3,REFUNDED
BK03493,PS00964,FL0180,2026-08-24T01:16:00.000+05:30,ECONOMY,CONFIRMED,3445,620.1,2000,2065.1,PAID
BK03494,PS00549,FL0113,2026-06-17T11:26:00.000+05:30,ECONOMY,CONFIRMED,5600,1008.0,2000,4608.0,PENDING
BK03495,PS00033,FL0149,2026-07-10T13:58:00.000+05:30,ECONOMY,CONFIRMED,5455,981.9,1500,4936.9,PAID
BK03496,PS00679,FL0032,2026-08-12T00:14:00.000+05:30,PREMIUM ECONOMY,CONFIRMED,9782,1760.76,1500,10042.76,PAID
BK03497,PS00765,FL0017,2026-05-19T08:56:00.000+05:30,ECONOMY,CONFIRMED,4626,832.68,1500,3958.68,PAID
BK03498,PS00099,FL0142,2026-08-01T17:53:00.000+05:30,ECONOMY,CONFIRMED,3817,687.06,0,4504.06,PAID
BK03499,PS00811,FL0185,2026-04-21T12:51:00.000+05:30,ECONOMY,CONFIRMED,3837,690.66,1500,3027.66,PAID
BK03500,PS00594,FL0116,2026-06-19T12:06:00.000+05:30,PREMIUM ECONOMY,CONFIRMED,10065,1811.7,1000,10876.7,PAID
BK03501,PS00646,FL0162,2026-07-21T12:14:00.000+05:30,BUSINESS,CONFIRMED,24185,4353.3,500,28038.3,PAID
BK03502,PS00109,FL0097,2026-07-14T09:06:00.000+05:30,ECONOMY,CONFIRMED,6396,1151.28,500,7047.28,PAID
BK03503,PS00295,FL0037,2026-08-16T18:43:00.000+05:30,BUSINESS,CANCELLED,18288,3291.84,2000,19579.84,PAID
BK03504,PS00270,FL0188,2026-04-14T03:01:00.000+05:30,ECONOMY,CONFIRMED,5233,941.94,500,5674.94,PAID
BK03505,PS00553,FL0005,2026-05-04T10:57:00.000+05:30,ECONOMY,CONFIRMED,4157,748.26,1000,3905.26,PAID
BK03506,PS00757,FL0146,2026-05-29T07:42:00.000+05:30,ECONOMY,CONFIRMED,4553,819.54,1500,3872.54,PAID
BK03507,PS00362,FL0061,2026-07-31T22:34:00.000+05:30,BUSINESS,CONFIRMED,19474,3505.32,2000,20979.32,PAID
BK03508,PS00587,FL0060,2026-05-24T10:13:00.000+05:30,BUSINESS,CONFIRMED,20531,3695.58,1500,22726.58,PAID
BK03509,PS00826,FL0086,2026-04-25T13:16:00.000+05:30,PREMIUM ECONOMY,CANCELLED,10758,1936.44,0,12694.44,PAID
BK03510,PS00541,FL0085,2026-08-08T06:23:00.000+05:30,ECONOMY,CONFIRMED,3175,571.5,500,3246.5,PAID
BK03511,PS00768,FL0006,2026-05-10T17:54:00.000+05:30,ECONOMY,CONFIRMED,4268,768.24,500,4536.24,PAID
BK03512,PS00539,FL0063,2026-08-09T23:44:00.000+05:30,FIRST,CONFIRMED,31408,5653.44,2000,35061.44,PAID
BK03513,PS00292,FL0031,2026-04-28T06:23:00.000+05:30,ECONOMY,PENDING,4056,730.08,2000,2786.08,PAID
BK03514,PS00122,FL0007,2026-05-05T19:26:00.000+05:30,ECONOMY,CONFIRMED,5065,911.7,500,5476.7,PAID
BK03515,PS00261,FL0106,2026-06-04T09:14:00.000+05:30,ECONOMY,CANCELLED,5783,1040.94,0,6823.94,PAID
BK03516,PS00164,FL0048,2026-05-30T00:59:00.000+05:30,ECONOMY,CONFIRMED,6124,1102.32,0,7226.32,PAID
BK03517,PS00215,FL0146,2026-05-01T07:42:00.000+05:30,BUSINESS,PENDING,22251,4005.18,500,25756.18,PENDING
BK03518,PS00067,FL0065,2026-04-30T03:33:00.000+05:30,ECONOMY,CONFIRMED,7286,1311.48,1000,7597.48,PAID
BK03519,PS00833,FL0112,2026-06-30T02:49:00.000+05:30,ECONOMY,CONFIRMED,4180,752.4,1500,3432.4,PAID
BK03520,PS00655,FL0155,2026-07-08T06:11:00.000+05:30,ECONOMY,CONFIRMED,7310,1315.8,0,8625.8,PAID
BK03521,PS00145,FL0188,2026-07-24T03:01:00.000+05:30,BUSINESS,CONFIRMED,18106,3259.08,0,21365.08,PAID
BK03522,PS00064,FL0074,2026-06-01T06:02:00.000+05:30,ECONOMY,CONFIRMED,5130,923.4,2000,4053.4,PAID
BK03523,PS00591,FL0061,2026-06-11T22:34:00.000+05:30,ECONOMY,CONFIRMED,7719,1389.42,0,9108.42,PAID
BK03524,PS00560,FL0024,2026-04-29T06:29:00.000+05:30,ECONOMY,CONFIRMED,6826,1228.68,2000,6054.68,PAID
BK03525,PS00385,FL0117,2026-04-16T05:35:00.000+05:30,BUSINESS,CONFIRMED,18056,3250.08,2000,19306.08,PAID
BK03526,PS00321,FL0164,2026-07-23T01:16:00.000+05:30,ECONOMY,PENDING,4415,794.7,2000,3209.7,PENDING
BK03527,PS00212,FL0186,2026-07-29T08:30:00.000+05:30,BUSINESS,CONFIRMED,21658,3898.44,1500,24056.44,PAID
BK03528,PS00230,FL0155,2026-05-09T06:11:00.000+05:30,PREMIUM ECONOMY,CONFIRMED,8386,1509.48,1500,8395.48,PAID
BK03529,PS00192,FL0008,2026-05-26T07:56:00.000+05:30,ECONOMY,CONFIRMED,6270,1128.6,500,6898.6,PAID
BK03530,PS00865,FL0082,2026-05-09T23:43:00.000+05:30,ECONOMY,PENDING,7757,1396.26,2000,7153.26,PENDING
BK03531,PS00843,FL0090,2026-06-23T21:05:00.000+05:30,ECONOMY,PENDING,7700,1386.0,500,8586.0,PAID
BK03532,PS00265,FL0012,2026-05-06T23:44:00.000+05:30,ECONOMY,CONFIRMED,6123,1102.14,0,7225.14,PAID
BK03533,PS00332,FL0098,2026-05-22T19:28:00.000+05:30,ECONOMY,CONFIRMED,5081,914.58,500,5495.58,PAID
BK03534,PS00203,FL0036,2026-07-25T16:28:00.000+05:30,BUSINESS,CONFIRMED,17224,3100.32,1500,18824.32,PAID
BK03535,PS00750,FL0190,2026-07-10T12:08:00.000+05:30,BUSINESS,CONFIRMED,15452,2781.36,2000,16233.36,PAID
BK03536,PS00077,FL0102,2026-06-08T16:29:00.000+05:30,ECONOMY,CONFIRMED,7728,1391.04,2000,7119.04,PAID
BK03537,PS00381,FL0179,2026-04-27T17:01:00.000+05:30,ECONOMY,CONFIRMED,4135,744.3,2000,2879.3,PAID
BK03538,PS00315,FL0073,2026-05-17T20:34:00.000+05:30,BUSINESS,CONFIRMED,20648,3716.64,2000,22364.64,PAID
BK03539,PS00180,FL0103,2026-06-23T09:18:00.000+05:30,ECONOMY,CONFIRMED,5567,1002.06,500,6069.06,PAID
BK03540,PS00409,FL0024,2026-05-31T06:29:00.000+05:30,BUSINESS,CONFIRMED,18644,3355.92,1000,20999.92,PAID
BK03541,PS00650,FL0010,2026-07-18T09:55:00.000+05:30,ECONOMY,CONFIRMED,6939,1249.02,1500,6688.02,PAID
BK03542,PS00021,FL0042,2026-05-20T08:07:00.000+05:30,ECONOMY,CONFIRMED,4339,781.02,0,5120.02,PAID
BK03543,PS00814,FL0197,2026-04-20T20:31:00.000+05:30,ECONOMY,CONFIRMED,5004,900.72,2000,3904.72,PAID
BK03544,PS00122,FL0129,2026-06-08T13:09:00.000+05:30,ECONOMY,CONFIRMED,4934,888.12,1000,4822.12,PAID
BK03545,PS00055,FL0096,2026-08-18T20:50:00.000+05:30,BUSINESS,CONFIRMED,14215,2558.7,0,16773.7,PAID
BK03546,PS00663,FL0198,2026-05-29T23:00:00.000+05:30,ECONOMY,CONFIRMED,7795,1403.1,1000,8198.1,PAID
BK03547,PS00014,FL0185,2026-06-24T12:51:00.000+05:30,ECONOMY,CONFIRMED,4245,764.1,2000,3009.1,PAID
BK03548,PS00828,FL0142,2026-06-14T17:53:00.000+05:30,ECONOMY,CONFIRMED,3811,685.98,1000,3496.98,PAID
BK03549,PS00483,FL0166,2026-06-29T19:03:00.000+05:30,FIRST,CONFIRMED,35695,6425.1,0,42120.1,PAID
BK03550,PS00596,FL0149,2026-07-31T13:58:00.000+05:30,ECONOMY,CONFIRMED,4146,746.28,500,4392.28,PAID
BK03551,PS00596,FL0046,2026-06-28T20:49:00.000+05:30,BUSINESS,CONFIRMED,23163,4169.34,0,27332.34,PAID
BK03552,PS00616,FL0121,2026-06-28T05:51:00.000+05:30,ECONOMY,CONFIRMED,4498,809.64,0,5307.64,PAID
BK03553,PS00014,FL0021,2026-07-03T16:16:00.000+05:30,BUSINESS,CONFIRMED,22543,4057.74,1500,25100.74,PAID
BK03554,PS00555,FL0191,2026-04-12T00:54:00.000+05:30,ECONOMY,CONFIRMED,4769,858.42,1000,4627.42,PAID
BK03555,PS00775,FL0184,2026-05-25T09:58:00.000+05:30,ECONOMY,CONFIRMED,4005,720.9,1500,3225.9,PAID
BK03556,PS00904,FL0042,2026-05-01T08:07:00.000+05:30,ECONOMY,CONFIRMED,3938,708.84,0,4646.84,PAID
BK03557,PS00305,FL0111,2026-04-18T07:32:00.000+05:30,ECONOMY,CONFIRMED,5260,946.8,500,5706.8,PAID
BK03558,PS00633,FL0109,2026-07-07T05:41:00.000+05:30,BUSINESS,CONFIRMED,13448,2420.64,500,15368.64,PAID
BK03559,PS00020,FL0189,2026-05-19T10:48:00.000+05:30,BUSINESS,CONFIRMED,13046,2348.28,1500,13894.28,PENDING
BK03560,PS00191,FL0063,2026-05-23T23:44:00.000+05:30,ECONOMY,CONFIRMED,4701,846.18,0,5547.18,PAID
BK03561,PS00242,FL0054,2026-08-04T10:45:00.000+05:30,PREMIUM ECONOMY,CONFIRMED,8326,1498.68,1500,8324.68,PAID
BK03562,PS00026,FL0025,2026-06-08T17:16:00.000+05:30,ECONOMY,CONFIRMED,6158,1108.44,500,6766.44,PAID
BK03563,PS00026,FL0040,2026-08-15T17:55:00.000+05:30,ECONOMY,CONFIRMED,4824,868.32,2000,3692.32,PAID
BK03564,PS00437,FL0196,2026-05-06T00:36:00.000+05:30,ECONOMY,CONFIRMED,6581,1184.58,2000,5765.58,PAID
BK03565,PS00229,FL0195,2026-04-20T21:13:00.000+05:30,ECONOMY,CONFIRMED,6643,1195.74,1500,6338.74,PAID
BK03566,PS00769,FL0150,2026-05-23T01:07:00.000+05:30,ECONOMY,CONFIRMED,3958,712.44,1500,3170.44,PAID
BK03567,PS00739,FL0071,2026-06-10T13:39:00.000+05:30,ECONOMY,CONFIRMED,6885,1239.3,500,7624.3,PAID
BK03568,PS00091,FL0045,2026-05-18T16:40:00.000+05:30,FIRST,CONFIRMED,32743,5893.74,500,38136.74,PAID
BK03569,PS00146,FL0061,2026-07-03T22:34:00.000+05:30,ECONOMY,CONFIRMED,6101,1098.18,1000,6199.18,PAID
BK03570,PS00231,FL0099,2026-06-27T13:57:00.000+05:30,ECONOMY,CONFIRMED,5019,903.42,0,5922.42,PAID
BK03571,PS00760,FL0063,2026-05-27T23:44:00.000+05:30,ECONOMY,CONFIRMED,5921,1065.78,0,6986.78,PAID
BK03572,PS00605,FL0064,2026-05-08T02:15:00.000+05:30,PREMIUM ECONOMY,CONFIRMED,10833,1949.94,1500,11282.94,PAID
BK03573,PS00636,FL0099,2026-07-30T13:57:00.000+05:30,ECONOMY,CONFIRMED,5406,973.08,0,6379.08,PAID
BK03574,PS00436,FL0140,2026-06-24T23:49:00.000+05:30,PREMIUM ECONOMY,PENDING,11529,2075.22,500,13104.22,PAID
BK03575,PS00935,FL0115,2026-05-29T21:48:00.000+05:30,PREMIUM ECONOMY,CONFIRMED,8562,1541.16,0,10103.16,PAID
BK03576,PS00429,FL0081,2026-07-09T20:53:00.000+05:30,ECONOMY,CONFIRMED,7437,1338.66,1500,7275.66,PAID
BK03577,PS00105,FL0182,2026-04-22T15:10:00.000+05:30,ECONOMY,CONFIRMED,4423,796.14,1000,4219.14,PAID
BK03578,PS00802,FL0063,2026-08-01T23:44:00.000+05:30,ECONOMY,CONFIRMED,3930,707.4,0,4637.4,PAID
BK03579,PS00620,FL0194,2026-06-04T06:24:00.000+05:30,PREMIUM ECONOMY,CONFIRMED,9682,1742.76,2000,9424.76,PAID
BK03580,PS00880,FL0197,2026-07-29T20:31:00.000+05:30,ECONOMY,CONFIRMED,3163,569.34,1500,2232.34,PAID
BK03581,PS00077,FL0057,2026-06-28T08:35:00.000+05:30,ECONOMY,PENDING,3564,641.52,1000,3205.52,PAID
BK03582,PS00441,FL0060,2026-04-20T10:13:00.000+05:30,ECONOMY,CONFIRMED,3638,654.84,0,4292.84,PAID
BK03583,PS00726,FL0002,2026-05-16T11:44:00.000+05:30,ECONOMY,CONFIRMED,5379,968.22,2000,4347.22,PENDING
BK03584,PS00403,FL0057,2026-06-29T08:35:00.000+05:30,ECONOMY,CONFIRMED,5340,961.2,0,6301.2,PENDING
BK03585,PS00845,FL0117,2026-07-10T05:35:00.000+05:30,ECONOMY,CONFIRMED,3952,711.36,0,4663.36,PAID
BK03586,PS00103,FL0174,2026-04-30T03:12:00.000+05:30,ECONOMY,CONFIRMED,6068,1092.24,1000,6160.24,PAID
BK03587,PS00248,FL0058,2026-05-30T08:10:00.000+05:30,ECONOMY,CONFIRMED,6009,1081.62,1000,6090.62,PAID
BK03588,PS00093,FL0174,2026-04-14T03:12:00.000+05:30,ECONOMY,CONFIRMED,6394,1150.92,1500,6044.92,PAID
BK03589,PS00769,FL0115,2026-04-22T21:48:00.000+05:30,ECONOMY,CONFIRMED,6373,1147.14,0,7520.14,PAID
BK03590,PS00348,FL0199,2026-04-16T14:46:00.000+05:30,ECONOMY,CANCELLED,7609,1369.62,1000,7978.62,PAID
BK03591,PS00225,FL0108,2026-04-27T13:18:00.000+05:30,BUSINESS,CONFIRMED,24009,4321.62,0,28330.62,PENDING
BK03592,PS00317,FL0119,2026-07-17T23:00:00.000+05:30,BUSINESS,CONFIRMED,24673,4441.14,0,29114.14,PAID
BK03593,PS00340,FL0042,2026-06-13T08:07:00.000+05:30,ECONOMY,CONFIRMED,5473,985.14,1000,5458.14,PAID
BK03594,PS00053,FL0169,2026-05-21T14:48:00.000+05:30,ECONOMY,PENDING,4174,751.32,1000,3925.32,PAID
BK03595,PS00012,FL0101,2026-07-15T19:08:00.000+05:30,BUSINESS,CONFIRMED,15349,2762.82,1000,17111.82,PAID
BK03596,PS00239,FL0160,2026-06-11T03:28:00.000+05:30,ECONOMY,CANCELLED,6643,1195.74,500,7338.74,PAID
BK03597,PS00036,FL0010,2026-06-22T09:55:00.000+05:30,PREMIUM ECONOMY,CONFIRMED,9385,1689.3,1000,10074.3,PAID
BK03598,PS00369,FL0045,2026-08-10T16:40:00.000+05:30,ECONOMY,CONFIRMED,3691,664.38,1500,2855.38,PAID
BK03599,PS00605,FL0175,2026-08-18T20:18:00.000+05:30,BUSINESS,CONFIRMED,20704,3726.72,1000,23430.72,PAID
BK03600,PS00161,FL0116,2026-07-13T12:06:00.000+05:30,ECONOMY,PENDING,3819,687.42,0,4506.42,PAID
BK03601,PS00420,FL0147,2026-06-14T14:49:00.000+05:30,BUSINESS,PENDING,20471,3684.78,2000,22155.78,PAID
BK03602,PS00034,FL0126,2026-04-23T21:39:00.000+05:30,ECONOMY,PENDING,6053,1089.54,2000,5142.54,PAID
BK03603,PS00286,FL0004,2026-06-20T03:45:00.000+05:30,ECONOMY,PENDING,4818,867.24,1500,4185.24,PAID
BK03604,PS00054,FL0048,2026-05-16T00:59:00.000+05:30,ECONOMY,CONFIRMED,7570,1362.6,500,8432.6,PAID
BK03605,PS00412,FL0164,2026-08-15T01:16:00.000+05:30,ECONOMY,CONFIRMED,5336,960.48,1000,5296.48,PENDING
BK03606,PS00762,FL0145,2026-07-21T12:44:00.000+05:30,PREMIUM ECONOMY,CONFIRMED,10594,1906.92,2000,10500.92,PAID
BK03607,PS00221,FL0068,2026-07-02T15:44:00.000+05:30,PREMIUM ECONOMY,CONFIRMED,11864,2135.52,2000,11999.52,PAID
BK03608,PS00119,FL0075,2026-08-14T02:42:00.000+05:30,ECONOMY,CONFIRMED,7475,1345.5,0,8820.5,PAID
BK03609,PS00609,FL0036,2026-06-30T16:28:00.000+05:30,ECONOMY,PENDING,7482,1346.76,2000,6828.76,PAID
BK03610,PS00361,FL0008,2026-05-22T07:56:00.000+05:30,ECONOMY,CONFIRMED,7243,1303.74,1000,7546.74,PAID
BK03611,PS00951,FL0131,2026-04-19T17:30:00.000+05:30,ECONOMY,CONFIRMED,4826,868.68,1000,4694.68,PAID
BK03612,PS00712,FL0121,2026-05-05T05:51:00.000+05:30,ECONOMY,CONFIRMED,7027,1264.86,1500,6791.86,PAID
BK03613,PS00370,FL0111,2026-07-24T07:32:00.000+05:30,PREMIUM ECONOMY,CONFIRMED,10067,1812.06,1500,10379.06,PAID
BK03614,PS00427,FL0014,2026-06-30T13:07:00.000+05:30,ECONOMY,CONFIRMED,6614,1190.52,0,7804.52,PAID
BK03615,PS00258,FL0188,2026-04-22T03:01:00.000+05:30,BUSINESS,CONFIRMED,21518,3873.24,0,25391.24,PAID
BK03616,PS00112,FL0165,2026-08-15T14:40:00.000+05:30,FIRST,CONFIRMED,37789,6802.02,1000,43591.02,PAID
BK03617,PS00456,FL0175,2026-06-07T20:18:00.000+05:30,ECONOMY,CONFIRMED,3101,558.18,500,3159.18,PAID
BK03618,PS00481,FL0090,2026-05-18T21:05:00.000+05:30,ECONOMY,CONFIRMED,7849,1412.82,2000,7261.82,PAID
BK03619,PS00225,FL0028,2026-07-15T20:11:00.000+05:30,BUSINESS,CONFIRMED,22867,4116.06,0,26983.06,PAID
BK03620,PS00123,FL0079,2026-08-17T02:26:00.000+05:30,FIRST,CONFIRMED,38686,6963.48,2000,43649.48,PAID
BK03621,PS00806,FL0140,2026-08-24T23:49:00.000+05:30,PREMIUM ECONOMY,CONFIRMED,8404,1512.72,1000,8916.72,PAID
BK03622,PS00145,FL0158,2026-05-30T23:39:00.000+05:30,ECONOMY,CONFIRMED,6298,1133.64,2000,5431.64,PAID
BK03623,PS00806,FL0072,2026-06-27T10:20:00.000+05:30,ECONOMY,CONFIRMED,6316,1136.88,1500,5952.88,PAID
BK03624,PS00465,FL0114,2026-05-10T15:23:00.000+05:30,ECONOMY,CONFIRMED,7824,1408.32,0,9232.32,PAID
BK03625,PS00674,FL0145,2026-07-31T12:44:00.000+05:30,ECONOMY,PENDING,4050,729.0,0,4779.0,PAID
BK03626,PS00836,FL0185,2026-04-26T12:51:00.000+05:30,ECONOMY,CONFIRMED,7273,1309.14,0,8582.14,PAID
BK03627,PS00374,FL0028,2026-08-01T20:11:00.000+05:30,ECONOMY,CONFIRMED,6599,1187.82,1500,6286.82,PAID
BK03628,PS00358,FL0088,2026-07-13T01:28:00.000+05:30,BUSINESS,CONFIRMED,13336,2400.48,2000,13736.48,PAID
BK03629,PS00374,FL0113,2026-04-19T11:26:00.000+05:30,ECONOMY,CONFIRMED,7380,1328.4,0,8708.4,PAID
BK03630,PS00681,FL0122,2026-04-29T06:56:00.000+05:30,PREMIUM ECONOMY,CONFIRMED,10688,1923.84,1500,11111.84,PENDING
BK03631,PS00440,FL0054,2026-06-11T10:45:00.000+05:30,ECONOMY,CONFIRMED,7899,1421.82,1000,8320.82,PAID
BK03632,PS00167,FL0060,2026-05-23T10:13:00.000+05:30,ECONOMY,CONFIRMED,5480,986.4,1000,5466.4,PAID
BK03633,PS00264,FL0040,2026-05-05T17:55:00.000+05:30,FIRST,CONFIRMED,30482,5486.76,1000,34968.76,PAID
BK03634,PS00652,FL0018,2026-07-01T15:36:00.000+05:30,ECONOMY,CANCELLED,4006,721.08,0,4727.08,PAID
BK03635,PS00436,FL0193,2026-07-16T01:05:00.000+05:30,ECONOMY,CONFIRMED,3606,649.08,1500,2755.08,PAID
BK03636,PS00442,FL0132,2026-07-02T20:02:00.000+05:30,BUSINESS,CONFIRMED,13721,2469.78,500,15690.78,PAID
BK03637,PS00818,FL0188,2026-07-15T03:01:00.000+05:30,ECONOMY,CONFIRMED,3870,696.6,1000,3566.6,PAID
BK03638,PS00619,FL0182,2026-04-22T15:10:00.000+05:30,ECONOMY,CONFIRMED,4549,818.82,1000,4367.82,REFUNDED
BK03639,PS00428,FL0083,2026-06-16T08:39:00.000+05:30,ECONOMY,CONFIRMED,7332,1319.76,1500,7151.76,PAID
BK03640,PS00253,FL0070,2026-06-03T01:52:00.000+05:30,PREMIUM ECONOMY,CANCELLED,9819,1767.42,2000,9586.42,PAID
BK03641,PS00714,FL0080,2026-05-11T23:54:00.000+05:30,PREMIUM ECONOMY,CONFIRMED,11189,2014.02,2000,11203.02,PAID
BK03642,PS00317,FL0130,2026-05-09T16:26:00.000+05:30,ECONOMY,CANCELLED,6546,1178.28,500,7224.28,PAID
BK03643,PS00790,FL0076,2026-05-04T04:07:00.000+05:30,ECONOMY,CONFIRMED,4488,807.84,2000,3295.84,PAID
BK03644,PS00485,FL0067,2026-06-30T02:49:00.000+05:30,ECONOMY,CONFIRMED,4400,792.0,1500,3692.0,PAID
BK03645,PS00903,FL0163,2026-05-28T08:18:00.000+05:30,ECONOMY,CONFIRMED,5609,1009.62,1000,5618.62,PAID
BK03646,PS00536,FL0157,2026-07-03T00:55:00.000+05:30,FIRST,CONFIRMED,35919,6465.42,500,41884.42,PAID
BK03647,PS00061,FL0041,2026-05-23T01:48:00.000+05:30,ECONOMY,CONFIRMED,6644,1195.92,1500,6339.92,PENDING
BK03648,PS00059,FL0066,2026-08-07T05:19:00.000+05:30,ECONOMY,PENDING,4421,795.78,1000,4216.78,PAID
BK03649,PS00681,FL0145,2026-05-26T12:44:00.000+05:30,ECONOMY,PENDING,5583,1004.94,1000,5587.94,PAID
BK03650,PS00518,FL0142,2026-05-10T17:53:00.000+05:30,ECONOMY,PENDING,5402,972.36,1500,4874.36,PAID
BK03651,PS00288,FL0092,2026-05-13T01:56:00.000+05:30,ECONOMY,CONFIRMED,5353,963.54,1000,5316.54,PAID
BK03652,PS00696,FL0096,2026-08-05T20:50:00.000+05:30,ECONOMY,CONFIRMED,3770,678.6,500,3948.6,PAID
BK03653,PS00331,FL0162,2026-05-13T12:14:00.000+05:30,FIRST,CONFIRMED,29355,5283.9,500,34138.9,PAID
BK03654,PS00385,FL0137,2026-08-14T17:20:00.000+05:30,ECONOMY,CONFIRMED,4944,889.92,500,5333.92,PAID
BK03655,PS00126,FL0032,2026-05-10T00:14:00.000+05:30,ECONOMY,CONFIRMED,4674,841.32,500,5015.32,PAID
BK03656,PS00380,FL0173,2026-05-26T09:11:00.000+05:30,PREMIUM ECONOMY,CANCELLED,11616,2090.88,1000,12706.88,PENDING
BK03657,PS00034,FL0181,2026-07-12T19:53:00.000+05:30,ECONOMY,CONFIRMED,7413,1334.34,500,8247.34,PENDING
BK03658,PS00883,FL0026,2026-08-09T22:05:00.000+05:30,ECONOMY,CONFIRMED,6517,1173.06,500,7190.06,PAID
BK03659,PS00789,FL0197,2026-04-22T20:31:00.000+05:30,ECONOMY,CONFIRMED,6653,1197.54,0,7850.54,PAID
BK03660,PS00862,FL0016,2026-07-25T06:12:00.000+05:30,ECONOMY,CONFIRMED,6458,1162.44,500,7120.44,PAID
BK03661,PS00241,FL0005,2026-06-16T10:57:00.000+05:30,ECONOMY,CONFIRMED,4333,779.94,0,5112.94,PAID
BK03662,PS00372,FL0150,2026-08-07T01:07:00.000+05:30,ECONOMY,CONFIRMED,5219,939.42,2000,4158.42,PAID
BK03663,PS00467,FL0114,2026-07-08T15:23:00.000+05:30,ECONOMY,PENDING,6780,1220.4,0,8000.4,PAID
BK03664,PS00640,FL0196,2026-05-13T00:36:00.000+05:30,BUSINESS,CONFIRMED,23269,4188.42,1500,25957.42,PENDING
BK03665,PS00228,FL0017,2026-05-31T08:56:00.000+05:30,ECONOMY,PENDING,5652,1017.36,1500,5169.36,PAID
BK03666,PS00438,FL0139,2026-07-21T12:04:00.000+05:30,ECONOMY,CONFIRMED,3339,601.02,1000,2940.02,PAID
BK03667,PS00371,FL0198,2026-04-13T23:00:00.000+05:30,ECONOMY,CONFIRMED,5959,1072.62,1000,6031.62,PAID
BK03668,PS00381,FL0192,2026-06-23T12:51:00.000+05:30,ECONOMY,CANCELLED,4184,753.12,0,4937.12,PAID
BK03669,PS00641,FL0026,2026-07-16T22:05:00.000+05:30,ECONOMY,CANCELLED,5096,917.28,1500,4513.28,REFUNDED
BK03670,PS00857,FL0100,2026-07-22T18:25:00.000+05:30,ECONOMY,CONFIRMED,7029,1265.22,0,8294.22,PAID
BK03671,PS00369,FL0124,2026-05-04T21:31:00.000+05:30,ECONOMY,CONFIRMED,4678,842.04,1000,4520.04,PAID
BK03672,PS00630,FL0097,2026-07-24T09:06:00.000+05:30,BUSINESS,CONFIRMED,16803,3024.54,1500,18327.54,PAID
BK03673,PS00202,FL0187,2026-04-11T10:08:00.000+05:30,ECONOMY,CONFIRMED,5706,1027.08,0,6733.08,PAID
BK03674,PS00331,FL0178,2026-06-22T07:36:00.000+05:30,BUSINESS,CONFIRMED,18541,3337.38,500,21378.38,PAID
BK03675,PS00720,FL0160,2026-05-03T03:28:00.000+05:30,BUSINESS,CONFIRMED,20216,3638.88,1500,22354.88,PAID
BK03676,PS00897,FL0040,2026-08-16T17:55:00.000+05:30,ECONOMY,CONFIRMED,7087,1275.66,0,8362.66,PAID
BK03677,PS00716,FL0018,2026-05-29T15:36:00.000+05:30,ECONOMY,CONFIRMED,4130,743.4,0,4873.4,PAID
BK03678,PS00241,FL0094,2026-05-12T06:12:00.000+05:30,PREMIUM ECONOMY,CONFIRMED,10558,1900.44,1500,10958.44,PAID
BK03679,PS00413,FL0095,2026-06-05T03:52:00.000+05:30,ECONOMY,CONFIRMED,7752,1395.36,1000,8147.36,PAID
BK03680,PS00121,FL0099,2026-06-29T13:57:00.000+05:30,PREMIUM ECONOMY,CONFIRMED,9694,1744.92,1000,10438.92,PAID
BK03681,PS00864,FL0019,2026-07-18T01:43:00.000+05:30,ECONOMY,CONFIRMED,4361,784.98,2000,3145.98,PAID
BK03682,PS00913,FL0185,2026-05-25T12:51:00.000+05:30,BUSINESS,CONFIRMED,19073,3433.14,1000,21506.14,PAID
BK03683,PS00863,FL0021,2026-04-24T16:16:00.000+05:30,PREMIUM ECONOMY,CONFIRMED,9916,1784.88,0,11700.88,PAID
BK03684,PS00206,FL0096,2026-07-24T20:50:00.000+05:30,ECONOMY,CONFIRMED,4424,796.32,2000,3220.32,PAID
BK03685,PS00114,FL0087,2026-06-05T17:39:00.000+05:30,PREMIUM ECONOMY,CONFIRMED,8741,1573.38,500,9814.38,PAID
BK03686,PS00330,FL0169,2026-07-25T14:48:00.000+05:30,ECONOMY,CONFIRMED,3873,697.14,1000,3570.14,PAID
BK03687,PS00967,FL0093,2026-05-29T07:37:00.000+05:30,BUSINESS,CONFIRMED,17055,3069.9,500,19624.9,PAID
BK03688,PS00211,FL0159,2026-07-16T00:44:00.000+05:30,ECONOMY,CONFIRMED,3857,694.26,1000,3551.26,PAID
BK03689,PS00673,FL0134,2026-07-09T08:42:00.000+05:30,ECONOMY,CONFIRMED,3953,711.54,0,4664.54,PENDING
BK03690,PS00537,FL0043,2026-07-31T12:42:00.000+05:30,ECONOMY,CONFIRMED,3739,673.02,1000,3412.02,PAID
BK03691,PS00706,FL0163,2026-06-30T08:18:00.000+05:30,ECONOMY,PENDING,7116,1280.88,0,8396.88,PAID
BK03692,PS00001,FL0008,2026-06-29T07:56:00.000+05:30,ECONOMY,CONFIRMED,5719,1029.42,1000,5748.42,PAID
BK03693,PS00543,FL0157,2026-07-11T00:55:00.000+05:30,ECONOMY,CONFIRMED,7890,1420.2,1000,8310.2,PAID
BK03694,PS00538,FL0081,2026-05-22T20:53:00.000+05:30,ECONOMY,CONFIRMED,6106,1099.08,1000,6205.08,PAID
BK03695,PS00036,FL0005,2026-06-21T10:57:00.000+05:30,ECONOMY,CONFIRMED,3524,634.32,1500,2658.32,PAID
BK03696,PS00848,FL0087,2026-06-12T17:39:00.000+05:30,FIRST,CANCELLED,25339,4561.02,1000,28900.02,REFUNDED
BK03697,PS00190,FL0129,2026-04-19T13:09:00.000+05:30,ECONOMY,CONFIRMED,6891,1240.38,1500,6631.38,PAID
BK03698,PS00179,FL0145,2026-05-21T12:44:00.000+05:30,ECONOMY,CONFIRMED,4863,875.34,500,5238.34,PAID
BK03699,PS00008,FL0181,2026-06-07T19:53:00.000+05:30,ECONOMY,PENDING,6489,1168.02,500,7157.02,PENDING
BK03700,PS00899,FL0120,2026-06-14T21:25:00.000+05:30,ECONOMY,CONFIRMED,5035,906.3,0,5941.3,PAID
BK03701,PS00278,FL0003,2026-05-04T09:26:00.000+05:30,ECONOMY,CONFIRMED,3853,693.54,1500,3046.54,PENDING
BK03702,PS00743,FL0015,2026-07-12T01:50:00.000+05:30,PREMIUM ECONOMY,CONFIRMED,10284,1851.12,2000,10135.12,PAID
BK03703,PS00613,FL0114,2026-08-14T15:23:00.000+05:30,ECONOMY,CONFIRMED,4321,777.78,2000,3098.78,PAID
BK03704,PS00059,FL0044,2026-07-03T15:19:00.000+05:30,ECONOMY,CONFIRMED,6401,1152.18,500,7053.18,PAID
BK03705,PS00125,FL0101,2026-06-08T19:08:00.000+05:30,ECONOMY,CONFIRMED,6737,1212.66,0,7949.66,PAID
BK03706,PS00104,FL0157,2026-05-22T00:55:00.000+05:30,PREMIUM ECONOMY,CONFIRMED,9532,1715.76,2000,9247.76,PAID
BK03707,PS00903,FL0033,2026-05-02T08:26:00.000+05:30,ECONOMY,CONFIRMED,5909,1063.62,500,6472.62,PAID
BK03708,PS00929,FL0199,2026-06-06T14:46:00.000+05:30,ECONOMY,CONFIRMED,6778,1220.04,2000,5998.04,PAID
BK03709,PS00707,FL0188,2026-07-31T03:01:00.000+05:30,ECONOMY,CONFIRMED,5852,1053.36,1500,5405.36,PAID
BK03710,PS00918,FL0050,2026-08-05T22:38:00.000+05:30,ECONOMY,CONFIRMED,7406,1333.08,1000,7739.08,PAID
BK03711,PS00863,FL0018,2026-06-13T15:36:00.000+05:30,ECONOMY,CONFIRMED,5668,1020.24,1000,5688.24,PAID
BK03712,PS00408,FL0073,2026-05-30T20:34:00.000+05:30,ECONOMY,CONFIRMED,7299,1313.82,1000,7612.82,PAID
BK03713,PS00363,FL0124,2026-05-31T21:31:00.000+05:30,ECONOMY,CONFIRMED,3580,644.4,2000,2224.4,PAID
BK03714,PS00101,FL0090,2026-07-17T21:05:00.000+05:30,ECONOMY,CONFIRMED,4898,881.64,2000,3779.64,PAID
BK03715,PS00925,FL0147,2026-07-25T14:49:00.000+05:30,ECONOMY,CONFIRMED,5902,1062.36,1000,5964.36,PENDING
BK03716,PS00670,FL0082,2026-05-17T23:43:00.000+05:30,PREMIUM ECONOMY,CANCELLED,10578,1904.04,1000,11482.04,PAID
BK03717,PS00330,FL0006,2026-06-27T17:54:00.000+05:30,PREMIUM ECONOMY,CONFIRMED,10289,1852.02,1500,10641.02,PAID
BK03718,PS00609,FL0173,2026-08-15T09:11:00.000+05:30,BUSINESS,CONFIRMED,14597,2627.46,2000,15224.46,PENDING
BK03719,PS00029,FL0045,2026-06-11T16:40:00.000+05:30,FIRST,CONFIRMED,28214,5078.52,1500,31792.52,PAID
BK03720,PS00616,FL0012,2026-05-08T23:44:00.000+05:30,ECONOMY,CANCELLED,3075,553.5,1000,2628.5,PAID
BK03721,PS00922,FL0126,2026-06-10T21:39:00.000+05:30,ECONOMY,CONFIRMED,6860,1234.8,0,8094.8,PAID
BK03722,PS00497,FL0124,2026-07-25T21:31:00.000+05:30,ECONOMY,CONFIRMED,3066,551.88,1500,2117.88,PAID
BK03723,PS00851,FL0088,2026-06-19T01:28:00.000+05:30,ECONOMY,CONFIRMED,6274,1129.32,1500,5903.32,PAID
BK03724,PS00104,FL0094,2026-06-11T06:12:00.000+05:30,ECONOMY,CONFIRMED,6993,1258.74,2000,6251.74,PAID
BK03725,PS00969,FL0141,2026-04-27T23:30:00.000+05:30,ECONOMY,CONFIRMED,5161,928.98,500,5589.98,REFUNDED
BK03726,PS00871,FL0044,2026-06-24T15:19:00.000+05:30,ECONOMY,CONFIRMED,6497,1169.46,500,7166.46,PAID
BK03727,PS00551,FL0074,2026-08-11T06:02:00.000+05:30,BUSINESS,CONFIRMED,24844,4471.92,500,28815.92,PAID
BK03728,PS00862,FL0023,2026-05-16T20:11:00.000+05:30,ECONOMY,CONFIRMED,3686,663.48,500,3849.48,PAID
BK03729,PS00781,FL0011,2026-05-26T00:09:00.000+05:30,BUSINESS,CONFIRMED,24480,4406.4,0,28886.4,PAID
BK03730,PS00861,FL0064,2026-05-14T02:15:00.000+05:30,ECONOMY,CONFIRMED,4738,852.84,2000,3590.84,PAID
BK03731,PS00183,FL0190,2026-05-18T12:08:00.000+05:30,ECONOMY,CONFIRMED,6772,1218.96,2000,5990.96,PAID
BK03732,PS00303,FL0024,2026-06-27T06:29:00.000+05:30,FIRST,CONFIRMED,25276,4549.68,500,29325.68,PAID
BK03733,PS00757,FL0036,2026-08-05T16:28:00.000+05:30,PREMIUM ECONOMY,CONFIRMED,8783,1580.94,2000,8363.94,PAID
BK03734,PS00895,FL0096,2026-05-14T20:50:00.000+05:30,BUSINESS,CONFIRMED,18799,3383.82,2000,20182.82,PAID
BK03735,PS00822,FL0188,2026-07-14T03:01:00.000+05:30,ECONOMY,PENDING,7062,1271.16,1000,7333.16,PENDING
BK03736,PS00316,FL0024,2026-05-03T06:29:00.000+05:30,ECONOMY,CONFIRMED,7631,1373.58,2000,7004.58,PAID
BK03737,PS00200,FL0064,2026-06-09T02:15:00.000+05:30,PREMIUM ECONOMY,CONFIRMED,8058,1450.44,2000,7508.44,PAID
BK03738,PS00502,FL0032,2026-06-07T00:14:00.000+05:30,ECONOMY,CONFIRMED,3238,582.84,2000,1820.84,PENDING
BK03739,PS00217,FL0192,2026-07-12T12:51:00.000+05:30,ECONOMY,CONFIRMED,6607,1189.26,1500,6296.26,PAID
BK03740,PS00622,FL0034,2026-08-08T15:35:00.000+05:30,ECONOMY,CONFIRMED,3453,621.54,2000,2074.54,PAID
BK03741,PS00264,FL0043,2026-04-20T12:42:00.000+05:30,ECONOMY,CONFIRMED,5676,1021.68,0,6697.68,PAID
BK03742,PS00772,FL0115,2026-06-03T21:48:00.000+05:30,ECONOMY,CONFIRMED,6067,1092.06,2000,5159.06,PAID
BK03743,PS00066,FL0107,2026-06-21T02:22:00.000+05:30,ECONOMY,CONFIRMED,6610,1189.8,500,7299.8,PAID
BK03744,PS00033,FL0014,2026-07-24T13:07:00.000+05:30,ECONOMY,CONFIRMED,5199,935.82,2000,4134.82,PAID
BK03745,PS00579,FL0163,2026-04-21T08:18:00.000+05:30,ECONOMY,CONFIRMED,4631,833.58,500,4964.58,PAID
BK03746,PS00563,FL0075,2026-07-11T02:42:00.000+05:30,ECONOMY,CONFIRMED,6630,1193.4,500,7323.4,PAID
BK03747,PS00421,FL0160,2026-06-11T03:28:00.000+05:30,ECONOMY,CONFIRMED,7475,1345.5,500,8320.5,PAID
BK03748,PS00950,FL0138,2026-06-06T07:55:00.000+05:30,BUSINESS,CONFIRMED,17241,3103.38,1500,18844.38,PAID
BK03749,PS00651,FL0090,2026-07-31T21:05:00.000+05:30,BUSINESS,PENDING,19850,3573.0,500,22923.0,PENDING
BK03750,PS00691,FL0199,2026-05-31T14:46:00.000+05:30,ECONOMY,CONFIRMED,6520,1173.6,2000,5693.6,PAID
BK03751,PS00406,FL0032,2026-05-02T00:14:00.000+05:30,PREMIUM ECONOMY,CONFIRMED,9646,1736.28,0,11382.28,PAID
BK03752,PS00038,FL0042,2026-05-25T08:07:00.000+05:30,PREMIUM ECONOMY,CONFIRMED,10795,1943.1,500,12238.1,PAID
BK03753,PS00725,FL0066,2026-05-02T05:19:00.000+05:30,ECONOMY,CONFIRMED,5696,1025.28,2000,4721.28,PENDING
BK03754,PS00421,FL0134,2026-08-10T08:42:00.000+05:30,BUSINESS,CONFIRMED,12397,2231.46,2000,12628.46,PAID
BK03755,PS00553,FL0151,2026-05-24T13:13:00.000+05:30,ECONOMY,PENDING,4255,765.9,2000,3020.9,PAID
BK03756,PS00644,FL0040,2026-06-10T17:55:00.000+05:30,ECONOMY,CONFIRMED,7831,1409.58,1500,7740.58,PAID
BK03757,PS00526,FL0089,2026-05-26T02:36:00.000+05:30,ECONOMY,CONFIRMED,5619,1011.42,1000,5630.42,PAID
BK03758,PS00716,FL0048,2026-07-25T00:59:00.000+05:30,ECONOMY,CONFIRMED,3148,566.64,1500,2214.64,PAID
BK03759,PS00822,FL0020,2026-05-22T17:18:00.000+05:30,ECONOMY,PENDING,4340,781.2,1500,3621.2,PAID
BK03760,PS00247,FL0198,2026-04-17T23:00:00.000+05:30,BUSINESS,CONFIRMED,18999,3419.82,1500,20918.82,PAID
BK03761,PS00246,FL0184,2026-06-16T09:58:00.000+05:30,PREMIUM ECONOMY,CONFIRMED,9981,1796.58,2000,9777.58,PAID
BK03762,PS00940,FL0196,2026-05-21T00:36:00.000+05:30,ECONOMY,CONFIRMED,5337,960.66,500,5797.66,PAID
BK03763,PS00538,FL0167,2026-08-13T05:21:00.000+05:30,ECONOMY,CONFIRMED,5128,923.04,500,5551.04,PAID
BK03764,PS00036,FL0146,2026-05-03T07:42:00.000+05:30,ECONOMY,CONFIRMED,5406,973.08,0,6379.08,PAID
BK03765,PS00273,FL0014,2026-06-16T13:07:00.000+05:30,ECONOMY,CONFIRMED,4839,871.02,2000,3710.02,PAID
BK03766,PS00722,FL0148,2026-06-24T19:51:00.000+05:30,ECONOMY,CONFIRMED,5409,973.62,500,5882.62,PAID
BK03767,PS00433,FL0067,2026-07-19T02:49:00.000+05:30,PREMIUM ECONOMY,CONFIRMED,9212,1658.16,500,10370.16,PAID
BK03768,PS00091,FL0010,2026-08-21T09:55:00.000+05:30,BUSINESS,CONFIRMED,24250,4365.0,500,28115.0,PAID
BK03769,PS00838,FL0026,2026-05-04T22:05:00.000+05:30,ECONOMY,PENDING,5986,1077.48,2000,5063.48,PAID
BK03770,PS00007,FL0136,2026-04-22T00:00:00.000+05:30,ECONOMY,CONFIRMED,3956,712.08,1000,3668.08,PAID
BK03771,PS00932,FL0077,2026-05-16T02:30:00.000+05:30,ECONOMY,CONFIRMED,6889,1240.02,1000,7129.02,PENDING
BK03772,PS00649,FL0098,2026-05-18T19:28:00.000+05:30,ECONOMY,CONFIRMED,3439,619.02,1500,2558.02,PAID
BK03773,PS00629,FL0017,2026-04-23T08:56:00.000+05:30,PREMIUM ECONOMY,CONFIRMED,9384,1689.12,1500,9573.12,PAID
BK03774,PS00392,FL0036,2026-06-05T16:28:00.000+05:30,ECONOMY,CONFIRMED,4169,750.42,2000,2919.42,PAID
BK03775,PS00124,FL0200,2026-05-26T07:44:00.000+05:30,FIRST,PENDING,25841,4651.38,500,29992.38,PAID
BK03776,PS00400,FL0062,2026-06-24T12:00:00.000+05:30,ECONOMY,CONFIRMED,4005,720.9,500,4225.9,PAID
BK03777,PS00105,FL0167,2026-07-13T05:21:00.000+05:30,ECONOMY,CONFIRMED,7739,1393.02,0,9132.02,PAID
BK03778,PS00707,FL0167,2026-05-14T05:21:00.000+05:30,ECONOMY,CONFIRMED,5904,1062.72,1000,5966.72,PAID
BK03779,PS00654,FL0041,2026-05-11T01:48:00.000+05:30,BUSINESS,PENDING,20119,3621.42,1500,22240.42,PAID
BK03780,PS00377,FL0127,2026-05-27T01:50:00.000+05:30,ECONOMY,PENDING,4740,853.2,1500,4093.2,PAID
BK03781,PS00884,FL0171,2026-07-17T15:42:00.000+05:30,ECONOMY,CONFIRMED,5169,930.42,2000,4099.42,PAID
BK03782,PS00801,FL0173,2026-05-26T09:11:00.000+05:30,ECONOMY,CONFIRMED,5832,1049.76,2000,4881.76,PAID
BK03783,PS00649,FL0164,2026-08-23T01:16:00.000+05:30,PREMIUM ECONOMY,CONFIRMED,9057,1630.26,0,10687.26,PAID
BK03784,PS00597,FL0142,2026-06-05T17:53:00.000+05:30,PREMIUM ECONOMY,CONFIRMED,10546,1898.28,1000,11444.28,PAID
BK03785,PS00063,FL0002,2026-05-09T11:44:00.000+05:30,ECONOMY,CONFIRMED,4945,890.1,2000,3835.1,PAID
BK03786,PS00722,FL0037,2026-08-22T18:43:00.000+05:30,ECONOMY,CONFIRMED,6221,1119.78,0,7340.78,PAID
BK03787,PS00028,FL0137,2026-06-24T17:20:00.000+05:30,PREMIUM ECONOMY,PENDING,11166,2009.88,2000,11175.88,PAID
BK03788,PS00574,FL0153,2026-06-27T12:05:00.000+05:30,ECONOMY,CONFIRMED,5590,1006.2,0,6596.2,PAID
BK03789,PS00786,FL0043,2026-07-14T12:42:00.000+05:30,FIRST,PENDING,32075,5773.5,500,37348.5,PAID
BK03790,PS00616,FL0145,2026-05-11T12:44:00.000+05:30,ECONOMY,CONFIRMED,6843,1231.74,1500,6574.74,PAID
BK03791,PS00650,FL0052,2026-07-01T12:14:00.000+05:30,BUSINESS,CONFIRMED,17536,3156.48,2000,18692.48,PAID
BK03792,PS00936,FL0141,2026-07-04T23:30:00.000+05:30,ECONOMY,PENDING,6546,1178.28,1500,6224.28,PAID
BK03793,PS00830,FL0101,2026-07-12T19:08:00.000+05:30,ECONOMY,CONFIRMED,5355,963.9,500,5818.9,PAID
BK03794,PS00751,FL0013,2026-06-19T01:09:00.000+05:30,ECONOMY,CANCELLED,5638,1014.84,1000,5652.84,PENDING
BK03795,PS00815,FL0137,2026-07-10T17:20:00.000+05:30,ECONOMY,CONFIRMED,5778,1040.04,1500,5318.04,PAID
BK03796,PS00528,FL0108,2026-06-22T13:18:00.000+05:30,BUSINESS,CONFIRMED,20772,3738.96,2000,22510.96,PAID
BK03797,PS00008,FL0182,2026-04-27T15:10:00.000+05:30,ECONOMY,CONFIRMED,5958,1072.44,2000,5030.44,PAID
BK03798,PS00458,FL0154,2026-05-21T18:41:00.000+05:30,ECONOMY,CONFIRMED,3332,599.76,1500,2431.76,PENDING
BK03799,PS00785,FL0134,2026-07-31T08:42:00.000+05:30,ECONOMY,PENDING,4019,723.42,1000,3742.42,PAID
BK03800,PS00657,FL0144,2026-05-11T23:06:00.000+05:30,BUSINESS,PENDING,20125,3622.5,1500,22247.5,PAID
BK03801,PS00391,FL0007,2026-07-28T19:26:00.000+05:30,ECONOMY,CONFIRMED,7105,1278.9,500,7883.9,PAID
BK03802,PS00385,FL0184,2026-07-06T09:58:00.000+05:30,PREMIUM ECONOMY,CONFIRMED,8212,1478.16,1000,8690.16,PAID
BK03803,PS00369,FL0088,2026-06-13T01:28:00.000+05:30,BUSINESS,CONFIRMED,13103,2358.54,500,14961.54,PAID
BK03804,PS00181,FL0049,2026-05-10T18:21:00.000+05:30,ECONOMY,CONFIRMED,3530,635.4,0,4165.4,PAID
BK03805,PS00762,FL0029,2026-06-15T09:42:00.000+05:30,ECONOMY,CONFIRMED,7161,1288.98,1000,7449.98,PAID
BK03806,PS00300,FL0001,2026-07-20T23:23:00.000+05:30,ECONOMY,CONFIRMED,7650,1377.0,500,8527.0,PAID
BK03807,PS00628,FL0138,2026-04-30T07:55:00.000+05:30,BUSINESS,CONFIRMED,19580,3524.4,2000,21104.4,PAID
BK03808,PS00193,FL0118,2026-07-17T10:51:00.000+05:30,FIRST,CONFIRMED,27460,4942.8,2000,30402.8,PAID
BK03809,PS00625,FL0110,2026-06-16T10:52:00.000+05:30,PREMIUM ECONOMY,CONFIRMED,11608,2089.44,2000,11697.44,PAID
BK03810,PS00442,FL0140,2026-06-05T23:49:00.000+05:30,ECONOMY,CONFIRMED,5859,1054.62,1000,5913.62,PAID
BK03811,PS00691,FL0186,2026-06-17T08:30:00.000+05:30,ECONOMY,CONFIRMED,6572,1182.96,1000,6754.96,PAID
BK03812,PS00962,FL0048,2026-08-01T00:59:00.000+05:30,ECONOMY,CONFIRMED,3695,665.1,2000,2360.1,PAID
BK03813,PS00627,FL0036,2026-07-14T16:28:00.000+05:30,ECONOMY,PENDING,7668,1380.24,1500,7548.24,PAID
BK03814,PS00083,FL0048,2026-04-30T00:59:00.000+05:30,ECONOMY,CONFIRMED,5646,1016.28,0,6662.28,PAID
BK03815,PS00549,FL0197,2026-05-27T20:31:00.000+05:30,BUSINESS,CONFIRMED,13876,2497.68,0,16373.68,PAID
BK03816,PS00259,FL0027,2026-05-19T07:46:00.000+05:30,ECONOMY,CONFIRMED,6879,1238.22,500,7617.22,PAID
BK03817,PS00407,FL0186,2026-07-10T08:30:00.000+05:30,BUSINESS,CONFIRMED,18292,3292.56,0,21584.56,PAID
BK03818,PS00923,FL0120,2026-05-12T21:25:00.000+05:30,FIRST,CONFIRMED,39665,7139.7,500,46304.7,PAID
BK03819,PS00327,FL0142,2026-05-27T17:53:00.000+05:30,BUSINESS,CONFIRMED,16778,3020.04,0,19798.04,PAID
BK03820,PS00145,FL0029,2026-05-30T09:42:00.000+05:30,PREMIUM ECONOMY,CONFIRMED,11621,2091.78,500,13212.78,PENDING
BK03821,PS00881,FL0074,2026-07-21T06:02:00.000+05:30,ECONOMY,PENDING,4488,807.84,2000,3295.84,PENDING
BK03822,PS00256,FL0175,2026-05-03T20:18:00.000+05:30,BUSINESS,CONFIRMED,16568,2982.24,1500,18050.24,PAID
BK03823,PS00948,FL0180,2026-08-12T01:16:00.000+05:30,PREMIUM ECONOMY,CONFIRMED,9008,1621.44,2000,8629.44,PAID
BK03824,PS00218,FL0193,2026-06-04T01:05:00.000+05:30,ECONOMY,CONFIRMED,6848,1232.64,500,7580.64,PAID
BK03825,PS00031,FL0115,2026-05-04T21:48:00.000+05:30,ECONOMY,CONFIRMED,5419,975.42,2000,4394.42,PAID
BK03826,PS00421,FL0155,2026-07-18T06:11:00.000+05:30,PREMIUM ECONOMY,CONFIRMED,9049,1628.82,1000,9677.82,PAID
BK03827,PS00223,FL0051,2026-04-24T00:24:00.000+05:30,ECONOMY,CONFIRMED,4836,870.48,1000,4706.48,PAID
BK03828,PS00794,FL0133,2026-05-27T07:05:00.000+05:30,BUSINESS,CONFIRMED,23399,4211.82,500,27110.82,PAID
BK03829,PS00615,FL0065,2026-07-14T03:33:00.000+05:30,BUSINESS,CONFIRMED,17169,3090.42,500,19759.42,PAID
BK03830,PS00007,FL0038,2026-05-17T08:19:00.000+05:30,ECONOMY,CONFIRMED,4386,789.48,500,4675.48,PAID
BK03831,PS00630,FL0110,2026-05-22T10:52:00.000+05:30,BUSINESS,CONFIRMED,12958,2332.44,500,14790.44,PAID
BK03832,PS00802,FL0097,2026-07-21T09:06:00.000+05:30,ECONOMY,CONFIRMED,7380,1328.4,0,8708.4,PAID
BK03833,PS00985,FL0034,2026-08-11T15:35:00.000+05:30,ECONOMY,CONFIRMED,6825,1228.5,1000,7053.5,PAID
BK03834,PS00373,FL0006,2026-07-03T17:54:00.000+05:30,PREMIUM ECONOMY,CONFIRMED,11112,2000.16,2000,11112.16,PAID
BK03835,PS00187,FL0127,2026-08-23T01:50:00.000+05:30,PREMIUM ECONOMY,CONFIRMED,8184,1473.12,2000,7657.12,PAID
BK03836,PS00710,FL0097,2026-07-22T09:06:00.000+05:30,ECONOMY,CONFIRMED,5052,909.36,1000,4961.36,PAID
BK03837,PS00332,FL0018,2026-06-21T15:36:00.000+05:30,ECONOMY,CONFIRMED,6744,1213.92,1000,6957.92,PAID
BK03838,PS00124,FL0072,2026-05-23T10:20:00.000+05:30,PREMIUM ECONOMY,CONFIRMED,8090,1456.2,500,9046.2,PAID
BK03839,PS00575,FL0109,2026-07-05T05:41:00.000+05:30,BUSINESS,CONFIRMED,21385,3849.3,1500,23734.3,PAID
BK03840,PS00135,FL0192,2026-07-23T12:51:00.000+05:30,FIRST,CONFIRMED,39584,7125.12,1000,45709.12,PAID
BK03841,PS00010,FL0097,2026-05-19T09:06:00.000+05:30,PREMIUM ECONOMY,CONFIRMED,10777,1939.86,1000,11716.86,PAID
BK03842,PS00600,FL0151,2026-06-13T13:13:00.000+05:30,BUSINESS,CONFIRMED,16563,2981.34,2000,17544.34,PAID
BK03843,PS00977,FL0070,2026-08-15T01:52:00.000+05:30,BUSINESS,CONFIRMED,23182,4172.76,0,27354.76,PAID
BK03844,PS00377,FL0050,2026-07-06T22:38:00.000+05:30,ECONOMY,CONFIRMED,6153,1107.54,0,7260.54,PAID
BK03845,PS00589,FL0073,2026-07-04T20:34:00.000+05:30,BUSINESS,CONFIRMED,19597,3527.46,0,23124.46,PAID
BK03846,PS00295,FL0011,2026-06-14T00:09:00.000+05:30,ECONOMY,PENDING,5588,1005.84,1500,5093.84,PAID
BK03847,PS00704,FL0141,2026-06-10T23:30:00.000+05:30,ECONOMY,CONFIRMED,4202,756.36,500,4458.36,PAID
BK03848,PS00486,FL0038,2026-05-09T08:19:00.000+05:30,ECONOMY,CONFIRMED,5283,950.94,1500,4733.94,PAID
BK03849,PS00831,FL0181,2026-07-08T19:53:00.000+05:30,BUSINESS,CANCELLED,21836,3930.48,0,25766.48,PAID
BK03850,PS00647,FL0198,2026-07-24T23:00:00.000+05:30,ECONOMY,PENDING,6883,1238.94,1000,7121.94,PAID
BK03851,PS00213,FL0021,2026-07-25T16:16:00.000+05:30,BUSINESS,CONFIRMED,19485,3507.3,1000,21992.3,PAID
BK03852,PS00102,FL0003,2026-06-11T09:26:00.000+05:30,ECONOMY,CONFIRMED,6195,1115.1,2000,5310.1,PAID
BK03853,PS00360,FL0073,2026-05-29T20:34:00.000+05:30,ECONOMY,CONFIRMED,3348,602.64,1500,2450.64,PAID
BK03854,PS00871,FL0074,2026-05-29T06:02:00.000+05:30,ECONOMY,CONFIRMED,4711,847.98,1500,4058.98,PENDING
BK03855,PS00138,FL0153,2026-06-30T12:05:00.000+05:30,ECONOMY,CONFIRMED,6228,1121.04,1000,6349.04,PAID
BK03856,PS00493,FL0068,2026-06-25T15:44:00.000+05:30,ECONOMY,CONFIRMED,5238,942.84,500,5680.84,PAID
BK03857,PS00457,FL0074,2026-07-23T06:02:00.000+05:30,ECONOMY,CONFIRMED,7432,1337.76,500,8269.76,PAID
BK03858,PS00700,FL0121,2026-07-02T05:51:00.000+05:30,ECONOMY,CONFIRMED,5394,970.92,2000,4364.92,PAID
BK03859,PS00651,FL0102,2026-05-03T16:29:00.000+05:30,ECONOMY,CANCELLED,7638,1374.84,2000,7012.84,PAID
BK03860,PS00346,FL0134,2026-06-16T08:42:00.000+05:30,ECONOMY,CONFIRMED,5034,906.12,0,5940.12,PAID
BK03861,PS00068,FL0191,2026-05-05T00:54:00.000+05:30,FIRST,CONFIRMED,25586,4605.48,1500,28691.48,PAID
BK03862,PS00655,FL0090,2026-07-09T21:05:00.000+05:30,ECONOMY,CONFIRMED,6808,1225.44,2000,6033.44,PAID
BK03863,PS00353,FL0144,2026-05-03T23:06:00.000+05:30,PREMIUM ECONOMY,CONFIRMED,9402,1692.36,2000,9094.36,PAID
BK03864,PS00502,FL0003,2026-06-05T09:26:00.000+05:30,ECONOMY,CONFIRMED,6928,1247.04,500,7675.04,PAID
BK03865,PS00071,FL0072,2026-08-03T10:20:00.000+05:30,ECONOMY,CONFIRMED,7030,1265.4,500,7795.4,PAID
BK03866,PS00301,FL0083,2026-05-14T08:39:00.000+05:30,FIRST,CONFIRMED,38737,6972.66,1500,44209.66,PAID
BK03867,PS00096,FL0014,2026-05-17T13:07:00.000+05:30,ECONOMY,CONFIRMED,6661,1198.98,1500,6359.98,PAID
BK03868,PS00140,FL0095,2026-06-14T03:52:00.000+05:30,ECONOMY,CONFIRMED,7954,1431.72,1000,8385.72,PAID
BK03869,PS00295,FL0154,2026-07-08T18:41:00.000+05:30,PREMIUM ECONOMY,CONFIRMED,9577,1723.86,1500,9800.86,PAID
BK03870,PS00711,FL0116,2026-07-08T12:06:00.000+05:30,ECONOMY,CONFIRMED,3617,651.06,0,4268.06,PAID
BK03871,PS00254,FL0060,2026-04-25T10:13:00.000+05:30,PREMIUM ECONOMY,CONFIRMED,9602,1728.36,2000,9330.36,PAID
BK03872,PS00752,FL0106,2026-05-17T09:14:00.000+05:30,ECONOMY,CONFIRMED,7576,1363.68,1000,7939.68,PAID
BK03873,PS00207,FL0137,2026-06-26T17:20:00.000+05:30,ECONOMY,CONFIRMED,6323,1138.14,1000,6461.14,PAID
BK03874,PS00212,FL0191,2026-06-22T00:54:00.000+05:30,ECONOMY,CANCELLED,4003,720.54,0,4723.54,PAID
BK03875,PS00627,FL0004,2026-07-17T03:45:00.000+05:30,ECONOMY,CONFIRMED,6074,1093.32,1500,5667.32,PAID
BK03876,PS00904,FL0124,2026-05-06T21:31:00.000+05:30,FIRST,CONFIRMED,27174,4891.32,500,31565.32,PAID
BK03877,PS00255,FL0194,2026-07-19T06:24:00.000+05:30,ECONOMY,CONFIRMED,6707,1207.26,0,7914.26,PAID
BK03878,PS00277,FL0192,2026-06-28T12:51:00.000+05:30,PREMIUM ECONOMY,CONFIRMED,11717,2109.06,1500,12326.06,PAID
BK03879,PS00690,FL0125,2026-06-03T07:26:00.000+05:30,BUSINESS,CONFIRMED,17799,3203.82,1500,19502.82,PAID
BK03880,PS00902,FL0159,2026-08-06T00:44:00.000+05:30,ECONOMY,CONFIRMED,6739,1213.02,1500,6452.02,PAID
BK03881,PS00228,FL0179,2026-07-14T17:01:00.000+05:30,ECONOMY,CONFIRMED,4765,857.7,0,5622.7,PAID
BK03882,PS00115,FL0063,2026-07-19T23:44:00.000+05:30,BUSINESS,CONFIRMED,17622,3171.96,1500,19293.96,PAID
BK03883,PS00491,FL0116,2026-07-03T12:06:00.000+05:30,BUSINESS,CONFIRMED,22908,4123.44,1500,25531.44,PENDING
BK03884,PS00251,FL0030,2026-08-04T04:05:00.000+05:30,ECONOMY,CONFIRMED,6757,1216.26,0,7973.26,PAID
BK03885,PS00410,FL0196,2026-04-28T00:36:00.000+05:30,BUSINESS,CONFIRMED,18550,3339.0,1500,20389.0,PENDING
BK03886,PS00679,FL0170,2026-06-25T02:40:00.000+05:30,ECONOMY,CONFIRMED,4006,721.08,1000,3727.08,PAID
BK03887,PS00139,FL0023,2026-06-25T20:11:00.000+05:30,ECONOMY,CONFIRMED,5838,1050.84,500,6388.84,PAID
BK03888,PS00987,FL0007,2026-08-09T19:26:00.000+05:30,FIRST,CONFIRMED,31055,5589.9,1000,35644.9,PAID
BK03889,PS00103,FL0198,2026-04-19T23:00:00.000+05:30,ECONOMY,CONFIRMED,7783,1400.94,0,9183.94,PAID
BK03890,PS00022,FL0089,2026-07-12T02:36:00.000+05:30,ECONOMY,PENDING,4182,752.76,1500,3434.76,PAID
BK03891,PS00533,FL0093,2026-05-28T07:37:00.000+05:30,ECONOMY,CONFIRMED,3643,655.74,500,3798.74,PAID
BK03892,PS00865,FL0060,2026-07-05T10:13:00.000+05:30,BUSINESS,CONFIRMED,22613,4070.34,1000,25683.34,PAID
BK03893,PS00728,FL0129,2026-04-11T13:09:00.000+05:30,PREMIUM ECONOMY,CANCELLED,10229,1841.22,500,11570.22,PAID
BK03894,PS00946,FL0023,2026-08-01T20:11:00.000+05:30,PREMIUM ECONOMY,CONFIRMED,9313,1676.34,1500,9489.34,PAID
BK03895,PS00735,FL0100,2026-07-03T18:25:00.000+05:30,ECONOMY,CONFIRMED,4251,765.18,1500,3516.18,PENDING
BK03896,PS00764,FL0188,2026-07-26T03:01:00.000+05:30,PREMIUM ECONOMY,CONFIRMED,8283,1490.94,500,9273.94,PAID
BK03897,PS00777,FL0048,2026-06-07T00:59:00.000+05:30,ECONOMY,CONFIRMED,6304,1134.72,0,7438.72,PAID
BK03898,PS00814,FL0045,2026-07-10T16:40:00.000+05:30,ECONOMY,CONFIRMED,5232,941.76,500,5673.76,PAID
BK03899,PS00750,FL0148,2026-06-01T19:51:00.000+05:30,FIRST,CONFIRMED,37484,6747.12,1500,42731.12,PAID
BK03900,PS00125,FL0008,2026-06-14T07:56:00.000+05:30,ECONOMY,CONFIRMED,5941,1069.38,0,7010.38,PAID
BK03901,PS00507,FL0174,2026-05-19T03:12:00.000+05:30,BUSINESS,CONFIRMED,13644,2455.92,1000,15099.92,PAID
BK03902,PS00440,FL0031,2026-04-20T06:23:00.000+05:30,ECONOMY,CONFIRMED,4705,846.9,500,5051.9,PAID
BK03903,PS00081,FL0004,2026-05-20T03:45:00.000+05:30,ECONOMY,CONFIRMED,6379,1148.22,2000,5527.22,PAID
BK03904,PS00109,FL0080,2026-08-06T23:54:00.000+05:30,FIRST,CONFIRMED,31705,5706.9,2000,35411.9,PAID
BK03905,PS00313,FL0018,2026-05-25T15:36:00.000+05:30,ECONOMY,PENDING,6146,1106.28,1500,5752.28,PAID
BK03906,PS00796,FL0036,2026-04-28T16:28:00.000+05:30,BUSINESS,CONFIRMED,16116,2900.88,500,18516.88,PAID
BK03907,PS00942,FL0118,2026-07-08T10:51:00.000+05:30,ECONOMY,CONFIRMED,5647,1016.46,0,6663.46,PAID
BK03908,PS00838,FL0165,2026-05-27T14:40:00.000+05:30,ECONOMY,CONFIRMED,7450,1341.0,0,8791.0,PAID
BK03909,PS00979,FL0052,2026-08-01T12:14:00.000+05:30,ECONOMY,CONFIRMED,3361,604.98,1500,2465.98,PAID
BK03910,PS00030,FL0114,2026-08-06T15:23:00.000+05:30,FIRST,CONFIRMED,38965,7013.7,1000,44978.7,REFUNDED
BK03911,PS00502,FL0079,2026-06-17T02:26:00.000+05:30,ECONOMY,PENDING,7168,1290.24,1000,7458.24,PENDING
BK03912,PS00738,FL0069,2026-07-31T23:07:00.000+05:30,PREMIUM ECONOMY,CONFIRMED,8510,1531.8,2000,8041.8,PAID
BK03913,PS00441,FL0014,2026-05-09T13:07:00.000+05:30,ECONOMY,CONFIRMED,6076,1093.68,0,7169.68,PAID
BK03914,PS00752,FL0152,2026-05-10T13:38:00.000+05:30,PREMIUM ECONOMY,CONFIRMED,11953,2151.54,1000,13104.54,PAID
BK03915,PS00368,FL0114,2026-06-29T15:23:00.000+05:30,ECONOMY,PENDING,5596,1007.28,0,6603.28,PAID
BK03916,PS00315,FL0172,2026-06-09T13:45:00.000+05:30,BUSINESS,CONFIRMED,12355,2223.9,1500,13078.9,PAID
BK03917,PS00428,FL0090,2026-08-14T21:05:00.000+05:30,ECONOMY,CONFIRMED,3202,576.36,2000,1778.36,PAID
BK03918,PS00554,FL0097,2026-07-14T09:06:00.000+05:30,ECONOMY,CONFIRMED,4583,824.94,0,5407.94,PAID
BK03919,PS00278,FL0110,2026-07-18T10:52:00.000+05:30,BUSINESS,CONFIRMED,23534,4236.12,2000,25770.12,PAID
BK03920,PS00457,FL0035,2026-05-08T03:33:00.000+05:30,ECONOMY,CONFIRMED,7754,1395.72,1500,7649.72,PAID
BK03921,PS00294,FL0037,2026-08-11T18:43:00.000+05:30,PREMIUM ECONOMY,CONFIRMED,11866,2135.88,500,13501.88,PAID
BK03922,PS00691,FL0059,2026-08-03T04:58:00.000+05:30,BUSINESS,CONFIRMED,13987,2517.66,500,16004.66,PAID
BK03923,PS00154,FL0165,2026-05-20T14:40:00.000+05:30,ECONOMY,CONFIRMED,3085,555.3,1500,2140.3,PAID
BK03924,PS00800,FL0174,2026-06-25T03:12:00.000+05:30,FIRST,CONFIRMED,35953,6471.54,1500,40924.54,PAID
BK03925,PS00881,FL0078,2026-07-14T14:17:00.000+05:30,PREMIUM ECONOMY,CONFIRMED,10912,1964.16,2000,10876.16,PAID
BK03926,PS00381,FL0183,2026-08-01T22:19:00.000+05:30,FIRST,CONFIRMED,39776,7159.68,1000,45935.68,PAID
BK03927,PS00542,FL0170,2026-06-25T02:40:00.000+05:30,ECONOMY,CONFIRMED,4193,754.74,2000,2947.74,REFUNDED
BK03928,PS00351,FL0183,2026-07-25T22:19:00.000+05:30,ECONOMY,PENDING,6109,1099.62,1500,5708.62,PAID
BK03929,PS00311,FL0155,2026-05-16T06:11:00.000+05:30,ECONOMY,PENDING,3002,540.36,1500,2042.36,PAID
BK03930,PS00254,FL0005,2026-04-17T10:57:00.000+05:30,PREMIUM ECONOMY,PENDING,10726,1930.68,2000,10656.68,PAID
BK03931,PS00737,FL0034,2026-05-05T15:35:00.000+05:30,ECONOMY,PENDING,7935,1428.3,1000,8363.3,PAID
BK03932,PS00655,FL0099,2026-05-15T13:57:00.000+05:30,BUSINESS,CONFIRMED,21031,3785.58,500,24316.58,REFUNDED
BK03933,PS00583,FL0136,2026-06-11T00:00:00.000+05:30,ECONOMY,CONFIRMED,4776,859.68,2000,3635.68,PAID
BK03934,PS00298,FL0030,2026-05-25T04:05:00.000+05:30,ECONOMY,CONFIRMED,5746,1034.28,0,6780.28,PAID
BK03935,PS00999,FL0020,2026-05-01T17:18:00.000+05:30,ECONOMY,CONFIRMED,4373,787.14,1500,3660.14,PAID
BK03936,PS00892,FL0046,2026-07-10T20:49:00.000+05:30,BUSINESS,CONFIRMED,18068,3252.24,1000,20320.24,PAID
BK03937,PS00145,FL0160,2026-06-23T03:28:00.000+05:30,PREMIUM ECONOMY,CONFIRMED,9564,1721.52,0,11285.52,PAID
BK03938,PS00329,FL0142,2026-08-03T17:53:00.000+05:30,ECONOMY,CONFIRMED,3410,613.8,1500,2523.8,PAID
BK03939,PS00007,FL0006,2026-05-07T17:54:00.000+05:30,ECONOMY,CONFIRMED,3584,645.12,0,4229.12,PAID
BK03940,PS00666,FL0145,2026-05-17T12:44:00.000+05:30,ECONOMY,CONFIRMED,3994,718.92,2000,2712.92,PAID
BK03941,PS00856,FL0090,2026-05-15T21:05:00.000+05:30,PREMIUM ECONOMY,CONFIRMED,10047,1808.46,1000,10855.46,PAID
BK03942,PS00590,FL0045,2026-08-17T16:40:00.000+05:30,ECONOMY,CONFIRMED,7262,1307.16,1000,7569.16,PAID
BK03943,PS00027,FL0136,2026-06-12T00:00:00.000+05:30,ECONOMY,CONFIRMED,4476,805.68,0,5281.68,PAID
BK03944,PS00400,FL0096,2026-05-04T20:50:00.000+05:30,ECONOMY,CONFIRMED,7935,1428.3,1500,7863.3,PAID
BK03945,PS00796,FL0059,2026-05-05T04:58:00.000+05:30,ECONOMY,CONFIRMED,7229,1301.22,2000,6530.22,PAID
BK03946,PS00360,FL0098,2026-05-16T19:28:00.000+05:30,PREMIUM ECONOMY,CONFIRMED,9184,1653.12,0,10837.12,PAID
BK03947,PS00623,FL0049,2026-07-19T18:21:00.000+05:30,ECONOMY,PENDING,3812,686.16,0,4498.16,PAID
BK03948,PS00228,FL0014,2026-06-25T13:07:00.000+05:30,ECONOMY,CONFIRMED,5639,1015.02,500,6154.02,PAID
BK03949,PS00057,FL0157,2026-06-18T00:55:00.000+05:30,ECONOMY,CONFIRMED,7754,1395.72,500,8649.72,PAID
BK03950,PS00656,FL0145,2026-06-22T12:44:00.000+05:30,ECONOMY,CONFIRMED,4537,816.66,1000,4353.66,PAID
BK03951,PS00413,FL0094,2026-07-05T06:12:00.000+05:30,BUSINESS,CONFIRMED,18130,3263.4,1500,19893.4,PAID
BK03952,PS00745,FL0092,2026-07-01T01:56:00.000+05:30,ECONOMY,CONFIRMED,7635,1374.3,1000,8009.3,PAID
BK03953,PS00673,FL0001,2026-08-17T23:23:00.000+05:30,FIRST,CONFIRMED,36035,6486.3,1000,41521.3,PAID
BK03954,PS00944,FL0105,2026-07-13T18:58:00.000+05:30,ECONOMY,CONFIRMED,3752,675.36,2000,2427.36,PAID
BK03955,PS00336,FL0024,2026-08-10T06:29:00.000+05:30,ECONOMY,CONFIRMED,7452,1341.36,1500,7293.36,PAID
BK03956,PS00018,FL0026,2026-06-01T22:05:00.000+05:30,ECONOMY,CONFIRMED,7930,1427.4,500,8857.4,PAID
BK03957,PS00846,FL0156,2026-05-06T04:18:00.000+05:30,BUSINESS,PENDING,19240,3463.2,500,22203.2,PAID
BK03958,PS00920,FL0043,2026-06-13T12:42:00.000+05:30,ECONOMY,CONFIRMED,7380,1328.4,1000,7708.4,PAID
BK03959,PS00650,FL0106,2026-06-23T09:14:00.000+05:30,ECONOMY,PENDING,4685,843.3,1000,4528.3,PENDING
BK03960,PS00383,FL0141,2026-05-14T23:30:00.000+05:30,ECONOMY,CONFIRMED,7106,1279.08,0,8385.08,PAID
BK03961,PS00769,FL0002,2026-06-12T11:44:00.000+05:30,ECONOMY,CONFIRMED,7644,1375.92,500,8519.92,PAID
BK03962,PS00032,FL0023,2026-05-21T20:11:00.000+05:30,ECONOMY,CONFIRMED,6780,1220.4,1000,7000.4,PAID
BK03963,PS00583,FL0169,2026-06-29T14:48:00.000+05:30,ECONOMY,CONFIRMED,3945,710.1,1500,3155.1,PAID
BK03964,PS00417,FL0138,2026-07-26T07:55:00.000+05:30,PREMIUM ECONOMY,CONFIRMED,10277,1849.86,1500,10626.86,PAID
BK03965,PS00808,FL0001,2026-06-28T23:23:00.000+05:30,FIRST,CONFIRMED,30215,5438.7,2000,33653.7,PAID
BK03966,PS00589,FL0161,2026-05-16T20:10:00.000+05:30,ECONOMY,CONFIRMED,7438,1338.84,2000,6776.84,PAID
BK03967,PS00075,FL0033,2026-08-18T08:26:00.000+05:30,ECONOMY,CONFIRMED,3743,673.74,1000,3416.74,PAID
BK03968,PS00786,FL0097,2026-06-06T09:06:00.000+05:30,ECONOMY,CONFIRMED,7278,1310.04,0,8588.04,PAID
BK03969,PS00284,FL0016,2026-08-06T06:12:00.000+05:30,ECONOMY,CONFIRMED,3596,647.28,500,3743.28,PAID
BK03970,PS00964,FL0101,2026-08-11T19:08:00.000+05:30,ECONOMY,CONFIRMED,3998,719.64,500,4217.64,PAID
BK03971,PS00735,FL0028,2026-08-14T20:11:00.000+05:30,BUSINESS,CONFIRMED,12062,2171.16,0,14233.16,PAID
BK03972,PS00065,FL0055,2026-07-25T04:48:00.000+05:30,PREMIUM ECONOMY,CONFIRMED,9617,1731.06,500,10848.06,PAID
BK03973,PS00808,FL0072,2026-05-13T10:20:00.000+05:30,BUSINESS,CONFIRMED,23847,4292.46,500,27639.46,PAID
BK03974,PS00543,FL0137,2026-07-13T17:20:00.000+05:30,ECONOMY,CONFIRMED,3034,546.12,0,3580.12,PAID
BK03975,PS00912,FL0081,2026-07-07T20:53:00.000+05:30,FIRST,CONFIRMED,37907,6823.26,0,44730.26,REFUNDED
BK03976,PS00778,FL0070,2026-05-02T01:52:00.000+05:30,ECONOMY,CONFIRMED,3965,713.7,500,4178.7,PAID
BK03977,PS00094,FL0153,2026-05-21T12:05:00.000+05:30,ECONOMY,PENDING,6871,1236.78,0,8107.78,PENDING
BK03978,PS00202,FL0077,2026-07-15T02:30:00.000+05:30,ECONOMY,CONFIRMED,3023,544.14,1500,2067.14,PAID
BK03979,PS00699,FL0126,2026-04-30T21:39:00.000+05:30,ECONOMY,CONFIRMED,4239,763.02,1000,4002.02,PAID
BK03980,PS00553,FL0008,2026-06-30T07:56:00.000+05:30,ECONOMY,CONFIRMED,4999,899.82,1000,4898.82,PAID
BK03981,PS00351,FL0162,2026-05-04T12:14:00.000+05:30,ECONOMY,CONFIRMED,6134,1104.12,1500,5738.12,PAID
BK03982,PS00289,FL0064,2026-05-28T02:15:00.000+05:30,ECONOMY,CONFIRMED,3640,655.2,2000,2295.2,PAID
BK03983,PS00883,FL0073,2026-04-23T20:34:00.000+05:30,ECONOMY,CONFIRMED,6812,1226.16,2000,6038.16,PAID
BK03984,PS00698,FL0032,2026-08-08T00:14:00.000+05:30,BUSINESS,CONFIRMED,23718,4269.24,0,27987.24,PAID
BK03985,PS00667,FL0070,2026-07-06T01:52:00.000+05:30,ECONOMY,CONFIRMED,5693,1024.74,2000,4717.74,PAID
BK03986,PS00280,FL0097,2026-07-23T09:06:00.000+05:30,ECONOMY,CONFIRMED,4634,834.12,1000,4468.12,PAID
BK03987,PS00613,FL0187,2026-06-07T10:08:00.000+05:30,ECONOMY,CONFIRMED,6011,1081.98,1500,5592.98,PAID
BK03988,PS00007,FL0181,2026-07-29T19:53:00.000+05:30,ECONOMY,CONFIRMED,6931,1247.58,500,7678.58,PAID
BK03989,PS00730,FL0173,2026-06-03T09:11:00.000+05:30,ECONOMY,PENDING,7574,1363.32,1000,7937.32,PAID
BK03990,PS00455,FL0035,2026-04-15T03:33:00.000+05:30,PREMIUM ECONOMY,CONFIRMED,11925,2146.5,2000,12071.5,PAID
BK03991,PS00158,FL0180,2026-07-02T01:16:00.000+05:30,ECONOMY,CONFIRMED,5066,911.88,0,5977.88,PAID
BK03992,PS00830,FL0103,2026-07-04T09:18:00.000+05:30,PREMIUM ECONOMY,CONFIRMED,10311,1855.98,500,11666.98,PAID
BK03993,PS00341,FL0015,2026-05-12T01:50:00.000+05:30,ECONOMY,CANCELLED,6707,1207.26,0,7914.26,REFUNDED
BK03994,PS00696,FL0052,2026-06-19T12:14:00.000+05:30,ECONOMY,PENDING,3145,566.1,500,3211.1,PAID
BK03995,PS00374,FL0041,2026-06-04T01:48:00.000+05:30,ECONOMY,CONFIRMED,6428,1157.04,1000,6585.04,PAID
BK03996,PS00455,FL0136,2026-06-17T00:00:00.000+05:30,ECONOMY,CONFIRMED,5251,945.18,1000,5196.18,PAID
BK03997,PS00452,FL0145,2026-08-04T12:44:00.000+05:30,ECONOMY,CONFIRMED,3724,670.32,500,3894.32,PENDING
BK03998,PS00351,FL0108,2026-06-17T13:18:00.000+05:30,ECONOMY,CONFIRMED,3889,700.02,1500,3089.02,PAID
BK03999,PS00094,FL0115,2026-06-21T21:48:00.000+05:30,ECONOMY,CONFIRMED,3372,606.96,0,3978.96,PENDING
BK04000,PS00678,FL0039,2026-05-31T01:47:00.000+05:30,PREMIUM ECONOMY,CONFIRMED,9676,1741.68,0,11417.68,PAID
BK04001,PS00149,FL0173,2026-08-15T09:11:00.000+05:30,ECONOMY,CONFIRMED,3659,658.62,1500,2817.62,PAID
BK04002,PS00600,FL0124,2026-08-07T21:31:00.000+05:30,PREMIUM ECONOMY,CONFIRMED,10827,1948.86,2000,10775.86,PAID
BK04003,PS00810,FL0179,2026-06-12T17:01:00.000+05:30,ECONOMY,CONFIRMED,4703,846.54,1500,4049.54,PAID
BK04004,PS00286,FL0121,2026-08-13T05:51:00.000+05:30,ECONOMY,CONFIRMED,4261,766.98,1000,4027.98,PAID
BK04005,PS00332,FL0042,2026-07-19T08:07:00.000+05:30,ECONOMY,CONFIRMED,5001,900.18,2000,3901.18,PAID
BK04006,PS00879,FL0013,2026-06-15T01:09:00.000+05:30,ECONOMY,CONFIRMED,4384,789.12,500,4673.12,PENDING
BK04007,PS00524,FL0168,2026-05-30T15:47:00.000+05:30,ECONOMY,CONFIRMED,7545,1358.1,500,8403.1,PAID
BK04008,PS00107,FL0179,2026-07-17T17:01:00.000+05:30,ECONOMY,CONFIRMED,6294,1132.92,0,7426.92,PAID
BK04009,PS00514,FL0142,2026-08-01T17:53:00.000+05:30,ECONOMY,CONFIRMED,3850,693.0,500,4043.0,PAID
BK04010,PS00147,FL0076,2026-05-17T04:07:00.000+05:30,ECONOMY,CONFIRMED,6676,1201.68,1500,6377.68,PAID
BK04011,PS00010,FL0026,2026-05-01T22:05:00.000+05:30,ECONOMY,CONFIRMED,7869,1416.42,1500,7785.42,PAID
BK04012,PS00623,FL0112,2026-06-19T02:49:00.000+05:30,ECONOMY,CONFIRMED,5666,1019.88,1000,5685.88,PAID
BK04013,PS00112,FL0101,2026-05-31T19:08:00.000+05:30,ECONOMY,CONFIRMED,6913,1244.34,500,7657.34,PAID
BK04014,PS00717,FL0130,2026-07-23T16:26:00.000+05:30,PREMIUM ECONOMY,CONFIRMED,9417,1695.06,500,10612.06,PAID
BK04015,PS00006,FL0174,2026-08-02T03:12:00.000+05:30,ECONOMY,CONFIRMED,4485,807.3,2000,3292.3,PAID
BK04016,PS00257,FL0006,2026-07-15T17:54:00.000+05:30,ECONOMY,CONFIRMED,4199,755.82,1500,3454.82,PAID
BK04017,PS00065,FL0026,2026-08-09T22:05:00.000+05:30,BUSINESS,CONFIRMED,18589,3346.02,1000,20935.02,PAID
BK04018,PS00060,FL0062,2026-04-30T12:00:00.000+05:30,ECONOMY,CONFIRMED,5509,991.62,1500,5000.62,PAID
BK04019,PS00334,FL0025,2026-05-18T17:16:00.000+05:30,ECONOMY,CONFIRMED,7434,1338.12,1500,7272.12,PAID
BK04020,PS00455,FL0176,2026-08-05T02:41:00.000+05:30,BUSINESS,CONFIRMED,21497,3869.46,1500,23866.46,REFUNDED
BK04021,PS00259,FL0095,2026-08-09T03:52:00.000+05:30,ECONOMY,CANCELLED,7550,1359.0,500,8409.0,PAID
BK04022,PS00534,FL0039,2026-05-06T01:47:00.000+05:30,ECONOMY,CONFIRMED,4565,821.7,1500,3886.7,PAID
BK04023,PS00185,FL0131,2026-05-27T17:30:00.000+05:30,ECONOMY,CONFIRMED,7011,1261.98,1000,7272.98,PAID
BK04024,PS00938,FL0039,2026-08-03T01:47:00.000+05:30,ECONOMY,CONFIRMED,5439,979.02,1000,5418.02,PAID
BK04025,PS00678,FL0143,2026-07-17T16:54:00.000+05:30,ECONOMY,CONFIRMED,3259,586.62,1000,2845.62,PAID
BK04026,PS00661,FL0128,2026-07-05T00:01:00.000+05:30,ECONOMY,CONFIRMED,7670,1380.6,1000,8050.6,PAID
BK04027,PS00461,FL0178,2026-07-02T07:36:00.000+05:30,BUSINESS,CONFIRMED,24559,4420.62,500,28479.62,PAID
BK04028,PS00972,FL0063,2026-07-22T23:44:00.000+05:30,ECONOMY,CONFIRMED,5529,995.22,0,6524.22,PAID
BK04029,PS00718,FL0045,2026-06-03T16:40:00.000+05:30,ECONOMY,CANCELLED,4452,801.36,500,4753.36,PAID
BK04030,PS00184,FL0097,2026-07-06T09:06:00.000+05:30,ECONOMY,CONFIRMED,7363,1325.34,1500,7188.34,PAID
BK04031,PS00731,FL0034,2026-08-11T15:35:00.000+05:30,BUSINESS,CONFIRMED,20260,3646.8,2000,21906.8,PAID
BK04032,PS00850,FL0145,2026-05-17T12:44:00.000+05:30,ECONOMY,CONFIRMED,6581,1184.58,500,7265.58,PAID
BK04033,PS00803,FL0072,2026-06-06T10:20:00.000+05:30,BUSINESS,CONFIRMED,12233,2201.94,0,14434.94,PAID
BK04034,PS00865,FL0132,2026-05-28T20:02:00.000+05:30,ECONOMY,CONFIRMED,5426,976.68,2000,4402.68,PAID
BK04035,PS00470,FL0161,2026-04-23T20:10:00.000+05:30,ECONOMY,CONFIRMED,3467,624.06,1500,2591.06,PAID
BK04036,PS00959,FL0190,2026-06-08T12:08:00.000+05:30,PREMIUM ECONOMY,CONFIRMED,9075,1633.5,1500,9208.5,PAID
BK04037,PS00113,FL0178,2026-04-26T07:36:00.000+05:30,PREMIUM ECONOMY,CONFIRMED,8079,1454.22,2000,7533.22,PENDING
BK04038,PS00226,FL0002,2026-06-02T11:44:00.000+05:30,ECONOMY,PENDING,4628,833.04,1500,3961.04,PAID
BK04039,PS00208,FL0117,2026-05-26T05:35:00.000+05:30,ECONOMY,CONFIRMED,5388,969.84,0,6357.84,PAID
BK04040,PS00639,FL0018,2026-07-21T15:36:00.000+05:30,ECONOMY,CONFIRMED,6244,1123.92,0,7367.92,PAID
BK04041,PS00424,FL0078,2026-05-24T14:17:00.000+05:30,BUSINESS,CONFIRMED,15180,2732.4,0,17912.4,PAID
BK04042,PS00346,FL0144,2026-05-11T23:06:00.000+05:30,BUSINESS,CONFIRMED,18776,3379.68,2000,20155.68,PAID
BK04043,PS00386,FL0144,2026-05-20T23:06:00.000+05:30,ECONOMY,CONFIRMED,5372,966.96,1000,5338.96,PAID
BK04044,PS00177,FL0193,2026-06-28T01:05:00.000+05:30,ECONOMY,CONFIRMED,4445,800.1,1000,4245.1,PAID
BK04045,PS00056,FL0194,2026-07-18T06:24:00.000+05:30,ECONOMY,CONFIRMED,5722,1029.96,1500,5251.96,PAID
BK04046,PS00020,FL0036,2026-07-02T16:28:00.000+05:30,ECONOMY,CONFIRMED,6399,1151.82,2000,5550.82,PAID
BK04047,PS00560,FL0019,2026-05-15T01:43:00.000+05:30,PREMIUM ECONOMY,CONFIRMED,11073,1993.14,1500,11566.14,PAID
BK04048,PS00334,FL0178,2026-05-16T07:36:00.000+05:30,PREMIUM ECONOMY,CONFIRMED,10899,1961.82,1500,11360.82,PAID
BK04049,PS00468,FL0080,2026-06-06T23:54:00.000+05:30,PREMIUM ECONOMY,CONFIRMED,10682,1922.76,0,12604.76,PAID
BK04050,PS00797,FL0036,2026-08-09T16:28:00.000+05:30,ECONOMY,CONFIRMED,3884,699.12,2000,2583.12,PAID
BK04051,PS00649,FL0014,2026-04-22T13:07:00.000+05:30,ECONOMY,CONFIRMED,6004,1080.72,2000,5084.72,PAID
BK04052,PS00800,FL0178,2026-07-03T07:36:00.000+05:30,FIRST,CONFIRMED,25560,4600.8,1500,28660.8,PAID
BK04053,PS00792,FL0046,2026-08-27T20:49:00.000+05:30,ECONOMY,CONFIRMED,3964,713.52,1500,3177.52,PAID
BK04054,PS00583,FL0180,2026-05-06T01:16:00.000+05:30,PREMIUM ECONOMY,CONFIRMED,10451,1881.18,0,12332.18,PAID
BK04055,PS00310,FL0039,2026-05-12T01:47:00.000+05:30,FIRST,CONFIRMED,28323,5098.14,2000,31421.14,PAID
BK04056,PS00444,FL0159,2026-07-26T00:44:00.000+05:30,ECONOMY,CONFIRMED,4157,748.26,1000,3905.26,PAID
BK04057,PS00369,FL0146,2026-08-03T07:42:00.000+05:30,ECONOMY,CONFIRMED,6491,1168.38,2000,5659.38,PAID
BK04058,PS00450,FL0160,2026-07-27T03:28:00.000+05:30,ECONOMY,CONFIRMED,5410,973.8,500,5883.8,PAID
BK04059,PS00270,FL0060,2026-07-12T10:13:00.000+05:30,ECONOMY,CONFIRMED,3920,705.6,0,4625.6,PENDING
BK04060,PS00817,FL0115,2026-04-23T21:48:00.000+05:30,ECONOMY,CONFIRMED,3354,603.72,0,3957.72,PAID
BK04061,PS00935,FL0079,2026-06-28T02:26:00.000+05:30,ECONOMY,CANCELLED,6025,1084.5,500,6609.5,PAID
BK04062,PS00934,FL0117,2026-05-20T05:35:00.000+05:30,ECONOMY,CONFIRMED,7649,1376.82,1000,8025.82,PAID
BK04063,PS00370,FL0079,2026-07-12T02:26:00.000+05:30,BUSINESS,CONFIRMED,22870,4116.6,2000,24986.6,PAID
BK04064,PS00856,FL0064,2026-05-05T02:15:00.000+05:30,FIRST,CONFIRMED,25426,4576.68,500,29502.68,PAID
BK04065,PS00758,FL0021,2026-07-21T16:16:00.000+05:30,ECONOMY,CONFIRMED,3735,672.3,2000,2407.3,PAID
BK04066,PS00672,FL0018,2026-06-01T15:36:00.000+05:30,ECONOMY,CONFIRMED,7135,1284.3,500,7919.3,PAID
BK04067,PS00545,FL0064,2026-08-03T02:15:00.000+05:30,ECONOMY,PENDING,6449,1160.82,1000,6609.82,PAID
BK04068,PS00727,FL0016,2026-07-20T06:12:00.000+05:30,ECONOMY,CANCELLED,6986,1257.48,1000,7243.48,PAID
BK04069,PS00689,FL0006,2026-08-11T17:54:00.000+05:30,ECONOMY,CONFIRMED,6105,1098.9,1000,6203.9,PAID
BK04070,PS00292,FL0002,2026-04-13T11:44:00.000+05:30,ECONOMY,CONFIRMED,5261,946.98,1000,5207.98,PAID
BK04071,PS00503,FL0003,2026-06-22T09:26:00.000+05:30,ECONOMY,CANCELLED,6411,1153.98,1000,6564.98,PAID
BK04072,PS00584,FL0153,2026-07-21T12:05:00.000+05:30,PREMIUM ECONOMY,CONFIRMED,11238,2022.84,0,13260.84,PAID
BK04073,PS00957,FL0096,2026-08-07T20:50:00.000+05:30,ECONOMY,CONFIRMED,7505,1350.9,1000,7855.9,PAID
BK04074,PS00138,FL0072,2026-08-18T10:20:00.000+05:30,ECONOMY,CONFIRMED,3793,682.74,1000,3475.74,PAID
BK04075,PS00302,FL0139,2026-05-17T12:04:00.000+05:30,ECONOMY,PENDING,3318,597.24,1500,2415.24,PAID
BK04076,PS00705,FL0077,2026-08-11T02:30:00.000+05:30,ECONOMY,CONFIRMED,7039,1267.02,500,7806.02,PENDING
BK04077,PS00240,FL0074,2026-06-08T06:02:00.000+05:30,ECONOMY,CONFIRMED,6452,1161.36,1500,6113.36,PAID
BK04078,PS00437,FL0067,2026-07-26T02:49:00.000+05:30,ECONOMY,CONFIRMED,5202,936.36,2000,4138.36,PAID
BK04079,PS00194,FL0131,2026-05-17T17:30:00.000+05:30,ECONOMY,CANCELLED,7820,1407.6,500,8727.6,PAID
BK04080,PS00738,FL0116,2026-05-21T12:06:00.000+05:30,ECONOMY,CONFIRMED,6672,1200.96,500,7372.96,PAID
BK04081,PS00823,FL0146,2026-04-16T07:42:00.000+05:30,FIRST,CONFIRMED,30455,5481.9,1000,34936.9,PAID
BK04082,PS00217,FL0137,2026-05-03T17:20:00.000+05:30,ECONOMY,CONFIRMED,4421,795.78,1500,3716.78,PAID
BK04083,PS00141,FL0053,2026-05-06T05:02:00.000+05:30,BUSINESS,CONFIRMED,22099,3977.82,0,26076.82,PAID
BK04084,PS00384,FL0138,2026-08-13T07:55:00.000+05:30,FIRST,CONFIRMED,28494,5128.92,2000,31622.92,PAID
BK04085,PS00596,FL0047,2026-06-27T02:11:00.000+05:30,ECONOMY,CONFIRMED,4829,869.22,500,5198.22,PAID
BK04086,PS00149,FL0034,2026-07-24T15:35:00.000+05:30,ECONOMY,CONFIRMED,7264,1307.52,1500,7071.52,PAID
BK04087,PS00072,FL0040,2026-06-28T17:55:00.000+05:30,ECONOMY,CONFIRMED,3441,619.38,2000,2060.38,PAID
BK04088,PS00478,FL0056,2026-06-16T11:12:00.000+05:30,ECONOMY,CONFIRMED,3064,551.52,500,3115.52,PAID
BK04089,PS00295,FL0171,2026-08-08T15:42:00.000+05:30,PREMIUM ECONOMY,CONFIRMED,10248,1844.64,0,12092.64,PAID
BK04090,PS00160,FL0168,2026-04-11T15:47:00.000+05:30,ECONOMY,CONFIRMED,5534,996.12,0,6530.12,PAID
BK04091,PS00848,FL0037,2026-07-24T18:43:00.000+05:30,ECONOMY,PENDING,3030,545.4,2000,1575.4,PAID
BK04092,PS00859,FL0056,2026-07-17T11:12:00.000+05:30,ECONOMY,PENDING,4104,738.72,0,4842.72,PAID
BK04093,PS00928,FL0135,2026-07-05T12:36:00.000+05:30,ECONOMY,CONFIRMED,5483,986.94,2000,4469.94,PENDING
BK04094,PS00385,FL0020,2026-08-15T17:18:00.000+05:30,FIRST,CONFIRMED,35806,6445.08,1500,40751.08,PAID
BK04095,PS00722,FL0185,2026-08-12T12:51:00.000+05:30,ECONOMY,CONFIRMED,4571,822.78,1500,3893.78,PAID
BK04096,PS00974,FL0170,2026-06-19T02:40:00.000+05:30,PREMIUM ECONOMY,CONFIRMED,9225,1660.5,0,10885.5,PAID
BK04097,PS00902,FL0074,2026-07-17T06:02:00.000+05:30,FIRST,CANCELLED,30603,5508.54,500,35611.54,PAID
BK04098,PS00934,FL0163,2026-04-23T08:18:00.000+05:30,ECONOMY,CONFIRMED,7301,1314.18,1500,7115.18,PAID
BK04099,PS00008,FL0127,2026-08-03T01:50:00.000+05:30,ECONOMY,CONFIRMED,7811,1405.98,2000,7216.98,PAID
BK04100,PS00958,FL0160,2026-06-28T03:28:00.000+05:30,PREMIUM ECONOMY,CONFIRMED,8647,1556.46,0,10203.46,PAID
BK04101,PS00641,FL0065,2026-06-08T03:33:00.000+05:30,ECONOMY,CONFIRMED,5680,1022.4,0,6702.4,PAID
BK04102,PS00422,FL0147,2026-05-03T14:49:00.000+05:30,PREMIUM ECONOMY,CONFIRMED,10785,1941.3,1500,11226.3,PAID
BK04103,PS00831,FL0017,2026-05-18T08:56:00.000+05:30,BUSINESS,CONFIRMED,13695,2465.1,500,15660.1,PAID
BK04104,PS00243,FL0131,2026-05-07T17:30:00.000+05:30,ECONOMY,CONFIRMED,4082,734.76,500,4316.76,PAID
BK04105,PS00591,FL0170,2026-05-18T02:40:00.000+05:30,ECONOMY,CONFIRMED,6712,1208.16,500,7420.16,PAID
BK04106,PS00594,FL0055,2026-04-27T04:48:00.000+05:30,ECONOMY,CONFIRMED,6029,1085.22,0,7114.22,PAID
BK04107,PS00905,FL0063,2026-05-13T23:44:00.000+05:30,PREMIUM ECONOMY,CONFIRMED,8438,1518.84,500,9456.84,PENDING
BK04108,PS00341,FL0198,2026-07-26T23:00:00.000+05:30,ECONOMY,CONFIRMED,7673,1381.14,500,8554.14,PAID
BK04109,PS00950,FL0158,2026-07-15T23:39:00.000+05:30,PREMIUM ECONOMY,CONFIRMED,8533,1535.94,500,9568.94,PAID
BK04110,PS00902,FL0087,2026-05-21T17:39:00.000+05:30,BUSINESS,CANCELLED,21516,3872.88,500,24888.88,PENDING
BK04111,PS00246,FL0002,2026-07-22T11:44:00.000+05:30,ECONOMY,CONFIRMED,6270,1128.6,500,6898.6,PENDING
BK04112,PS00869,FL0135,2026-08-26T12:36:00.000+05:30,ECONOMY,CONFIRMED,7628,1373.04,1000,8001.04,REFUNDED
BK04113,PS00193,FL0181,2026-07-03T19:53:00.000+05:30,ECONOMY,CONFIRMED,7170,1290.6,1500,6960.6,PAID
BK04114,PS00402,FL0078,2026-05-21T14:17:00.000+05:30,ECONOMY,CONFIRMED,4488,807.84,2000,3295.84,PAID
BK04115,PS00458,FL0087,2026-05-16T17:39:00.000+05:30,ECONOMY,CONFIRMED,4162,749.16,0,4911.16,PAID
BK04116,PS00147,FL0170,2026-07-27T02:40:00.000+05:30,ECONOMY,CONFIRMED,6657,1198.26,1500,6355.26,PAID
BK04117,PS00933,FL0163,2026-06-13T08:18:00.000+05:30,PREMIUM ECONOMY,CONFIRMED,10841,1951.38,2000,10792.38,PAID
BK04118,PS00358,FL0090,2026-07-29T21:05:00.000+05:30,BUSINESS,CONFIRMED,17167,3090.06,1500,18757.06,PAID
BK04119,PS00220,FL0109,2026-08-03T05:41:00.000+05:30,ECONOMY,CONFIRMED,6483,1166.94,0,7649.94,PAID
BK04120,PS00367,FL0109,2026-05-18T05:41:00.000+05:30,BUSINESS,CONFIRMED,18092,3256.56,1000,20348.56,PAID
BK04121,PS00912,FL0194,2026-08-12T06:24:00.000+05:30,ECONOMY,CONFIRMED,4924,886.32,1500,4310.32,PAID
BK04122,PS00326,FL0059,2026-06-16T04:58:00.000+05:30,ECONOMY,CONFIRMED,3555,639.9,2000,2194.9,PAID
BK04123,PS00435,FL0030,2026-07-07T04:05:00.000+05:30,ECONOMY,CONFIRMED,7370,1326.6,2000,6696.6,PAID
BK04124,PS00775,FL0082,2026-08-02T23:43:00.000+05:30,PREMIUM ECONOMY,CONFIRMED,9343,1681.74,1000,10024.74,PAID
BK04125,PS00854,FL0188,2026-06-12T03:01:00.000+05:30,ECONOMY,CONFIRMED,5022,903.96,500,5425.96,PAID
BK04126,PS00922,FL0144,2026-06-01T23:06:00.000+05:30,ECONOMY,CONFIRMED,5448,980.64,1500,4928.64,PAID
BK04127,PS00079,FL0058,2026-06-04T08:10:00.000+05:30,ECONOMY,CONFIRMED,6851,1233.18,1000,7084.18,PAID
BK04128,PS00426,FL0135,2026-06-13T12:36:00.000+05:30,ECONOMY,CONFIRMED,4151,747.18,0,4898.18,PAID
BK04129,PS00427,FL0019,2026-04-29T01:43:00.000+05:30,ECONOMY,CONFIRMED,7634,1374.12,1500,7508.12,PENDING
BK04130,PS00171,FL0126,2026-08-09T21:39:00.000+05:30,BUSINESS,CONFIRMED,13853,2493.54,0,16346.54,PAID
BK04131,PS00551,FL0174,2026-04-30T03:12:00.000+05:30,ECONOMY,CONFIRMED,5937,1068.66,1000,6005.66,PAID
BK04132,PS00423,FL0140,2026-06-15T23:49:00.000+05:30,BUSINESS,CONFIRMED,21893,3940.74,2000,23833.74,PAID
BK04133,PS00720,FL0140,2026-06-27T23:49:00.000+05:30,BUSINESS,CONFIRMED,13191,2374.38,1000,14565.38,PAID
BK04134,PS00055,FL0110,2026-06-27T10:52:00.000+05:30,ECONOMY,PENDING,5016,902.88,500,5418.88,PAID
BK04135,PS00436,FL0022,2026-05-27T08:13:00.000+05:30,ECONOMY,PENDING,6341,1141.38,1000,6482.38,PAID
BK04136,PS00166,FL0153,2026-06-02T12:05:00.000+05:30,ECONOMY,CONFIRMED,6406,1153.08,0,7559.08,PAID
BK04137,PS00892,FL0021,2026-08-02T16:16:00.000+05:30,ECONOMY,CONFIRMED,6269,1128.42,1500,5897.42,PAID
BK04138,PS00232,FL0010,2026-07-10T09:55:00.000+05:30,ECONOMY,CONFIRMED,3895,701.1,1000,3596.1,PAID
BK04139,PS00350,FL0051,2026-04-29T00:24:00.000+05:30,ECONOMY,CONFIRMED,5818,1047.24,500,6365.24,PENDING
BK04140,PS00729,FL0063,2026-06-15T23:44:00.000+05:30,ECONOMY,PENDING,5078,914.04,1500,4492.04,PAID
BK04141,PS00256,FL0052,2026-05-19T12:14:00.000+05:30,ECONOMY,CONFIRMED,5414,974.52,500,5888.52,REFUNDED
BK04142,PS00213,FL0065,2026-05-22T03:33:00.000+05:30,ECONOMY,CONFIRMED,3731,671.58,2000,2402.58,PAID
BK04143,PS00468,FL0094,2026-06-18T06:12:00.000+05:30,ECONOMY,CONFIRMED,5873,1057.14,2000,4930.14,PAID
BK04144,PS00476,FL0118,2026-04-30T10:51:00.000+05:30,ECONOMY,CONFIRMED,6500,1170.0,2000,5670.0,PAID
BK04145,PS00367,FL0166,2026-05-30T19:03:00.000+05:30,ECONOMY,CONFIRMED,3682,662.76,2000,2344.76,PAID
BK04146,PS00388,FL0113,2026-05-12T11:26:00.000+05:30,ECONOMY,CONFIRMED,3054,549.72,500,3103.72,PAID
BK04147,PS00451,FL0032,2026-06-14T00:14:00.000+05:30,PREMIUM ECONOMY,CONFIRMED,10604,1908.72,2000,10512.72,PAID
BK04148,PS00823,FL0115,2026-06-20T21:48:00.000+05:30,ECONOMY,CONFIRMED,5502,990.36,2000,4492.36,PAID
BK04149,PS00675,FL0001,2026-07-08T23:23:00.000+05:30,BUSINESS,CONFIRMED,16116,2900.88,1000,18016.88,PAID
BK04150,PS00779,FL0136,2026-05-03T00:00:00.000+05:30,ECONOMY,PENDING,4767,858.06,0,5625.06,PAID
BK04151,PS00639,FL0138,2026-06-09T07:55:00.000+05:30,PREMIUM ECONOMY,PENDING,8477,1525.86,1500,8502.86,PAID
BK04152,PS00548,FL0097,2026-07-29T09:06:00.000+05:30,BUSINESS,CONFIRMED,20791,3742.38,500,24033.38,PAID
BK04153,PS00666,FL0001,2026-05-13T23:23:00.000+05:30,ECONOMY,CONFIRMED,6645,1196.1,1000,6841.1,PAID
BK04154,PS00966,FL0034,2026-07-16T15:35:00.000+05:30,ECONOMY,CONFIRMED,4515,812.7,500,4827.7,PAID
BK04155,PS00748,FL0192,2026-07-26T12:51:00.000+05:30,ECONOMY,CONFIRMED,6130,1103.4,1500,5733.4,PENDING
BK04156,PS00654,FL0129,2026-04-05T13:09:00.000+05:30,ECONOMY,PENDING,6195,1115.1,1000,6310.1,PAID
BK04157,PS00127,FL0102,2026-07-19T16:29:00.000+05:30,ECONOMY,CONFIRMED,4367,786.06,2000,3153.06,PAID
BK04158,PS00212,FL0142,2026-06-18T17:53:00.000+05:30,ECONOMY,CANCELLED,7666,1379.88,2000,7045.88,PENDING
BK04159,PS00138,FL0108,2026-05-29T13:18:00.000+05:30,ECONOMY,CONFIRMED,6232,1121.76,0,7353.76,PAID
BK04160,PS00725,FL0075,2026-07-24T02:42:00.000+05:30,ECONOMY,CONFIRMED,5055,909.9,0,5964.9,PAID
BK04161,PS00004,FL0149,2026-06-18T13:58:00.000+05:30,ECONOMY,CONFIRMED,7910,1423.8,500,8833.8,PENDING
BK04162,PS00295,FL0093,2026-07-15T07:37:00.000+05:30,BUSINESS,CONFIRMED,16725,3010.5,500,19235.5,PAID
BK04163,PS00754,FL0140,2026-08-24T23:49:00.000+05:30,ECONOMY,CONFIRMED,7279,1310.22,2000,6589.22,PAID
BK04164,PS00301,FL0003,2026-06-10T09:26:00.000+05:30,PREMIUM ECONOMY,CONFIRMED,11219,2019.42,1500,11738.42,PAID
BK04165,PS00657,FL0063,2026-06-03T23:44:00.000+05:30,ECONOMY,CONFIRMED,3805,684.9,1000,3489.9,PAID
BK04166,PS00029,FL0060,2026-06-15T10:13:00.000+05:30,ECONOMY,CONFIRMED,4176,751.68,2000,2927.68,PAID
BK04167,PS00211,FL0162,2026-06-27T12:14:00.000+05:30,ECONOMY,CONFIRMED,7110,1279.8,1000,7389.8,PAID
BK04168,PS00198,FL0180,2026-08-04T01:16:00.000+05:30,ECONOMY,CONFIRMED,4563,821.34,0,5384.34,PAID
BK04169,PS00286,FL0130,2026-07-29T16:26:00.000+05:30,ECONOMY,CONFIRMED,6823,1228.14,1500,6551.14,PENDING
BK04170,PS00264,FL0017,2026-05-08T08:56:00.000+05:30,ECONOMY,CONFIRMED,7205,1296.9,500,8001.9,PAID
BK04171,PS00158,FL0104,2026-07-15T13:10:00.000+05:30,ECONOMY,PENDING,4017,723.06,2000,2740.06,PAID
BK04172,PS00051,FL0066,2026-04-18T05:19:00.000+05:30,ECONOMY,CONFIRMED,4571,822.78,1500,3893.78,PAID
BK04173,PS00573,FL0136,2026-07-24T00:00:00.000+05:30,ECONOMY,CONFIRMED,7427,1336.86,2000,6763.86,PAID
BK04174,PS00527,FL0124,2026-08-08T21:31:00.000+05:30,PREMIUM ECONOMY,CONFIRMED,10790,1942.2,1000,11732.2,PAID
BK04175,PS00678,FL0015,2026-07-07T01:50:00.000+05:30,FIRST,CONFIRMED,25711,4627.98,2000,28338.98,PAID
BK04176,PS00716,FL0117,2026-05-23T05:35:00.000+05:30,ECONOMY,CONFIRMED,3123,562.14,500,3185.14,PAID
BK04177,PS00877,FL0138,2026-06-05T07:55:00.000+05:30,ECONOMY,CONFIRMED,3513,632.34,2000,2145.34,PAID
BK04178,PS00146,FL0072,2026-07-20T10:20:00.000+05:30,ECONOMY,PENDING,4170,750.6,1500,3420.6,PAID
BK04179,PS00814,FL0044,2026-08-19T15:19:00.000+05:30,ECONOMY,CONFIRMED,7338,1320.84,0,8658.84,PAID
BK04180,PS00247,FL0031,2026-06-23T06:23:00.000+05:30,ECONOMY,CONFIRMED,5276,949.68,2000,4225.68,PENDING
BK04181,PS00984,FL0012,2026-04-24T23:44:00.000+05:30,ECONOMY,CONFIRMED,3266,587.88,500,3353.88,PAID
BK04182,PS00438,FL0137,2026-07-24T17:20:00.000+05:30,ECONOMY,CONFIRMED,6587,1185.66,1000,6772.66,PAID
BK04183,PS00788,FL0104,2026-08-02T13:10:00.000+05:30,ECONOMY,PENDING,5622,1011.96,1500,5133.96,PENDING
BK04184,PS00052,FL0175,2026-08-14T20:18:00.000+05:30,ECONOMY,CONFIRMED,6114,1100.52,2000,5214.52,PENDING
BK04185,PS00114,FL0195,2026-04-08T21:13:00.000+05:30,ECONOMY,CONFIRMED,4639,835.02,500,4974.02,PAID
BK04186,PS00056,FL0115,2026-05-24T21:48:00.000+05:30,ECONOMY,CONFIRMED,4809,865.62,0,5674.62,PAID
BK04187,PS00398,FL0149,2026-06-22T13:58:00.000+05:30,PREMIUM ECONOMY,PENDING,8014,1442.52,0,9456.52,PAID
BK04188,PS00127,FL0028,2026-08-08T20:11:00.000+05:30,PREMIUM ECONOMY,CONFIRMED,8961,1612.98,1000,9573.98,PAID
BK04189,PS00995,FL0076,2026-06-30T04:07:00.000+05:30,ECONOMY,CONFIRMED,7472,1344.96,500,8316.96,PAID
BK04190,PS00599,FL0181,2026-06-17T19:53:00.000+05:30,BUSINESS,CONFIRMED,15980,2876.4,0,18856.4,PAID
BK04191,PS00461,FL0014,2026-04-28T13:07:00.000+05:30,PREMIUM ECONOMY,CONFIRMED,11995,2159.1,0,14154.1,PAID
BK04192,PS00054,FL0007,2026-06-01T19:26:00.000+05:30,ECONOMY,PENDING,6114,1100.52,2000,5214.52,PAID
BK04193,PS00157,FL0164,2026-08-05T01:16:00.000+05:30,FIRST,CONFIRMED,36738,6612.84,2000,41350.84,PAID
BK04194,PS00590,FL0132,2026-05-05T20:02:00.000+05:30,ECONOMY,CONFIRMED,3934,708.12,1000,3642.12,PAID
BK04195,PS00643,FL0015,2026-08-10T01:50:00.000+05:30,PREMIUM ECONOMY,CONFIRMED,8433,1517.94,0,9950.94,PAID
BK04196,PS00251,FL0002,2026-07-10T11:44:00.000+05:30,ECONOMY,CONFIRMED,5133,923.94,1500,4556.94,PENDING
BK04197,PS00291,FL0100,2026-06-22T18:25:00.000+05:30,ECONOMY,CONFIRMED,3765,677.7,1500,2942.7,PAID
BK04198,PS00333,FL0141,2026-07-15T23:30:00.000+05:30,PREMIUM ECONOMY,PENDING,9836,1770.48,1500,10106.48,PAID
BK04199,PS00418,FL0154,2026-07-28T18:41:00.000+05:30,PREMIUM ECONOMY,CONFIRMED,9436,1698.48,1500,9634.48,PAID
BK04200,PS00358,FL0113,2026-04-24T11:26:00.000+05:30,FIRST,CONFIRMED,35860,6454.8,1000,41314.8,PAID
BK04201,PS00571,FL0182,2026-05-15T15:10:00.000+05:30,ECONOMY,CANCELLED,5586,1005.48,500,6091.48,PAID
BK04202,PS00655,FL0182,2026-06-09T15:10:00.000+05:30,ECONOMY,CONFIRMED,4100,738.0,2000,2838.0,PAID
BK04203,PS00164,FL0183,2026-05-28T22:19:00.000+05:30,ECONOMY,CONFIRMED,4494,808.92,0,5302.92,PAID
BK04204,PS00614,FL0053,2026-07-09T05:02:00.000+05:30,BUSINESS,CANCELLED,14326,2578.68,500,16404.68,PENDING
BK04205,PS00139,FL0025,2026-07-20T17:16:00.000+05:30,ECONOMY,CONFIRMED,7904,1422.72,1500,7826.72,PAID
BK04206,PS00454,FL0172,2026-06-03T13:45:00.000+05:30,ECONOMY,CONFIRMED,3160,568.8,1500,2228.8,PAID
BK04207,PS00549,FL0074,2026-05-12T06:02:00.000+05:30,BUSINESS,CONFIRMED,16924,3046.32,2000,17970.32,PAID
BK04208,PS00930,FL0012,2026-05-30T23:44:00.000+05:30,FIRST,CONFIRMED,37240,6703.2,1000,42943.2,PAID
BK04209,PS00120,FL0178,2026-06-01T07:36:00.000+05:30,ECONOMY,CONFIRMED,7276,1309.68,2000,6585.68,PAID
BK04210,PS00429,FL0115,2026-06-03T21:48:00.000+05:30,ECONOMY,CONFIRMED,6917,1245.06,1000,7162.06,PAID
BK04211,PS00719,FL0135,2026-05-09T12:36:00.000+05:30,FIRST,CANCELLED,30417,5475.06,1500,34392.06,PAID
BK04212,PS00568,FL0199,2026-08-05T14:46:00.000+05:30,ECONOMY,CONFIRMED,7399,1331.82,1500,7230.82,PAID
BK04213,PS00480,FL0146,2026-06-05T07:42:00.000+05:30,BUSINESS,CONFIRMED,21943,3949.74,1500,24392.74,PENDING
BK04214,PS00419,FL0163,2026-06-29T08:18:00.000+05:30,PREMIUM ECONOMY,CONFIRMED,9007,1621.26,1000,9628.26,PAID
BK04215,PS00359,FL0021,2026-05-19T16:16:00.000+05:30,ECONOMY,CONFIRMED,7310,1315.8,0,8625.8,PAID
BK04216,PS00437,FL0137,2026-06-04T17:20:00.000+05:30,BUSINESS,CONFIRMED,20005,3600.9,1000,22605.9,PAID
BK04217,PS00906,FL0127,2026-05-07T01:50:00.000+05:30,ECONOMY,PENDING,3027,544.86,2000,1571.86,PAID
BK04218,PS00640,FL0162,2026-04-27T12:14:00.000+05:30,BUSINESS,CONFIRMED,23430,4217.4,500,27147.4,PAID
BK04219,PS00996,FL0170,2026-07-07T02:40:00.000+05:30,ECONOMY,CONFIRMED,5055,909.9,1000,4964.9,PAID
BK04220,PS00118,FL0137,2026-08-03T17:20:00.000+05:30,ECONOMY,CONFIRMED,5567,1002.06,0,6569.06,PAID
BK04221,PS00225,FL0037,2026-05-14T18:43:00.000+05:30,ECONOMY,CONFIRMED,7588,1365.84,0,8953.84,PAID
BK04222,PS00827,FL0071,2026-05-15T13:39:00.000+05:30,ECONOMY,CONFIRMED,3209,577.62,1500,2286.62,PAID
BK04223,PS00437,FL0171,2026-05-05T15:42:00.000+05:30,ECONOMY,CONFIRMED,5189,934.02,1500,4623.02,PAID
BK04224,PS00565,FL0106,2026-06-07T09:14:00.000+05:30,ECONOMY,CONFIRMED,3251,585.18,2000,1836.18,PAID
BK04225,PS00378,FL0109,2026-06-17T05:41:00.000+05:30,ECONOMY,CONFIRMED,7299,1313.82,1000,7612.82,PAID
BK04226,PS00620,FL0133,2026-06-13T07:05:00.000+05:30,ECONOMY,CONFIRMED,3444,619.92,0,4063.92,PENDING
BK04227,PS00511,FL0168,2026-07-31T15:47:00.000+05:30,PREMIUM ECONOMY,CONFIRMED,11762,2117.16,500,13379.16,PAID
BK04228,PS00066,FL0069,2026-07-13T23:07:00.000+05:30,ECONOMY,CONFIRMED,7018,1263.24,0,8281.24,PAID
BK04229,PS00298,FL0024,2026-08-23T06:29:00.000+05:30,ECONOMY,CONFIRMED,6004,1080.72,1000,6084.72,PAID
BK04230,PS00880,FL0086,2026-05-17T13:16:00.000+05:30,ECONOMY,CONFIRMED,7693,1384.74,500,8577.74,PAID
BK04231,PS00899,FL0158,2026-08-15T23:39:00.000+05:30,ECONOMY,CONFIRMED,6105,1098.9,500,6703.9,PAID
BK04232,PS00005,FL0015,2026-05-14T01:50:00.000+05:30,ECONOMY,CONFIRMED,3256,586.08,2000,1842.08,PAID
BK04233,PS00613,FL0113,2026-07-29T11:26:00.000+05:30,ECONOMY,CONFIRMED,6525,1174.5,0,7699.5,PAID
BK04234,PS00625,FL0094,2026-07-10T06:12:00.000+05:30,ECONOMY,CONFIRMED,4468,804.24,500,4772.24,PAID
BK04235,PS00581,FL0137,2026-05-19T17:20:00.000+05:30,ECONOMY,CONFIRMED,4485,807.3,2000,3292.3,PAID
BK04236,PS00048,FL0022,2026-05-29T08:13:00.000+05:30,ECONOMY,CONFIRMED,7390,1330.2,500,8220.2,PAID
BK04237,PS00039,FL0071,2026-04-29T13:39:00.000+05:30,BUSINESS,CONFIRMED,20991,3778.38,1500,23269.38,PAID
BK04238,PS00584,FL0037,2026-05-16T18:43:00.000+05:30,BUSINESS,CONFIRMED,18300,3294.0,1000,20594.0,PAID
BK04239,PS00163,FL0031,2026-08-06T06:23:00.000+05:30,ECONOMY,CONFIRMED,5799,1043.82,500,6342.82,PAID
BK04240,PS00639,FL0158,2026-07-11T23:39:00.000+05:30,ECONOMY,CONFIRMED,6237,1122.66,2000,5359.66,PENDING
BK04241,PS00529,FL0101,2026-07-04T19:08:00.000+05:30,PREMIUM ECONOMY,CONFIRMED,9045,1628.1,1000,9673.1,PAID
BK04242,PS00672,FL0005,2026-06-11T10:57:00.000+05:30,BUSINESS,CANCELLED,22152,3987.36,500,25639.36,PAID
BK04243,PS00323,FL0027,2026-06-16T07:46:00.000+05:30,PREMIUM ECONOMY,CONFIRMED,9766,1757.88,500,11023.88,PAID
BK04244,PS00630,FL0043,2026-06-28T12:42:00.000+05:30,ECONOMY,CONFIRMED,4724,850.32,2000,3574.32,PAID
BK04245,PS00920,FL0045,2026-07-16T16:40:00.000+05:30,ECONOMY,CONFIRMED,6761,1216.98,0,7977.98,PAID
BK04246,PS00628,FL0093,2026-06-30T07:37:00.000+05:30,ECONOMY,CONFIRMED,6494,1168.92,2000,5662.92,PAID
BK04247,PS00091,FL0070,2026-08-14T01:52:00.000+05:30,ECONOMY,CONFIRMED,7557,1360.26,500,8417.26,PAID
BK04248,PS00839,FL0131,2026-08-10T17:30:00.000+05:30,ECONOMY,CONFIRMED,5902,1062.36,0,6964.36,PAID
BK04249,PS00908,FL0063,2026-06-26T23:44:00.000+05:30,ECONOMY,CONFIRMED,5641,1015.38,1000,5656.38,REFUNDED
BK04250,PS00323,FL0154,2026-05-16T18:41:00.000+05:30,ECONOMY,CONFIRMED,4296,773.28,0,5069.28,PAID
BK04251,PS00870,FL0018,2026-04-14T15:36:00.000+05:30,ECONOMY,PENDING,6432,1157.76,1500,6089.76,PAID
BK04252,PS00884,FL0012,2026-06-10T23:44:00.000+05:30,ECONOMY,CONFIRMED,5634,1014.12,2000,4648.12,PAID
BK04253,PS00094,FL0095,2026-07-19T03:52:00.000+05:30,PREMIUM ECONOMY,CONFIRMED,8630,1553.4,500,9683.4,PAID
BK04254,PS00677,FL0138,2026-05-22T07:55:00.000+05:30,BUSINESS,PENDING,17686,3183.48,500,20369.48,PAID
BK04255,PS00281,FL0098,2026-08-12T19:28:00.000+05:30,ECONOMY,CONFIRMED,5411,973.98,500,5884.98,PAID
BK04256,PS00441,FL0150,2026-05-25T01:07:00.000+05:30,ECONOMY,CONFIRMED,7126,1282.68,1000,7408.68,PAID
BK04257,PS00439,FL0100,2026-05-07T18:25:00.000+05:30,PREMIUM ECONOMY,CONFIRMED,8536,1536.48,0,10072.48,PAID
BK04258,PS00937,FL0200,2026-08-11T07:44:00.000+05:30,PREMIUM ECONOMY,CONFIRMED,11881,2138.58,500,13519.58,PAID
BK04259,PS00740,FL0056,2026-04-23T11:12:00.000+05:30,PREMIUM ECONOMY,CONFIRMED,8049,1448.82,1500,7997.82,PAID
BK04260,PS00501,FL0151,2026-04-27T13:13:00.000+05:30,ECONOMY,CONFIRMED,5442,979.56,0,6421.56,PAID
BK04261,PS00642,FL0098,2026-07-27T19:28:00.000+05:30,PREMIUM ECONOMY,CANCELLED,8523,1534.14,2000,8057.14,PAID
BK04262,PS00584,FL0186,2026-04-27T08:30:00.000+05:30,ECONOMY,CONFIRMED,7527,1354.86,0,8881.86,PAID
BK04263,PS00025,FL0051,2026-07-09T00:24:00.000+05:30,ECONOMY,CONFIRMED,4672,840.96,2000,3512.96,PENDING
BK04264,PS00255,FL0011,2026-05-02T00:09:00.000+05:30,ECONOMY,CONFIRMED,3230,581.4,2000,1811.4,PAID
BK04265,PS00960,FL0009,2026-06-15T01:29:00.000+05:30,ECONOMY,CONFIRMED,7005,1260.9,2000,6265.9,PENDING
BK04266,PS00405,FL0142,2026-04-17T17:53:00.000+05:30,FIRST,CONFIRMED,26937,4848.66,500,31285.66,PAID
BK04267,PS00884,FL0195,2026-05-08T21:13:00.000+05:30,ECONOMY,CONFIRMED,3679,662.22,1000,3341.22,PAID
BK04268,PS00620,FL0154,2026-07-04T18:41:00.000+05:30,ECONOMY,CONFIRMED,7121,1281.78,0,8402.78,PAID
BK04269,PS00857,FL0084,2026-06-04T23:01:00.000+05:30,BUSINESS,CONFIRMED,20401,3672.18,2000,22073.18,PAID
BK04270,PS00910,FL0001,2026-06-21T23:23:00.000+05:30,ECONOMY,CONFIRMED,4337,780.66,1500,3617.66,PAID
BK04271,PS00969,FL0171,2026-07-04T15:42:00.000+05:30,ECONOMY,CONFIRMED,7752,1395.36,0,9147.36,PAID
BK04272,PS00011,FL0136,2026-08-04T00:00:00.000+05:30,ECONOMY,CONFIRMED,6742,1213.56,1000,6955.56,PAID
BK04273,PS00159,FL0169,2026-07-02T14:48:00.000+05:30,BUSINESS,CONFIRMED,16125,2902.5,1500,17527.5,PAID
BK04274,PS00888,FL0019,2026-07-01T01:43:00.000+05:30,ECONOMY,CONFIRMED,4933,887.94,2000,3820.94,REFUNDED
BK04275,PS00810,FL0013,2026-06-23T01:09:00.000+05:30,ECONOMY,CONFIRMED,5508,991.44,500,5999.44,PAID
BK04276,PS00888,FL0151,2026-06-12T13:13:00.000+05:30,ECONOMY,CANCELLED,7680,1382.4,0,9062.4,PAID
BK04277,PS00969,FL0133,2026-04-09T07:05:00.000+05:30,ECONOMY,CONFIRMED,6556,1180.08,0,7736.08,PAID
BK04278,PS00372,FL0119,2026-04-26T23:00:00.000+05:30,PREMIUM ECONOMY,CONFIRMED,8967,1614.06,1500,9081.06,PENDING
BK04279,PS00062,FL0175,2026-06-16T20:18:00.000+05:30,ECONOMY,CONFIRMED,4040,727.2,1500,3267.2,PAID
BK04280,PS00165,FL0126,2026-05-28T21:39:00.000+05:30,ECONOMY,CONFIRMED,3654,657.72,1500,2811.72,REFUNDED
BK04281,PS00470,FL0115,2026-07-05T21:48:00.000+05:30,ECONOMY,CONFIRMED,4072,732.96,500,4304.96,PAID
BK04282,PS00420,FL0005,2026-05-17T10:57:00.000+05:30,ECONOMY,CONFIRMED,5807,1045.26,1500,5352.26,PENDING
BK04283,PS00999,FL0080,2026-07-21T23:54:00.000+05:30,ECONOMY,CONFIRMED,3877,697.86,1500,3074.86,PAID
BK04284,PS00455,FL0021,2026-05-04T16:16:00.000+05:30,ECONOMY,CONFIRMED,4705,846.9,2000,3551.9,PAID
BK04285,PS00567,FL0101,2026-05-26T19:08:00.000+05:30,PREMIUM ECONOMY,CONFIRMED,8247,1484.46,2000,7731.46,PAID
BK04286,PS00901,FL0044,2026-05-16T15:19:00.000+05:30,ECONOMY,CONFIRMED,4793,862.74,2000,3655.74,PAID
BK04287,PS00375,FL0069,2026-07-29T23:07:00.000+05:30,ECONOMY,CONFIRMED,3870,696.6,0,4566.6,PAID
BK04288,PS00218,FL0084,2026-07-15T23:01:00.000+05:30,ECONOMY,CONFIRMED,6680,1202.4,1000,6882.4,PAID
BK04289,PS00251,FL0162,2026-07-14T12:14:00.000+05:30,ECONOMY,CONFIRMED,6260,1126.8,0,7386.8,PAID
BK04290,PS00330,FL0136,2026-06-20T00:00:00.000+05:30,ECONOMY,CONFIRMED,7614,1370.52,500,8484.52,PAID
BK04291,PS00797,FL0141,2026-06-12T23:30:00.000+05:30,ECONOMY,CONFIRMED,3067,552.06,0,3619.06,PAID
BK04292,PS00076,FL0059,2026-05-05T04:58:00.000+05:30,BUSINESS,CONFIRMED,14452,2601.36,0,17053.36,PAID
BK04293,PS00993,FL0162,2026-05-31T12:14:00.000+05:30,BUSINESS,CONFIRMED,21772,3918.96,0,25690.96,PAID
BK04294,PS00237,FL0068,2026-07-28T15:44:00.000+05:30,ECONOMY,CONFIRMED,7062,1271.16,1000,7333.16,PAID
BK04295,PS00456,FL0180,2026-08-16T01:16:00.000+05:30,PREMIUM ECONOMY,CONFIRMED,8144,1465.92,500,9109.92,PAID
BK04296,PS00246,FL0162,2026-06-13T12:14:00.000+05:30,PREMIUM ECONOMY,CONFIRMED,11380,2048.4,500,12928.4,PAID
BK04297,PS00232,FL0193,2026-06-25T01:05:00.000+05:30,FIRST,CONFIRMED,35147,6326.46,500,40973.46,PENDING
BK04298,PS00016,FL0173,2026-05-21T09:11:00.000+05:30,ECONOMY,CONFIRMED,5562,1001.16,0,6563.16,PAID
BK04299,PS00934,FL0160,2026-04-26T03:28:00.000+05:30,BUSINESS,CONFIRMED,16235,2922.3,1500,17657.3,PAID
BK04300,PS00886,FL0030,2026-07-28T04:05:00.000+05:30,PREMIUM ECONOMY,PENDING,10095,1817.1,1000,10912.1,PAID
BK04301,PS00900,FL0107,2026-07-24T02:22:00.000+05:30,ECONOMY,CONFIRMED,5434,978.12,1500,4912.12,PAID
BK04302,PS00603,FL0053,2026-07-28T05:02:00.000+05:30,ECONOMY,CONFIRMED,3117,561.06,1000,2678.06,REFUNDED
BK04303,PS00183,FL0137,2026-06-27T17:20:00.000+05:30,PREMIUM ECONOMY,CONFIRMED,9540,1717.2,2000,9257.2,PAID
BK04304,PS00339,FL0060,2026-06-25T10:13:00.000+05:30,ECONOMY,CONFIRMED,4929,887.22,500,5316.22,PAID
BK04305,PS00280,FL0050,2026-05-03T22:38:00.000+05:30,ECONOMY,CONFIRMED,5034,906.12,1500,4440.12,PAID
BK04306,PS00667,FL0194,2026-05-01T06:24:00.000+05:30,ECONOMY,CONFIRMED,7602,1368.36,1500,7470.36,PAID
BK04307,PS00135,FL0095,2026-07-31T03:52:00.000+05:30,ECONOMY,CONFIRMED,4516,812.88,1500,3828.88,PAID
BK04308,PS00200,FL0076,2026-04-25T04:07:00.000+05:30,PREMIUM ECONOMY,CONFIRMED,8719,1569.42,1000,9288.42,PAID
BK04309,PS00506,FL0175,2026-08-11T20:18:00.000+05:30,ECONOMY,CONFIRMED,6303,1134.54,0,7437.54,PAID
BK04310,PS00978,FL0128,2026-06-19T00:01:00.000+05:30,ECONOMY,PENDING,5314,956.52,1500,4770.52,PAID
BK04311,PS00140,FL0167,2026-05-07T05:21:00.000+05:30,ECONOMY,CONFIRMED,5388,969.84,2000,4357.84,PAID
BK04312,PS00148,FL0075,2026-06-19T02:42:00.000+05:30,ECONOMY,CONFIRMED,4914,884.52,2000,3798.52,PAID
BK04313,PS00524,FL0183,2026-06-27T22:19:00.000+05:30,ECONOMY,CONFIRMED,3741,673.38,1000,3414.38,PAID
BK04314,PS00004,FL0074,2026-07-23T06:02:00.000+05:30,ECONOMY,CONFIRMED,5066,911.88,1500,4477.88,PAID
BK04315,PS00364,FL0089,2026-06-18T02:36:00.000+05:30,BUSINESS,CONFIRMED,16045,2888.1,500,18433.1,PAID
BK04316,PS00154,FL0100,2026-05-29T18:25:00.000+05:30,ECONOMY,CONFIRMED,6797,1223.46,2000,6020.46,PAID
BK04317,PS00795,FL0013,2026-07-08T01:09:00.000+05:30,ECONOMY,CONFIRMED,3324,598.32,1000,2922.32,PAID
BK04318,PS00270,FL0136,2026-08-06T00:00:00.000+05:30,PREMIUM ECONOMY,CONFIRMED,8775,1579.5,1000,9354.5,PAID
BK04319,PS00988,FL0018,2026-04-24T15:36:00.000+05:30,ECONOMY,CONFIRMED,4744,853.92,0,5597.92,PAID
BK04320,PS00109,FL0073,2026-04-16T20:34:00.000+05:30,ECONOMY,CONFIRMED,6724,1210.32,0,7934.32,PAID
BK04321,PS00815,FL0116,2026-04-24T12:06:00.000+05:30,BUSINESS,CONFIRMED,12571,2262.78,1000,13833.78,PAID
BK04322,PS00693,FL0020,2026-06-10T17:18:00.000+05:30,ECONOMY,CONFIRMED,5275,949.5,0,6224.5,PAID
BK04323,PS00237,FL0195,2026-05-06T21:13:00.000+05:30,ECONOMY,CONFIRMED,5248,944.64,1500,4692.64,PAID
BK04324,PS00251,FL0156,2026-08-15T04:18:00.000+05:30,ECONOMY,CONFIRMED,6945,1250.1,1000,7195.1,PAID
BK04325,PS00057,FL0191,2026-04-27T00:54:00.000+05:30,BUSINESS,CONFIRMED,21301,3834.18,0,25135.18,PAID
BK04326,PS00221,FL0122,2026-05-28T06:56:00.000+05:30,ECONOMY,PENDING,4251,765.18,0,5016.18,PAID
BK04327,PS00103,FL0117,2026-05-08T05:35:00.000+05:30,BUSINESS,CONFIRMED,15633,2813.94,500,17946.94,PAID
BK04328,PS00862,FL0194,2026-08-05T06:24:00.000+05:30,ECONOMY,CONFIRMED,7484,1347.12,1000,7831.12,PAID
BK04329,PS00196,FL0106,2026-06-26T09:14:00.000+05:30,BUSINESS,CONFIRMED,18613,3350.34,2000,19963.34,PAID
BK04330,PS00551,FL0106,2026-07-28T09:14:00.000+05:30,ECONOMY,CONFIRMED,4434,798.12,1500,3732.12,PAID
BK04331,PS00859,FL0134,2026-06-06T08:42:00.000+05:30,ECONOMY,CONFIRMED,4312,776.16,500,4588.16,PAID
BK04332,PS00816,FL0169,2026-07-18T14:48:00.000+05:30,BUSINESS,CONFIRMED,12096,2177.28,0,14273.28,PAID
BK04333,PS00989,FL0020,2026-05-03T17:18:00.000+05:30,ECONOMY,CONFIRMED,6434,1158.12,500,7092.12,PAID
BK04334,PS00727,FL0043,2026-06-09T12:42:00.000+05:30,BUSINESS,CONFIRMED,16393,2950.74,2000,17343.74,PAID
BK04335,PS00673,FL0048,2026-08-09T00:59:00.000+05:30,ECONOMY,CONFIRMED,6833,1229.94,0,8062.94,PAID
BK04336,PS00545,FL0088,2026-05-16T01:28:00.000+05:30,PREMIUM ECONOMY,CONFIRMED,8759,1576.62,1500,8835.62,PENDING
BK04337,PS00083,FL0162,2026-06-07T12:14:00.000+05:30,PREMIUM ECONOMY,PENDING,8386,1509.48,1500,8395.48,PAID
BK04338,PS00180,FL0054,2026-06-05T10:45:00.000+05:30,PREMIUM ECONOMY,CONFIRMED,9247,1664.46,0,10911.46,PAID
BK04339,PS00527,FL0123,2026-07-14T22:32:00.000+05:30,ECONOMY,CONFIRMED,3341,601.38,1000,2942.38,PAID
BK04340,PS00844,FL0104,2026-04-13T13:10:00.000+05:30,BUSINESS,CONFIRMED,13504,2430.72,0,15934.72,PAID
BK04341,PS00021,FL0021,2026-05-02T16:16:00.000+05:30,ECONOMY,CONFIRMED,4248,764.64,0,5012.64,PENDING
BK04342,PS00022,FL0042,2026-07-03T08:07:00.000+05:30,FIRST,CONFIRMED,31416,5654.88,500,36570.88,PAID
BK04343,PS00256,FL0137,2026-08-07T17:20:00.000+05:30,ECONOMY,PENDING,6069,1092.42,1000,6161.42,PAID
BK04344,PS00724,FL0156,2026-07-22T04:18:00.000+05:30,ECONOMY,CONFIRMED,4152,747.36,2000,2899.36,PENDING
BK04345,PS00109,FL0062,2026-07-30T12:00:00.000+05:30,ECONOMY,CONFIRMED,3798,683.64,1000,3481.64,PAID
BK04346,PS00993,FL0096,2026-08-15T20:50:00.000+05:30,ECONOMY,CONFIRMED,3505,630.9,1000,3135.9,PAID
BK04347,PS00292,FL0153,2026-07-10T12:05:00.000+05:30,ECONOMY,CONFIRMED,6246,1124.28,1500,5870.28,PAID
BK04348,PS00988,FL0183,2026-07-14T22:19:00.000+05:30,ECONOMY,CONFIRMED,6145,1106.1,500,6751.1,PAID
BK04349,PS00372,FL0098,2026-06-25T19:28:00.000+05:30,ECONOMY,CONFIRMED,3787,681.66,1000,3468.66,PAID
BK04350,PS00321,FL0005,2026-07-17T10:57:00.000+05:30,ECONOMY,CANCELLED,4773,859.14,500,5132.14,PAID
BK04351,PS00839,FL0037,2026-07-08T18:43:00.000+05:30,BUSINESS,CONFIRMED,22957,4132.26,1000,26089.26,PAID
BK04352,PS00968,FL0155,2026-05-29T06:11:00.000+05:30,FIRST,CONFIRMED,30555,5499.9,2000,34054.9,PAID
BK04353,PS00998,FL0079,2026-07-12T02:26:00.000+05:30,ECONOMY,CONFIRMED,7137,1284.66,0,8421.66,PAID
BK04354,PS00847,FL0174,2026-05-12T03:12:00.000+05:30,ECONOMY,CONFIRMED,3077,553.86,500,3130.86,PENDING
BK04355,PS00646,FL0161,2026-04-14T20:10:00.000+05:30,ECONOMY,PENDING,3281,590.58,1500,2371.58,PAID
BK04356,PS00610,FL0112,2026-04-07T02:49:00.000+05:30,ECONOMY,CONFIRMED,7184,1293.12,0,8477.12,PAID
BK04357,PS00075,FL0177,2026-05-03T07:12:00.000+05:30,ECONOMY,CANCELLED,4310,775.8,1000,4085.8,PAID
BK04358,PS00322,FL0071,2026-08-10T13:39:00.000+05:30,ECONOMY,CONFIRMED,7627,1372.86,500,8499.86,PENDING
BK04359,PS00978,FL0180,2026-08-25T01:16:00.000+05:30,PREMIUM ECONOMY,CONFIRMED,10564,1901.52,1000,11465.52,PAID
BK04360,PS00278,FL0051,2026-07-19T00:24:00.000+05:30,ECONOMY,CONFIRMED,6005,1080.9,500,6585.9,PAID
BK04361,PS00087,FL0160,2026-06-27T03:28:00.000+05:30,ECONOMY,CONFIRMED,6781,1220.58,2000,6001.58,PAID
BK04362,PS00899,FL0005,2026-06-16T10:57:00.000+05:30,ECONOMY,CONFIRMED,6116,1100.88,1500,5716.88,PENDING
BK04363,PS00225,FL0105,2026-05-30T18:58:00.000+05:30,ECONOMY,CONFIRMED,7441,1339.38,2000,6780.38,PAID
BK04364,PS00828,FL0111,2026-04-09T07:32:00.000+05:30,ECONOMY,CONFIRMED,3555,639.9,2000,2194.9,PAID
BK04365,PS00755,FL0081,2026-04-07T20:53:00.000+05:30,BUSINESS,CONFIRMED,13197,2375.46,1500,14072.46,PAID
BK04366,PS00357,FL0033,2026-04-26T08:26:00.000+05:30,BUSINESS,CONFIRMED,14536,2616.48,1500,15652.48,PAID
BK04367,PS00615,FL0179,2026-04-24T17:01:00.000+05:30,ECONOMY,CONFIRMED,6914,1244.52,1000,7158.52,PAID
BK04368,PS00908,FL0048,2026-05-27T00:59:00.000+05:30,PREMIUM ECONOMY,CONFIRMED,10616,1910.88,1500,11026.88,PAID
BK04369,PS00944,FL0133,2026-08-03T07:05:00.000+05:30,ECONOMY,PENDING,3942,709.56,1000,3651.56,PAID
BK04370,PS00686,FL0141,2026-07-19T23:30:00.000+05:30,BUSINESS,CONFIRMED,16022,2883.96,1000,17905.96,PAID
BK04371,PS00282,FL0160,2026-07-08T03:28:00.000+05:30,ECONOMY,CONFIRMED,6740,1213.2,500,7453.2,PAID
BK04372,PS00066,FL0070,2026-05-07T01:52:00.000+05:30,ECONOMY,CONFIRMED,3887,699.66,2000,2586.66,REFUNDED
BK04373,PS00302,FL0006,2026-06-06T17:54:00.000+05:30,ECONOMY,CONFIRMED,4728,851.04,1000,4579.04,PAID
BK04374,PS00179,FL0087,2026-05-10T17:39:00.000+05:30,ECONOMY,CONFIRMED,3989,718.02,2000,2707.02,PAID
BK04375,PS00794,FL0063,2026-05-04T23:44:00.000+05:30,ECONOMY,CONFIRMED,5824,1048.32,500,6372.32,PAID
BK04376,PS00486,FL0182,2026-06-14T15:10:00.000+05:30,FIRST,CANCELLED,33397,6011.46,500,38908.46,PAID
BK04377,PS00640,FL0054,2026-05-23T10:45:00.000+05:30,ECONOMY,CANCELLED,4418,795.24,1500,3713.24,PAID
BK04378,PS00569,FL0145,2026-05-20T12:44:00.000+05:30,ECONOMY,CANCELLED,7193,1294.74,2000,6487.74,PAID
BK04379,PS00338,FL0038,2026-05-11T08:19:00.000+05:30,ECONOMY,CONFIRMED,6307,1135.26,500,6942.26,PAID
BK04380,PS00102,FL0139,2026-04-29T12:04:00.000+05:30,ECONOMY,CONFIRMED,6717,1209.06,0,7926.06,PAID
BK04381,PS00608,FL0044,2026-06-24T15:19:00.000+05:30,ECONOMY,CONFIRMED,3178,572.04,500,3250.04,PAID
BK04382,PS00230,FL0068,2026-08-07T15:44:00.000+05:30,ECONOMY,CONFIRMED,6414,1154.52,1500,6068.52,PAID
BK04383,PS00683,FL0184,2026-06-25T09:58:00.000+05:30,FIRST,CONFIRMED,39645,7136.1,0,46781.1,PAID
BK04384,PS00858,FL0100,2026-06-10T18:25:00.000+05:30,ECONOMY,CONFIRMED,4686,843.48,1500,4029.48,PAID
BK04385,PS00654,FL0177,2026-06-15T07:12:00.000+05:30,ECONOMY,CONFIRMED,4966,893.88,1000,4859.88,PAID
BK04386,PS00979,FL0102,2026-07-15T16:29:00.000+05:30,PREMIUM ECONOMY,CONFIRMED,11857,2134.26,1000,12991.26,PAID
BK04387,PS00170,FL0046,2026-08-14T20:49:00.000+05:30,BUSINESS,CONFIRMED,21461,3862.98,1500,23823.98,PAID
BK04388,PS00015,FL0173,2026-08-13T09:11:00.000+05:30,ECONOMY,CONFIRMED,5107,919.26,2000,4026.26,PAID
BK04389,PS00206,FL0180,2026-08-21T01:16:00.000+05:30,ECONOMY,PENDING,4150,747.0,1500,3397.0,PAID
BK04390,PS00958,FL0001,2026-07-21T23:23:00.000+05:30,PREMIUM ECONOMY,CONFIRMED,9603,1728.54,500,10831.54,PAID
BK04391,PS00803,FL0147,2026-06-18T14:49:00.000+05:30,ECONOMY,PENDING,5981,1076.58,1500,5557.58,PAID
BK04392,PS00778,FL0116,2026-04-27T12:06:00.000+05:30,ECONOMY,CONFIRMED,7684,1383.12,0,9067.12,PAID
BK04393,PS00298,FL0191,2026-05-10T00:54:00.000+05:30,BUSINESS,CONFIRMED,24121,4341.78,1000,27462.78,PAID
BK04394,PS00520,FL0105,2026-05-22T18:58:00.000+05:30,ECONOMY,CONFIRMED,5418,975.24,0,6393.24,PAID
BK04395,PS00108,FL0043,2026-07-06T12:42:00.000+05:30,ECONOMY,CONFIRMED,3458,622.44,500,3580.44,PAID
BK04396,PS00977,FL0014,2026-06-26T13:07:00.000+05:30,BUSINESS,PENDING,21593,3886.74,1500,23979.74,PAID
BK04397,PS00241,FL0015,2026-07-18T01:50:00.000+05:30,ECONOMY,CANCELLED,5115,920.7,0,6035.7,PAID
BK04398,PS00044,FL0044,2026-07-18T15:19:00.000+05:30,FIRST,CONFIRMED,35509,6391.62,1500,40400.62,PENDING
BK04399,PS00898,FL0081,2026-07-26T20:53:00.000+05:30,ECONOMY,CONFIRMED,5919,1065.42,500,6484.42,PAID
BK04400,PS00201,FL0014,2026-07-07T13:07:00.000+05:30,ECONOMY,CONFIRMED,4814,866.52,500,5180.52,PAID
BK04401,PS00835,FL0199,2026-05-14T14:46:00.000+05:30,BUSINESS,CONFIRMED,21285,3831.3,500,24616.3,PAID
BK04402,PS00740,FL0076,2026-07-05T04:07:00.000+05:30,FIRST,CONFIRMED,27565,4961.7,2000,30526.7,PAID
BK04403,PS00140,FL0112,2026-06-10T02:49:00.000+05:30,ECONOMY,CONFIRMED,7263,1307.34,1000,7570.34,PAID
BK04404,PS00636,FL0179,2026-06-05T17:01:00.000+05:30,ECONOMY,CONFIRMED,5655,1017.9,0,6672.9,PAID
BK04405,PS00193,FL0122,2026-07-11T06:56:00.000+05:30,ECONOMY,CONFIRMED,4444,799.92,2000,3243.92,PAID
BK04406,PS00937,FL0046,2026-05-02T20:49:00.000+05:30,ECONOMY,CONFIRMED,4995,899.1,0,5894.1,PAID
BK04407,PS00898,FL0033,2026-07-18T08:26:00.000+05:30,ECONOMY,CONFIRMED,3111,559.98,2000,1670.98,PAID
BK04408,PS00272,FL0093,2026-08-05T07:37:00.000+05:30,ECONOMY,CONFIRMED,5523,994.14,500,6017.14,PAID
BK04409,PS00384,FL0051,2026-06-14T00:24:00.000+05:30,ECONOMY,CONFIRMED,6825,1228.5,0,8053.5,PAID
BK04410,PS00644,FL0074,2026-05-20T06:02:00.000+05:30,ECONOMY,PENDING,5717,1029.06,2000,4746.06,PAID
BK04411,PS00067,FL0199,2026-07-12T14:46:00.000+05:30,ECONOMY,CONFIRMED,6016,1082.88,0,7098.88,PAID
BK04412,PS00316,FL0046,2026-06-20T20:49:00.000+05:30,BUSINESS,CONFIRMED,23833,4289.94,1000,27122.94,PAID
BK04413,PS00407,FL0130,2026-07-08T16:26:00.000+05:30,ECONOMY,CONFIRMED,4438,798.84,1500,3736.84,REFUNDED
BK04414,PS00577,FL0165,2026-07-04T14:40:00.000+05:30,ECONOMY,CONFIRMED,3410,613.8,1000,3023.8,PENDING
BK04415,PS00376,FL0164,2026-05-03T01:16:00.000+05:30,ECONOMY,CONFIRMED,7218,1299.24,0,8517.24,PAID
BK04416,PS00100,FL0011,2026-05-19T00:09:00.000+05:30,FIRST,CONFIRMED,26214,4718.52,1000,29932.52,PAID
BK04417,PS00067,FL0112,2026-06-18T02:49:00.000+05:30,ECONOMY,PENDING,6118,1101.24,1000,6219.24,PAID
BK04418,PS00820,FL0069,2026-05-09T23:07:00.000+05:30,ECONOMY,CONFIRMED,5049,908.82,1000,4957.82,PAID
BK04419,PS00940,FL0198,2026-07-30T23:00:00.000+05:30,ECONOMY,CONFIRMED,3804,684.72,500,3988.72,PAID
BK04420,PS00961,FL0107,2026-04-23T02:22:00.000+05:30,ECONOMY,CONFIRMED,4422,795.96,1500,3717.96,PAID
BK04421,PS00483,FL0189,2026-06-24T10:48:00.000+05:30,ECONOMY,CONFIRMED,7348,1322.64,1000,7670.64,PAID
BK04422,PS00312,FL0060,2026-07-22T10:13:00.000+05:30,ECONOMY,CONFIRMED,5669,1020.42,0,6689.42,PENDING
BK04423,PS00595,FL0146,2026-06-01T07:42:00.000+05:30,ECONOMY,CONFIRMED,4305,774.9,1000,4079.9,PAID
BK04424,PS00146,FL0096,2026-04-29T20:50:00.000+05:30,ECONOMY,CONFIRMED,6266,1127.88,500,6893.88,PAID
BK04425,PS00301,FL0174,2026-05-21T03:12:00.000+05:30,ECONOMY,CONFIRMED,3705,666.9,0,4371.9,PAID
BK04426,PS00442,FL0055,2026-04-23T04:48:00.000+05:30,ECONOMY,CONFIRMED,3270,588.6,1000,2858.6,PENDING
BK04427,PS00520,FL0025,2026-05-12T17:16:00.000+05:30,PREMIUM ECONOMY,CANCELLED,10965,1973.7,500,12438.7,PAID
BK04428,PS00861,FL0059,2026-07-30T04:58:00.000+05:30,BUSINESS,CONFIRMED,15874,2857.32,0,18731.32,PAID
BK04429,PS00878,FL0069,2026-06-24T23:07:00.000+05:30,ECONOMY,CONFIRMED,4772,858.96,2000,3630.96,PAID
BK04430,PS00957,FL0165,2026-07-18T14:40:00.000+05:30,ECONOMY,CONFIRMED,6261,1126.98,1000,6387.98,PAID
BK04431,PS00404,FL0021,2026-04-22T16:16:00.000+05:30,ECONOMY,CONFIRMED,7430,1337.4,0,8767.4,PAID
BK04432,PS00274,FL0200,2026-08-22T07:44:00.000+05:30,ECONOMY,PENDING,5672,1020.96,1500,5192.96,REFUNDED
BK04433,PS00033,FL0053,2026-07-25T05:02:00.000+05:30,ECONOMY,CONFIRMED,6852,1233.36,500,7585.36,PAID
BK04434,PS00866,FL0200,2026-08-16T07:44:00.000+05:30,FIRST,CONFIRMED,35284,6351.12,2000,39635.12,PAID
BK04435,PS00228,FL0187,2026-04-11T10:08:00.000+05:30,FIRST,CONFIRMED,28965,5213.7,1500,32678.7,PAID
BK04436,PS00771,FL0174,2026-06-16T03:12:00.000+05:30,ECONOMY,CONFIRMED,6975,1255.5,1000,7230.5,PAID
BK04437,PS00072,FL0021,2026-08-12T16:16:00.000+05:30,ECONOMY,CONFIRMED,6256,1126.08,1500,5882.08,PAID
BK04438,PS00209,FL0074,2026-05-05T06:02:00.000+05:30,ECONOMY,CONFIRMED,7291,1312.38,1000,7603.38,PAID
BK04439,PS00803,FL0160,2026-07-09T03:28:00.000+05:30,ECONOMY,CONFIRMED,3077,553.86,1500,2130.86,PAID
BK04440,PS00400,FL0052,2026-08-22T12:14:00.000+05:30,BUSINESS,CONFIRMED,24583,4424.94,1500,27507.94,PAID
BK04441,PS00878,FL0140,2026-07-21T23:49:00.000+05:30,ECONOMY,PENDING,3880,698.4,500,4078.4,PAID
BK04442,PS00175,FL0003,2026-08-03T09:26:00.000+05:30,ECONOMY,CONFIRMED,6820,1227.6,0,8047.6,PAID
BK04443,PS00564,FL0157,2026-06-28T00:55:00.000+05:30,FIRST,CONFIRMED,31509,5671.62,1000,36180.62,PAID
BK04444,PS00389,FL0004,2026-06-04T03:45:00.000+05:30,ECONOMY,CONFIRMED,7517,1353.06,1000,7870.06,PAID
BK04445,PS00421,FL0070,2026-08-19T01:52:00.000+05:30,ECONOMY,CONFIRMED,4150,747.0,1000,3897.0,PAID
BK04446,PS01000,FL0003,2026-06-16T09:26:00.000+05:30,BUSINESS,CONFIRMED,24722,4449.96,1500,27671.96,PAID
BK04447,PS00912,FL0103,2026-08-02T09:18:00.000+05:30,ECONOMY,CONFIRMED,7643,1375.74,2000,7018.74,REFUNDED
BK04448,PS00445,FL0188,2026-05-28T03:01:00.000+05:30,ECONOMY,CONFIRMED,7011,1261.98,0,8272.98,PAID
BK04449,PS00855,FL0025,2026-05-18T17:16:00.000+05:30,PREMIUM ECONOMY,CONFIRMED,11020,1983.6,1000,12003.6,PAID
BK04450,PS00032,FL0052,2026-07-27T12:14:00.000+05:30,BUSINESS,CONFIRMED,13488,2427.84,2000,13915.84,PAID
BK04451,PS00461,FL0018,2026-06-15T15:36:00.000+05:30,ECONOMY,PENDING,7252,1305.36,1500,7057.36,PAID
BK04452,PS00253,FL0156,2026-07-27T04:18:00.000+05:30,BUSINESS,CONFIRMED,20687,3723.66,2000,22410.66,PAID
BK04453,PS00197,FL0055,2026-04-04T04:48:00.000+05:30,ECONOMY,CONFIRMED,4572,822.96,1500,3894.96,PAID
BK04454,PS00215,FL0101,2026-06-02T19:08:00.000+05:30,ECONOMY,CONFIRMED,3274,589.32,1500,2363.32,PAID
BK04455,PS00267,FL0062,2026-07-24T12:00:00.000+05:30,ECONOMY,CONFIRMED,3495,629.1,1500,2624.1,PAID
BK04456,PS00995,FL0088,2026-05-17T01:28:00.000+05:30,PREMIUM ECONOMY,CONFIRMED,9035,1626.3,0,10661.3,PAID
BK04457,PS00185,FL0081,2026-04-22T20:53:00.000+05:30,BUSINESS,CONFIRMED,18144,3265.92,0,21409.92,PAID
BK04458,PS00596,FL0110,2026-08-07T10:52:00.000+05:30,PREMIUM ECONOMY,CONFIRMED,9074,1633.32,1000,9707.32,PAID
BK04459,PS00704,FL0057,2026-05-16T08:35:00.000+05:30,ECONOMY,CONFIRMED,4532,815.76,1500,3847.76,PAID
BK04460,PS00102,FL0178,2026-07-28T07:36:00.000+05:30,ECONOMY,CONFIRMED,7866,1415.88,0,9281.88,PAID
BK04461,PS00562,FL0025,2026-04-16T17:16:00.000+05:30,BUSINESS,CONFIRMED,13410,2413.8,2000,13823.8,PAID
BK04462,PS00554,FL0060,2026-06-17T10:13:00.000+05:30,ECONOMY,CONFIRMED,3893,700.74,0,4593.74,PAID
BK04463,PS00376,FL0194,2026-08-05T06:24:00.000+05:30,ECONOMY,CONFIRMED,6453,1161.54,1500,6114.54,PAID
BK04464,PS00743,FL0139,2026-04-24T12:04:00.000+05:30,BUSINESS,CONFIRMED,23041,4147.38,2000,25188.38,PAID
BK04465,PS00562,FL0049,2026-07-20T18:21:00.000+05:30,ECONOMY,CONFIRMED,4928,887.04,500,5315.04,PAID
BK04466,PS00974,FL0098,2026-05-20T19:28:00.000+05:30,BUSINESS,CONFIRMED,24152,4347.36,500,27999.36,PAID
BK04467,PS00376,FL0094,2026-07-30T06:12:00.000+05:30,ECONOMY,CONFIRMED,4892,880.56,0,5772.56,PAID
BK04468,PS00788,FL0088,2026-05-30T01:28:00.000+05:30,ECONOMY,CONFIRMED,6303,1134.54,1500,5937.54,PAID
BK04469,PS00817,FL0037,2026-08-07T18:43:00.000+05:30,ECONOMY,CANCELLED,6420,1155.6,2000,5575.6,PAID
BK04470,PS00021,FL0115,2026-08-07T21:48:00.000+05:30,BUSINESS,CANCELLED,15932,2867.76,500,18299.76,PENDING
BK04471,PS00448,FL0124,2026-07-30T21:31:00.000+05:30,PREMIUM ECONOMY,CANCELLED,10948,1970.64,1000,11918.64,PAID
BK04472,PS00620,FL0166,2026-06-12T19:03:00.000+05:30,ECONOMY,CONFIRMED,7817,1407.06,2000,7224.06,PAID
BK04473,PS00136,FL0161,2026-05-09T20:10:00.000+05:30,ECONOMY,CONFIRMED,6197,1115.46,500,6812.46,PAID
BK04474,PS00565,FL0074,2026-05-17T06:02:00.000+05:30,BUSINESS,CONFIRMED,16272,2928.96,500,18700.96,PAID
BK04475,PS00280,FL0120,2026-06-22T21:25:00.000+05:30,PREMIUM ECONOMY,CONFIRMED,10351,1863.18,500,11714.18,PAID
BK04476,PS00240,FL0168,2026-05-25T15:47:00.000+05:30,ECONOMY,CONFIRMED,5766,1037.88,0,6803.88,PAID
BK04477,PS00963,FL0046,2026-07-15T20:49:00.000+05:30,ECONOMY,CONFIRMED,7694,1384.92,2000,7078.92,PAID
BK04478,PS00771,FL0046,2026-07-11T20:49:00.000+05:30,ECONOMY,CONFIRMED,3355,603.9,1000,2958.9,PAID
BK04479,PS00539,FL0048,2026-05-26T00:59:00.000+05:30,ECONOMY,CONFIRMED,4826,868.68,1500,4194.68,PAID
BK04480,PS00096,FL0030,2026-08-02T04:05:00.000+05:30,ECONOMY,CONFIRMED,6525,1174.5,1000,6699.5,PAID
BK04481,PS00391,FL0194,2026-07-01T06:24:00.000+05:30,ECONOMY,CANCELLED,5625,1012.5,500,6137.5,PAID
BK04482,PS00799,FL0079,2026-07-09T02:26:00.000+05:30,ECONOMY,CANCELLED,7725,1390.5,500,8615.5,PAID
BK04483,PS00817,FL0116,2026-06-03T12:06:00.000+05:30,FIRST,CONFIRMED,27536,4956.48,1500,30992.48,PAID
BK04484,PS00802,FL0053,2026-08-14T05:02:00.000+05:30,BUSINESS,CANCELLED,14522,2613.96,1000,16135.96,PAID
BK04485,PS00671,FL0109,2026-07-14T05:41:00.000+05:30,PREMIUM ECONOMY,CONFIRMED,8986,1617.48,500,10103.48,PAID
BK04486,PS00552,FL0100,2026-08-18T18:25:00.000+05:30,ECONOMY,CONFIRMED,5243,943.74,500,5686.74,PENDING
BK04487,PS00301,FL0083,2026-06-21T08:39:00.000+05:30,ECONOMY,CONFIRMED,4646,836.28,1500,3982.28,PAID
BK04488,PS00537,FL0044,2026-05-16T15:19:00.000+05:30,ECONOMY,CONFIRMED,3641,655.38,0,4296.38,PAID
BK04489,PS00997,FL0046,2026-05-30T20:49:00.000+05:30,ECONOMY,CONFIRMED,3771,678.78,500,3949.78,PAID
BK04490,PS00238,FL0060,2026-07-19T10:13:00.000+05:30,ECONOMY,CONFIRMED,4236,762.48,0,4998.48,PAID
BK04491,PS00465,FL0048,2026-06-12T00:59:00.000+05:30,ECONOMY,CONFIRMED,7721,1389.78,0,9110.78,PAID
BK04492,PS00271,FL0154,2026-05-02T18:41:00.000+05:30,ECONOMY,CANCELLED,5652,1017.36,1000,5669.36,REFUNDED
BK04493,PS00855,FL0085,2026-06-06T06:23:00.000+05:30,ECONOMY,PENDING,4572,822.96,500,4894.96,PAID
BK04494,PS00726,FL0077,2026-05-21T02:30:00.000+05:30,FIRST,CONFIRMED,39381,7088.58,0,46469.58,PAID
BK04495,PS00581,FL0002,2026-04-28T11:44:00.000+05:30,ECONOMY,CONFIRMED,4315,776.7,0,5091.7,PAID
BK04496,PS00635,FL0047,2026-05-04T02:11:00.000+05:30,ECONOMY,PENDING,4304,774.72,500,4578.72,PAID
BK04497,PS00967,FL0013,2026-06-16T01:09:00.000+05:30,ECONOMY,CONFIRMED,4294,772.92,0,5066.92,PAID
BK04498,PS00246,FL0110,2026-06-27T10:52:00.000+05:30,ECONOMY,CONFIRMED,7665,1379.7,500,8544.7,PAID
BK04499,PS00463,FL0103,2026-08-17T09:18:00.000+05:30,ECONOMY,CONFIRMED,5288,951.84,500,5739.84,PAID
BK04500,PS00648,FL0038,2026-06-24T08:19:00.000+05:30,ECONOMY,PENDING,7125,1282.5,2000,6407.5,PAID
BK04501,PS00176,FL0188,2026-05-24T03:01:00.000+05:30,BUSINESS,CONFIRMED,16649,2996.82,500,19145.82,PENDING
BK04502,PS00714,FL0181,2026-06-20T19:53:00.000+05:30,ECONOMY,CONFIRMED,7224,1300.32,500,8024.32,PAID
BK04503,PS00778,FL0163,2026-05-26T08:18:00.000+05:30,ECONOMY,PENDING,3382,608.76,500,3490.76,PAID
BK04504,PS00876,FL0089,2026-04-18T02:36:00.000+05:30,ECONOMY,CONFIRMED,4999,899.82,1500,4398.82,PAID
BK04505,PS00819,FL0180,2026-07-05T01:16:00.000+05:30,BUSINESS,CONFIRMED,23855,4293.9,1000,27148.9,PAID
BK04506,PS00955,FL0048,2026-07-10T00:59:00.000+05:30,BUSINESS,CONFIRMED,14231,2561.58,500,16292.58,PAID
BK04507,PS00907,FL0044,2026-08-06T15:19:00.000+05:30,ECONOMY,CONFIRMED,3104,558.72,1500,2162.72,PAID
BK04508,PS00196,FL0088,2026-06-23T01:28:00.000+05:30,ECONOMY,PENDING,4931,887.58,2000,3818.58,PAID
BK04509,PS00657,FL0023,2026-04-13T20:11:00.000+05:30,FIRST,CONFIRMED,31155,5607.9,2000,34762.9,PAID
BK04510,PS00259,FL0104,2026-04-21T13:10:00.000+05:30,ECONOMY,CONFIRMED,5255,945.9,0,6200.9,PAID
BK04511,PS00734,FL0113,2026-04-19T11:26:00.000+05:30,ECONOMY,PENDING,3394,610.92,1000,3004.92,PAID
BK04512,PS00186,FL0023,2026-06-16T20:11:00.000+05:30,ECONOMY,CANCELLED,5852,1053.36,1500,5405.36,PAID
BK04513,PS00593,FL0031,2026-07-22T06:23:00.000+05:30,BUSINESS,CANCELLED,12312,2216.16,1500,13028.16,PAID
BK04514,PS00320,FL0113,2026-08-02T11:26:00.000+05:30,ECONOMY,CONFIRMED,5269,948.42,500,5717.42,PAID
BK04515,PS00196,FL0139,2026-07-23T12:04:00.000+05:30,BUSINESS,CONFIRMED,21144,3805.92,0,24949.92,PAID
BK04516,PS00332,FL0033,2026-05-23T08:26:00.000+05:30,ECONOMY,CONFIRMED,6200,1116.0,1000,6316.0,PAID
BK04517,PS00177,FL0089,2026-05-17T02:36:00.000+05:30,ECONOMY,CONFIRMED,7205,1296.9,1500,7001.9,PAID
BK04518,PS00577,FL0074,2026-07-21T06:02:00.000+05:30,BUSINESS,CONFIRMED,24450,4401.0,0,28851.0,PAID
BK04519,PS00541,FL0133,2026-06-13T07:05:00.000+05:30,ECONOMY,CONFIRMED,6381,1148.58,2000,5529.58,PAID
BK04520,PS00440,FL0057,2026-07-15T08:35:00.000+05:30,FIRST,CONFIRMED,29979,5396.22,0,35375.22,PAID
BK04521,PS00726,FL0190,2026-07-13T12:08:00.000+05:30,ECONOMY,CONFIRMED,7819,1407.42,500,8726.42,PAID
BK04522,PS00415,FL0031,2026-07-07T06:23:00.000+05:30,PREMIUM ECONOMY,PENDING,10459,1882.62,500,11841.62,PAID
BK04523,PS00341,FL0120,2026-05-27T21:25:00.000+05:30,ECONOMY,CONFIRMED,4433,797.94,1000,4230.94,PAID
BK04524,PS00859,FL0022,2026-05-27T08:13:00.000+05:30,ECONOMY,CONFIRMED,5031,905.58,2000,3936.58,PAID
BK04525,PS00253,FL0119,2026-05-24T23:00:00.000+05:30,ECONOMY,CONFIRMED,3237,582.66,0,3819.66,PAID
BK04526,PS00793,FL0104,2026-04-11T13:10:00.000+05:30,FIRST,CANCELLED,26252,4725.36,0,30977.36,PAID
BK04527,PS00538,FL0141,2026-05-23T23:30:00.000+05:30,ECONOMY,PENDING,7158,1288.44,0,8446.44,PAID
BK04528,PS00097,FL0127,2026-05-15T01:50:00.000+05:30,PREMIUM ECONOMY,CONFIRMED,11882,2138.76,500,13520.76,PAID
BK04529,PS00461,FL0182,2026-06-13T15:10:00.000+05:30,BUSINESS,CONFIRMED,19594,3526.92,500,22620.92,PAID
BK04530,PS00212,FL0029,2026-06-13T09:42:00.000+05:30,ECONOMY,CONFIRMED,3359,604.62,1500,2463.62,PAID
BK04531,PS00351,FL0084,2026-04-12T23:01:00.000+05:30,PREMIUM ECONOMY,CONFIRMED,8250,1485.0,500,9235.0,PAID
BK04532,PS00899,FL0147,2026-07-06T14:49:00.000+05:30,FIRST,CONFIRMED,33857,6094.26,2000,37951.26,PAID
BK04533,PS00249,FL0103,2026-06-02T09:18:00.000+05:30,BUSINESS,CONFIRMED,18495,3329.1,0,21824.1,PAID
BK04534,PS00054,FL0099,2026-07-10T13:57:00.000+05:30,ECONOMY,CONFIRMED,6338,1140.84,2000,5478.84,PAID
BK04535,PS00691,FL0126,2026-04-18T21:39:00.000+05:30,ECONOMY,CONFIRMED,6369,1146.42,1500,6015.42,PAID
BK04536,PS00292,FL0126,2026-05-14T21:39:00.000+05:30,BUSINESS,PENDING,17476,3145.68,2000,18621.68,PENDING
BK04537,PS00982,FL0103,2026-05-09T09:18:00.000+05:30,ECONOMY,CONFIRMED,7943,1429.74,1000,8372.74,PAID
BK04538,PS00532,FL0043,2026-04-22T12:42:00.000+05:30,ECONOMY,CONFIRMED,4543,817.74,0,5360.74,PAID
BK04539,PS00252,FL0043,2026-04-17T12:42:00.000+05:30,PREMIUM ECONOMY,PENDING,10525,1894.5,500,11919.5,PAID
BK04540,PS00849,FL0176,2026-05-29T02:41:00.000+05:30,FIRST,CONFIRMED,31957,5752.26,0,37709.26,PAID
BK04541,PS00119,FL0147,2026-04-18T14:49:00.000+05:30,ECONOMY,PENDING,5179,932.22,1000,5111.22,PAID
BK04542,PS00993,FL0142,2026-05-03T17:53:00.000+05:30,ECONOMY,PENDING,3182,572.76,0,3754.76,PAID
BK04543,PS00931,FL0119,2026-08-14T23:00:00.000+05:30,PREMIUM ECONOMY,CONFIRMED,9259,1666.62,2000,8925.62,PAID
BK04544,PS00073,FL0102,2026-07-29T16:29:00.000+05:30,ECONOMY,CONFIRMED,7149,1286.82,2000,6435.82,PAID
BK04545,PS00023,FL0139,2026-05-06T12:04:00.000+05:30,BUSINESS,CONFIRMED,19688,3543.84,1000,22231.84,PAID
BK04546,PS00306,FL0004,2026-06-21T03:45:00.000+05:30,ECONOMY,CANCELLED,4384,789.12,1500,3673.12,PAID
BK04547,PS00102,FL0076,2026-04-18T04:07:00.000+05:30,ECONOMY,CONFIRMED,5492,988.56,2000,4480.56,PAID
BK04548,PS00499,FL0045,2026-05-03T16:40:00.000+05:30,ECONOMY,CONFIRMED,3780,680.4,1500,2960.4,PAID
BK04549,PS00621,FL0117,2026-05-23T05:35:00.000+05:30,FIRST,CANCELLED,36710,6607.8,0,43317.8,PAID
BK04550,PS00192,FL0058,2026-07-27T08:10:00.000+05:30,PREMIUM ECONOMY,CONFIRMED,8380,1508.4,1500,8388.4,PAID
BK04551,PS00267,FL0064,2026-06-07T02:15:00.000+05:30,PREMIUM ECONOMY,CONFIRMED,9070,1632.6,0,10702.6,PAID
BK04552,PS00445,FL0088,2026-06-18T01:28:00.000+05:30,BUSINESS,CONFIRMED,23029,4145.22,500,26674.22,REFUNDED
BK04553,PS00018,FL0041,2026-07-22T01:48:00.000+05:30,ECONOMY,CONFIRMED,7635,1374.3,1500,7509.3,PAID
BK04554,PS00329,FL0117,2026-04-15T05:35:00.000+05:30,PREMIUM ECONOMY,CONFIRMED,10826,1948.68,0,12774.68,PAID
BK04555,PS00495,FL0064,2026-08-02T02:15:00.000+05:30,ECONOMY,CONFIRMED,7790,1402.2,500,8692.2,PAID
BK04556,PS00560,FL0008,2026-05-24T07:56:00.000+05:30,ECONOMY,CONFIRMED,6160,1108.8,1500,5768.8,PAID
BK04557,PS00654,FL0031,2026-06-25T06:23:00.000+05:30,ECONOMY,CONFIRMED,3355,603.9,0,3958.9,PAID
BK04558,PS00624,FL0093,2026-05-02T07:37:00.000+05:30,ECONOMY,CONFIRMED,5743,1033.74,0,6776.74,PAID
BK04559,PS00194,FL0140,2026-05-26T23:49:00.000+05:30,ECONOMY,PENDING,5428,977.04,1500,4905.04,PAID
BK04560,PS00108,FL0072,2026-08-11T10:20:00.000+05:30,ECONOMY,CONFIRMED,6663,1199.34,2000,5862.34,PAID
BK04561,PS00464,FL0185,2026-07-16T12:51:00.000+05:30,ECONOMY,CONFIRMED,7366,1325.88,2000,6691.88,PAID
BK04562,PS00486,FL0117,2026-04-23T05:35:00.000+05:30,ECONOMY,CONFIRMED,5982,1076.76,0,7058.76,PAID
BK04563,PS00349,FL0120,2026-06-29T21:25:00.000+05:30,FIRST,CONFIRMED,26207,4717.26,0,30924.26,PAID
BK04564,PS00705,FL0199,2026-06-16T14:46:00.000+05:30,ECONOMY,CONFIRMED,5896,1061.28,1000,5957.28,PAID
BK04565,PS00455,FL0158,2026-08-03T23:39:00.000+05:30,ECONOMY,CONFIRMED,7033,1265.94,1500,6798.94,PAID
BK04566,PS00307,FL0191,2026-06-05T00:54:00.000+05:30,ECONOMY,CONFIRMED,4428,797.04,0,5225.04,PAID
BK04567,PS00481,FL0104,2026-07-20T13:10:00.000+05:30,ECONOMY,CONFIRMED,6733,1211.94,500,7444.94,PAID
BK04568,PS00930,FL0107,2026-07-09T02:22:00.000+05:30,ECONOMY,CONFIRMED,7519,1353.42,500,8372.42,PAID
BK04569,PS00738,FL0144,2026-06-23T23:06:00.000+05:30,ECONOMY,CONFIRMED,7606,1369.08,1000,7975.08,PAID
BK04570,PS00143,FL0123,2026-07-12T22:32:00.000+05:30,ECONOMY,CONFIRMED,6116,1100.88,1000,6216.88,PAID
BK04571,PS00148,FL0008,2026-05-18T07:56:00.000+05:30,ECONOMY,CONFIRMED,6191,1114.38,0,7305.38,PAID
BK04572,PS00562,FL0065,2026-06-29T03:33:00.000+05:30,ECONOMY,CONFIRMED,7019,1263.42,0,8282.42,PAID
BK04573,PS00851,FL0070,2026-08-05T01:52:00.000+05:30,ECONOMY,CONFIRMED,5486,987.48,0,6473.48,PAID
BK04574,PS00744,FL0091,2026-05-31T21:07:00.000+05:30,ECONOMY,CONFIRMED,6927,1246.86,0,8173.86,PAID
BK04575,PS00161,FL0065,2026-04-29T03:33:00.000+05:30,BUSINESS,CONFIRMED,20343,3661.74,2000,22004.74,PAID
BK04576,PS00048,FL0007,2026-06-23T19:26:00.000+05:30,ECONOMY,CONFIRMED,4252,765.36,1500,3517.36,PAID
BK04577,PS00055,FL0108,2026-04-27T13:18:00.000+05:30,ECONOMY,CONFIRMED,6081,1094.58,500,6675.58,PAID
BK04578,PS00678,FL0161,2026-06-06T20:10:00.000+05:30,BUSINESS,CONFIRMED,21416,3854.88,2000,23270.88,PAID
BK04579,PS00965,FL0143,2026-07-08T16:54:00.000+05:30,ECONOMY,CONFIRMED,5493,988.74,1000,5481.74,PAID
BK04580,PS00202,FL0162,2026-08-16T12:14:00.000+05:30,ECONOMY,CONFIRMED,5440,979.2,2000,4419.2,PAID
BK04581,PS00548,FL0038,2026-05-18T08:19:00.000+05:30,ECONOMY,PENDING,6376,1147.68,2000,5523.68,PAID
BK04582,PS00047,FL0022,2026-06-18T08:13:00.000+05:30,ECONOMY,CONFIRMED,5214,938.52,1000,5152.52,PAID
BK04583,PS00660,FL0137,2026-08-14T17:20:00.000+05:30,ECONOMY,CONFIRMED,3257,586.26,500,3343.26,PAID
BK04584,PS00403,FL0034,2026-04-27T15:35:00.000+05:30,BUSINESS,CANCELLED,22544,4057.92,0,26601.92,PAID
BK04585,PS00292,FL0107,2026-08-08T02:22:00.000+05:30,ECONOMY,CONFIRMED,3260,586.8,500,3346.8,PAID
BK04586,PS00872,FL0091,2026-08-03T21:07:00.000+05:30,ECONOMY,CONFIRMED,4399,791.82,2000,3190.82,PAID
BK04587,PS00354,FL0041,2026-05-31T01:48:00.000+05:30,BUSINESS,CONFIRMED,22593,4066.74,1000,25659.74,PAID
BK04588,PS00506,FL0094,2026-07-20T06:12:00.000+05:30,ECONOMY,CONFIRMED,4927,886.86,1500,4313.86,PAID
BK04589,PS00948,FL0110,2026-05-31T10:52:00.000+05:30,ECONOMY,CONFIRMED,7893,1420.74,2000,7313.74,PENDING
BK04590,PS00401,FL0158,2026-06-07T23:39:00.000+05:30,ECONOMY,CONFIRMED,7101,1278.18,2000,6379.18,PAID
BK04591,PS00781,FL0072,2026-06-17T10:20:00.000+05:30,ECONOMY,CONFIRMED,4692,844.56,500,5036.56,PAID
BK04592,PS00959,FL0200,2026-05-30T07:44:00.000+05:30,ECONOMY,CONFIRMED,4956,892.08,1500,4348.08,PAID
BK04593,PS00716,FL0071,2026-07-14T13:39:00.000+05:30,ECONOMY,CONFIRMED,4991,898.38,500,5389.38,PAID
BK04594,PS00141,FL0098,2026-05-26T19:28:00.000+05:30,ECONOMY,CONFIRMED,3618,651.24,2000,2269.24,PAID
BK04595,PS00099,FL0095,2026-05-18T03:52:00.000+05:30,ECONOMY,CANCELLED,5661,1018.98,0,6679.98,PAID
BK04596,PS00389,FL0053,2026-08-03T05:02:00.000+05:30,ECONOMY,CONFIRMED,5161,928.98,2000,4089.98,PAID
BK04597,PS00850,FL0089,2026-07-16T02:36:00.000+05:30,ECONOMY,CONFIRMED,7800,1404.0,2000,7204.0,PAID
BK04598,PS00186,FL0030,2026-05-28T04:05:00.000+05:30,BUSINESS,CONFIRMED,20146,3626.28,2000,21772.28,PAID
BK04599,PS00088,FL0087,2026-05-03T17:39:00.000+05:30,ECONOMY,CONFIRMED,4265,767.7,0,5032.7,PAID
BK04600,PS00236,FL0136,2026-05-22T00:00:00.000+05:30,ECONOMY,CONFIRMED,4444,799.92,2000,3243.92,PAID
BK04601,PS00406,FL0151,2026-06-12T13:13:00.000+05:30,ECONOMY,CONFIRMED,6040,1087.2,0,7127.2,PAID
BK04602,PS00950,FL0186,2026-06-24T08:30:00.000+05:30,ECONOMY,CONFIRMED,6960,1252.8,1000,7212.8,PAID
BK04603,PS00453,FL0120,2026-06-20T21:25:00.000+05:30,BUSINESS,CONFIRMED,17826,3208.68,500,20534.68,PAID
BK04604,PS00430,FL0175,2026-08-11T20:18:00.000+05:30,BUSINESS,CONFIRMED,15627,2812.86,2000,16439.86,PENDING
BK04605,PS00599,FL0032,2026-07-27T00:14:00.000+05:30,ECONOMY,CONFIRMED,6802,1224.36,500,7526.36,PAID
BK04606,PS00238,FL0132,2026-06-15T20:02:00.000+05:30,FIRST,CONFIRMED,26135,4704.3,500,30339.3,PAID
BK04607,PS00610,FL0153,2026-06-02T12:05:00.000+05:30,FIRST,CANCELLED,26779,4820.22,1000,30599.22,PAID
BK04608,PS00473,FL0016,2026-06-19T06:12:00.000+05:30,PREMIUM ECONOMY,CONFIRMED,8500,1530.0,1000,9030.0,PAID
BK04609,PS00134,FL0159,2026-06-30T00:44:00.000+05:30,ECONOMY,CONFIRMED,5903,1062.54,1500,5465.54,PENDING
BK04610,PS00462,FL0053,2026-07-26T05:02:00.000+05:30,BUSINESS,CANCELLED,19972,3594.96,2000,21566.96,PAID
BK04611,PS00867,FL0141,2026-06-09T23:30:00.000+05:30,ECONOMY,CONFIRMED,6866,1235.88,1000,7101.88,PAID
BK04612,PS00811,FL0007,2026-06-29T19:26:00.000+05:30,ECONOMY,CONFIRMED,4878,878.04,2000,3756.04,PAID
BK04613,PS00667,FL0045,2026-06-19T16:40:00.000+05:30,ECONOMY,CONFIRMED,3880,698.4,500,4078.4,PAID
BK04614,PS00176,FL0026,2026-04-17T22:05:00.000+05:30,PREMIUM ECONOMY,CONFIRMED,10361,1864.98,0,12225.98,PAID
BK04615,PS00556,FL0178,2026-04-11T07:36:00.000+05:30,BUSINESS,CONFIRMED,20079,3614.22,0,23693.22,PAID
BK04616,PS00959,FL0200,2026-05-26T07:44:00.000+05:30,ECONOMY,CONFIRMED,3374,607.32,1000,2981.32,PAID
BK04617,PS00063,FL0160,2026-06-11T03:28:00.000+05:30,ECONOMY,CANCELLED,3397,611.46,1500,2508.46,PAID
BK04618,PS00992,FL0167,2026-04-26T05:21:00.000+05:30,BUSINESS,CONFIRMED,13392,2410.56,1000,14802.56,PAID
BK04619,PS00352,FL0080,2026-06-04T23:54:00.000+05:30,PREMIUM ECONOMY,CONFIRMED,11967,2154.06,500,13621.06,PAID
BK04620,PS00528,FL0008,2026-06-08T07:56:00.000+05:30,ECONOMY,PENDING,5551,999.18,2000,4550.18,PAID
BK04621,PS00329,FL0029,2026-07-15T09:42:00.000+05:30,ECONOMY,CONFIRMED,6234,1122.12,1500,5856.12,PAID
BK04622,PS00985,FL0085,2026-08-14T06:23:00.000+05:30,ECONOMY,CONFIRMED,7360,1324.8,1000,7684.8,PAID
BK04623,PS00907,FL0001,2026-07-20T23:23:00.000+05:30,FIRST,CONFIRMED,26692,4804.56,2000,29496.56,PAID
BK04624,PS00531,FL0034,2026-05-18T15:35:00.000+05:30,ECONOMY,PENDING,3361,604.98,500,3465.98,PAID
BK04625,PS00266,FL0166,2026-05-18T19:03:00.000+05:30,ECONOMY,CONFIRMED,5973,1075.14,500,6548.14,PAID
BK04626,PS00669,FL0050,2026-05-17T22:38:00.000+05:30,FIRST,CONFIRMED,31945,5750.1,1000,36695.1,PENDING
BK04627,PS00006,FL0175,2026-08-14T20:18:00.000+05:30,ECONOMY,CONFIRMED,5523,994.14,1500,5017.14,PAID
BK04628,PS00216,FL0035,2026-06-09T03:33:00.000+05:30,ECONOMY,CONFIRMED,3465,623.7,0,4088.7,PAID
BK04629,PS00709,FL0065,2026-05-03T03:33:00.000+05:30,ECONOMY,CONFIRMED,4437,798.66,500,4735.66,PAID
BK04630,PS00593,FL0040,2026-06-28T17:55:00.000+05:30,ECONOMY,CONFIRMED,4956,892.08,1500,4348.08,PAID
BK04631,PS00991,FL0053,2026-04-30T05:02:00.000+05:30,ECONOMY,CONFIRMED,3485,627.3,1000,3112.3,PENDING
BK04632,PS00191,FL0085,2026-07-06T06:23:00.000+05:30,BUSINESS,CONFIRMED,16810,3025.8,500,19335.8,PAID
BK04633,PS00135,FL0157,2026-05-17T00:55:00.000+05:30,PREMIUM ECONOMY,CONFIRMED,10974,1975.32,0,12949.32,PAID
BK04634,PS00321,FL0137,2026-08-13T17:20:00.000+05:30,ECONOMY,CONFIRMED,6935,1248.3,1500,6683.3,PAID
BK04635,PS00576,FL0069,2026-07-03T23:07:00.000+05:30,ECONOMY,CONFIRMED,3893,700.74,1000,3593.74,PAID
BK04636,PS00266,FL0133,2026-07-11T07:05:00.000+05:30,ECONOMY,PENDING,6271,1128.78,1500,5899.78,PAID
BK04637,PS00359,FL0076,2026-06-30T04:07:00.000+05:30,ECONOMY,CONFIRMED,5327,958.86,0,6285.86,PAID
BK04638,PS00412,FL0196,2026-07-13T00:36:00.000+05:30,ECONOMY,CONFIRMED,3013,542.34,500,3055.34,PAID
BK04639,PS00493,FL0073,2026-07-04T20:34:00.000+05:30,ECONOMY,CONFIRMED,3916,704.88,2000,2620.88,PAID
BK04640,PS00344,FL0158,2026-05-07T23:39:00.000+05:30,ECONOMY,PENDING,3755,675.9,500,3930.9,PAID
BK04641,PS00319,FL0105,2026-05-16T18:58:00.000+05:30,BUSINESS,PENDING,12070,2172.6,500,13742.6,PAID
BK04642,PS00786,FL0169,2026-06-08T14:48:00.000+05:30,ECONOMY,CONFIRMED,6873,1237.14,1500,6610.14,PAID
BK04643,PS00836,FL0060,2026-06-17T10:13:00.000+05:30,ECONOMY,CONFIRMED,7942,1429.56,2000,7371.56,PAID
BK04644,PS00327,FL0138,2026-07-02T07:55:00.000+05:30,ECONOMY,CONFIRMED,6857,1234.26,500,7591.26,PAID
BK04645,PS00815,FL0113,2026-05-16T11:26:00.000+05:30,ECONOMY,CONFIRMED,6031,1085.58,2000,5116.58,PAID
BK04646,PS00747,FL0100,2026-06-12T18:25:00.000+05:30,FIRST,CONFIRMED,33410,6013.8,1500,37923.8,PAID
BK04647,PS00601,FL0200,2026-08-13T07:44:00.000+05:30,ECONOMY,CONFIRMED,5485,987.3,0,6472.3,PAID
BK04648,PS00909,FL0118,2026-08-07T10:51:00.000+05:30,ECONOMY,CONFIRMED,4477,805.86,500,4782.86,PAID
BK04649,PS00969,FL0121,2026-06-15T05:51:00.000+05:30,PREMIUM ECONOMY,CONFIRMED,10599,1907.82,1500,11006.82,PENDING
BK04650,PS00559,FL0168,2026-07-26T15:47:00.000+05:30,ECONOMY,CONFIRMED,7742,1393.56,1500,7635.56,PAID
BK04651,PS00938,FL0156,2026-06-24T04:18:00.000+05:30,ECONOMY,CONFIRMED,6246,1124.28,2000,5370.28,PAID
BK04652,PS00912,FL0092,2026-07-18T01:56:00.000+05:30,ECONOMY,PENDING,3566,641.88,0,4207.88,PAID
BK04653,PS00856,FL0009,2026-04-29T01:29:00.000+05:30,ECONOMY,CONFIRMED,5764,1037.52,1500,5301.52,PAID
BK04654,PS00718,FL0182,2026-07-04T15:10:00.000+05:30,ECONOMY,CONFIRMED,6504,1170.72,2000,5674.72,PAID
BK04655,PS00660,FL0054,2026-05-05T10:45:00.000+05:30,ECONOMY,PENDING,6868,1236.24,500,7604.24,PENDING
BK04656,PS00967,FL0044,2026-08-05T15:19:00.000+05:30,ECONOMY,CONFIRMED,6815,1226.7,2000,6041.7,PAID
BK04657,PS00696,FL0105,2026-07-29T18:58:00.000+05:30,ECONOMY,CONFIRMED,7817,1407.06,1500,7724.06,PAID
BK04658,PS00500,FL0109,2026-07-08T05:41:00.000+05:30,ECONOMY,CONFIRMED,4707,847.26,2000,3554.26,PENDING
BK04659,PS00583,FL0063,2026-04-27T23:44:00.000+05:30,ECONOMY,CONFIRMED,7096,1277.28,2000,6373.28,PAID
BK04660,PS00231,FL0136,2026-08-12T00:00:00.000+05:30,ECONOMY,CONFIRMED,6736,1212.48,0,7948.48,PAID
BK04661,PS00410,FL0158,2026-04-28T23:39:00.000+05:30,ECONOMY,CONFIRMED,6401,1152.18,1000,6553.18,PAID
BK04662,PS00546,FL0171,2026-05-24T15:42:00.000+05:30,BUSINESS,CONFIRMED,18761,3376.98,1500,20637.98,PAID
BK04663,PS00267,FL0124,2026-07-30T21:31:00.000+05:30,ECONOMY,CONFIRMED,7471,1344.78,0,8815.78,PAID
BK04664,PS00978,FL0177,2026-05-12T07:12:00.000+05:30,ECONOMY,CONFIRMED,3434,618.12,1500,2552.12,PAID
BK04665,PS00690,FL0040,2026-07-18T17:55:00.000+05:30,ECONOMY,CONFIRMED,6287,1131.66,2000,5418.66,PAID
BK04666,PS00072,FL0144,2026-07-01T23:06:00.000+05:30,FIRST,CONFIRMED,28602,5148.36,1500,32250.36,PAID
BK04667,PS00604,FL0107,2026-07-16T02:22:00.000+05:30,PREMIUM ECONOMY,CONFIRMED,10037,1806.66,500,11343.66,PAID
BK04668,PS00187,FL0198,2026-05-22T23:00:00.000+05:30,BUSINESS,CONFIRMED,20656,3718.08,2000,22374.08,PENDING
BK04669,PS00422,FL0091,2026-06-29T21:07:00.000+05:30,ECONOMY,CONFIRMED,5008,901.44,1000,4909.44,PENDING
BK04670,PS00030,FL0180,2026-06-04T01:16:00.000+05:30,PREMIUM ECONOMY,CONFIRMED,8360,1504.8,500,9364.8,PAID
BK04671,PS00012,FL0030,2026-08-14T04:05:00.000+05:30,BUSINESS,CONFIRMED,17380,3128.4,1000,19508.4,PAID
BK04672,PS00106,FL0132,2026-08-03T20:02:00.000+05:30,PREMIUM ECONOMY,CONFIRMED,11333,2039.94,0,13372.94,PAID
BK04673,PS00549,FL0032,2026-07-24T00:14:00.000+05:30,ECONOMY,CONFIRMED,6299,1133.82,2000,5432.82,PAID
BK04674,PS00561,FL0124,2026-08-25T21:31:00.000+05:30,ECONOMY,CONFIRMED,3652,657.36,500,3809.36,PAID
BK04675,PS00701,FL0197,2026-04-20T20:31:00.000+05:30,ECONOMY,CANCELLED,4250,765.0,500,4515.0,PAID
BK04676,PS00509,FL0059,2026-05-29T04:58:00.000+05:30,ECONOMY,CONFIRMED,4883,878.94,0,5761.94,PAID
BK04677,PS00459,FL0112,2026-05-03T02:49:00.000+05:30,ECONOMY,CONFIRMED,6641,1195.38,2000,5836.38,PENDING
BK04678,PS00148,FL0005,2026-05-14T10:57:00.000+05:30,ECONOMY,CONFIRMED,4498,809.64,1000,4307.64,PAID
BK04679,PS00666,FL0073,2026-04-10T20:34:00.000+05:30,ECONOMY,PENDING,6685,1203.3,1500,6388.3,PAID
BK04680,PS00305,FL0183,2026-05-05T22:19:00.000+05:30,BUSINESS,CONFIRMED,23526,4234.68,0,27760.68,PAID
BK04681,PS00451,FL0179,2026-07-21T17:01:00.000+05:30,ECONOMY,CONFIRMED,7083,1274.94,1500,6857.94,PAID
BK04682,PS00426,FL0020,2026-05-22T17:18:00.000+05:30,ECONOMY,CANCELLED,6232,1121.76,500,6853.76,PAID
BK04683,PS00244,FL0173,2026-07-28T09:11:00.000+05:30,BUSINESS,CONFIRMED,24983,4496.94,2000,27479.94,PAID
BK04684,PS00081,FL0037,2026-06-16T18:43:00.000+05:30,ECONOMY,CONFIRMED,4672,840.96,500,5012.96,PAID
BK04685,PS00442,FL0021,2026-04-26T16:16:00.000+05:30,ECONOMY,CANCELLED,6182,1112.76,1500,5794.76,PAID
BK04686,PS00803,FL0137,2026-07-13T17:20:00.000+05:30,FIRST,CONFIRMED,38584,6945.12,0,45529.12,PAID
BK04687,PS00633,FL0007,2026-07-02T19:26:00.000+05:30,ECONOMY,CONFIRMED,5083,914.94,0,5997.94,PAID
BK04688,PS00491,FL0039,2026-07-12T01:47:00.000+05:30,BUSINESS,CONFIRMED,16626,2992.68,1000,18618.68,PAID
BK04689,PS00917,FL0014,2026-04-27T13:07:00.000+05:30,ECONOMY,CONFIRMED,7589,1366.02,500,8455.02,PAID
BK04690,PS00593,FL0117,2026-05-22T05:35:00.000+05:30,ECONOMY,CONFIRMED,5299,953.82,1500,4752.82,PENDING
BK04691,PS00695,FL0080,2026-05-28T23:54:00.000+05:30,ECONOMY,PENDING,7555,1359.9,1500,7414.9,PENDING
BK04692,PS00646,FL0089,2026-06-24T02:36:00.000+05:30,ECONOMY,CONFIRMED,7372,1326.96,1000,7698.96,PAID
BK04693,PS00716,FL0075,2026-07-26T02:42:00.000+05:30,FIRST,PENDING,38649,6956.82,0,45605.82,PAID
BK04694,PS00988,FL0182,2026-04-17T15:10:00.000+05:30,BUSINESS,CONFIRMED,19296,3473.28,500,22269.28,PAID
BK04695,PS00868,FL0187,2026-04-26T10:08:00.000+05:30,ECONOMY,CONFIRMED,7894,1420.92,500,8814.92,PAID
BK04696,PS00905,FL0110,2026-04-22T10:52:00.000+05:30,ECONOMY,CONFIRMED,7215,1298.7,0,8513.7,PAID
BK04697,PS00904,FL0018,2026-07-27T15:36:00.000+05:30,ECONOMY,CONFIRMED,4552,819.36,1500,3871.36,PAID
BK04698,PS00656,FL0126,2026-08-11T21:39:00.000+05:30,BUSINESS,CONFIRMED,16595,2987.1,2000,17582.1,PAID
BK04699,PS00173,FL0124,2026-08-11T21:31:00.000+05:30,ECONOMY,CONFIRMED,3680,662.4,1000,3342.4,PAID
BK04700,PS00342,FL0057,2026-08-17T08:35:00.000+05:30,ECONOMY,CONFIRMED,4400,792.0,0,5192.0,PAID
BK04701,PS00238,FL0166,2026-04-14T19:03:00.000+05:30,PREMIUM ECONOMY,CONFIRMED,8698,1565.64,500,9763.64,PAID
BK04702,PS00476,FL0008,2026-05-06T07:56:00.000+05:30,ECONOMY,CONFIRMED,7718,1389.24,0,9107.24,PAID
BK04703,PS00806,FL0082,2026-04-24T23:43:00.000+05:30,ECONOMY,CONFIRMED,4956,892.08,1000,4848.08,PAID
BK04704,PS00396,FL0091,2026-05-20T21:07:00.000+05:30,ECONOMY,CONFIRMED,6377,1147.86,1500,6024.86,PAID
BK04705,PS00198,FL0027,2026-04-21T07:46:00.000+05:30,BUSINESS,CONFIRMED,13004,2340.72,1000,14344.72,PAID
BK04706,PS00806,FL0085,2026-06-26T06:23:00.000+05:30,ECONOMY,CONFIRMED,3671,660.78,2000,2331.78,PAID
BK04707,PS00285,FL0083,2026-08-08T08:39:00.000+05:30,ECONOMY,CONFIRMED,5507,991.26,0,6498.26,PAID
BK04708,PS00721,FL0051,2026-06-30T00:24:00.000+05:30,ECONOMY,PENDING,4672,840.96,500,5012.96,PAID
BK04709,PS00318,FL0020,2026-07-19T17:18:00.000+05:30,ECONOMY,CONFIRMED,3824,688.32,1000,3512.32,PAID
BK04710,PS00430,FL0091,2026-05-01T21:07:00.000+05:30,PREMIUM ECONOMY,CONFIRMED,9224,1660.32,0,10884.32,PENDING
BK04711,PS00511,FL0023,2026-05-15T20:11:00.000+05:30,ECONOMY,CONFIRMED,4391,790.38,0,5181.38,PAID
BK04712,PS00814,FL0177,2026-08-18T07:12:00.000+05:30,ECONOMY,CONFIRMED,5114,920.52,1000,5034.52,PAID
BK04713,PS00373,FL0138,2026-05-09T07:55:00.000+05:30,PREMIUM ECONOMY,CONFIRMED,8805,1584.9,1500,8889.9,PAID
BK04714,PS00204,FL0162,2026-04-30T12:14:00.000+05:30,PREMIUM ECONOMY,CONFIRMED,8424,1516.32,1500,8440.32,PAID
BK04715,PS00302,FL0030,2026-07-21T04:05:00.000+05:30,ECONOMY,CONFIRMED,7708,1387.44,500,8595.44,PAID
BK04716,PS00148,FL0134,2026-08-21T08:42:00.000+05:30,ECONOMY,CONFIRMED,4031,725.58,2000,2756.58,PAID
BK04717,PS00628,FL0148,2026-05-10T19:51:00.000+05:30,ECONOMY,CONFIRMED,5788,1041.84,1000,5829.84,PAID
BK04718,PS00146,FL0058,2026-04-15T08:10:00.000+05:30,ECONOMY,CONFIRMED,4688,843.84,1500,4031.84,PAID
BK04719,PS00305,FL0176,2026-05-29T02:41:00.000+05:30,BUSINESS,CONFIRMED,24852,4473.36,1000,28325.36,PAID
BK04720,PS00968,FL0011,2026-05-31T00:09:00.000+05:30,PREMIUM ECONOMY,PENDING,11015,1982.7,2000,10997.7,PAID
BK04721,PS00180,FL0173,2026-05-21T09:11:00.000+05:30,ECONOMY,CONFIRMED,5556,1000.08,0,6556.08,PAID
BK04722,PS00693,FL0173,2026-08-09T09:11:00.000+05:30,BUSINESS,CONFIRMED,23890,4300.2,500,27690.2,PAID
BK04723,PS00482,FL0005,2026-06-03T10:57:00.000+05:30,ECONOMY,CONFIRMED,4936,888.48,500,5324.48,PAID
BK04724,PS00855,FL0104,2026-08-07T13:10:00.000+05:30,ECONOMY,CONFIRMED,6323,1138.14,500,6961.14,PAID
BK04725,PS00473,FL0153,2026-07-06T12:05:00.000+05:30,ECONOMY,CONFIRMED,5164,929.52,1000,5093.52,PAID
BK04726,PS00825,FL0114,2026-08-03T15:23:00.000+05:30,ECONOMY,CONFIRMED,7481,1346.58,2000,6827.58,PAID
BK04727,PS00946,FL0001,2026-06-20T23:23:00.000+05:30,FIRST,CONFIRMED,33371,6006.78,2000,37377.78,PAID
BK04728,PS00410,FL0059,2026-07-06T04:58:00.000+05:30,PREMIUM ECONOMY,CONFIRMED,11924,2146.32,1500,12570.32,PENDING
BK04729,PS00315,FL0189,2026-04-30T10:48:00.000+05:30,ECONOMY,CONFIRMED,6951,1251.18,1500,6702.18,PENDING
BK04730,PS00378,FL0177,2026-08-18T07:12:00.000+05:30,ECONOMY,PENDING,6204,1116.72,1500,5820.72,PAID
BK04731,PS00068,FL0019,2026-08-18T01:43:00.000+05:30,ECONOMY,CONFIRMED,5101,918.18,1000,5019.18,PAID
BK04732,PS00923,FL0168,2026-06-10T15:47:00.000+05:30,ECONOMY,PENDING,5822,1047.96,500,6369.96,PAID
BK04733,PS00200,FL0197,2026-06-24T20:31:00.000+05:30,ECONOMY,CONFIRMED,5202,936.36,1500,4638.36,PAID
BK04734,PS00312,FL0011,2026-07-07T00:09:00.000+05:30,ECONOMY,CONFIRMED,5710,1027.8,1500,5237.8,PAID
BK04735,PS00050,FL0155,2026-07-24T06:11:00.000+05:30,ECONOMY,CONFIRMED,5752,1035.36,1500,5287.36,PAID
BK04736,PS00074,FL0046,2026-07-09T20:49:00.000+05:30,ECONOMY,PENDING,6957,1252.26,0,8209.26,PAID
BK04737,PS00250,FL0050,2026-04-30T22:38:00.000+05:30,ECONOMY,CONFIRMED,7579,1364.22,1500,7443.22,PAID
BK04738,PS00159,FL0132,2026-06-02T20:02:00.000+05:30,ECONOMY,PENDING,3220,579.6,0,3799.6,PAID
BK04739,PS00284,FL0122,2026-04-15T06:56:00.000+05:30,ECONOMY,CONFIRMED,3484,627.12,500,3611.12,PAID
BK04740,PS00075,FL0051,2026-07-15T00:24:00.000+05:30,ECONOMY,CONFIRMED,5128,923.04,0,6051.04,PAID
BK04741,PS00019,FL0104,2026-05-08T13:10:00.000+05:30,PREMIUM ECONOMY,CONFIRMED,10879,1958.22,0,12837.22,PAID
BK04742,PS00588,FL0175,2026-06-20T20:18:00.000+05:30,ECONOMY,CONFIRMED,3536,636.48,2000,2172.48,PAID
BK04743,PS00638,FL0175,2026-04-30T20:18:00.000+05:30,ECONOMY,PENDING,7362,1325.16,1000,7687.16,PAID
BK04744,PS00213,FL0099,2026-07-17T13:57:00.000+05:30,BUSINESS,CONFIRMED,24240,4363.2,500,28103.2,PAID
BK04745,PS00322,FL0172,2026-07-06T13:45:00.000+05:30,ECONOMY,CONFIRMED,4425,796.5,2000,3221.5,PAID
BK04746,PS00199,FL0088,2026-04-24T01:28:00.000+05:30,ECONOMY,PENDING,5809,1045.62,0,6854.62,PAID
BK04747,PS00245,FL0155,2026-07-06T06:11:00.000+05:30,ECONOMY,CANCELLED,3037,546.66,0,3583.66,PAID
BK04748,PS00965,FL0055,2026-07-16T04:48:00.000+05:30,ECONOMY,CONFIRMED,5779,1040.22,1000,5819.22,PAID
BK04749,PS00949,FL0075,2026-08-14T02:42:00.000+05:30,BUSINESS,CONFIRMED,17746,3194.28,500,20440.28,PAID
BK04750,PS00142,FL0004,2026-06-28T03:45:00.000+05:30,ECONOMY,CONFIRMED,5437,978.66,500,5915.66,PAID
BK04751,PS00382,FL0154,2026-07-05T18:41:00.000+05:30,ECONOMY,CONFIRMED,5156,928.08,2000,4084.08,PAID
BK04752,PS00684,FL0110,2026-08-05T10:52:00.000+05:30,ECONOMY,PENDING,7024,1264.32,2000,6288.32,PAID
BK04753,PS00448,FL0084,2026-06-08T23:01:00.000+05:30,ECONOMY,PENDING,7717,1389.06,0,9106.06,PAID
BK04754,PS00082,FL0105,2026-05-07T18:58:00.000+05:30,ECONOMY,CANCELLED,4282,770.76,2000,3052.76,PAID
BK04755,PS00553,FL0188,2026-05-01T03:01:00.000+05:30,ECONOMY,CONFIRMED,7802,1404.36,500,8706.36,PAID
BK04756,PS00215,FL0045,2026-07-09T16:40:00.000+05:30,ECONOMY,CONFIRMED,3341,601.38,1000,2942.38,PAID
BK04757,PS00637,FL0142,2026-07-09T17:53:00.000+05:30,ECONOMY,CONFIRMED,3703,666.54,1500,2869.54,PAID
BK04758,PS00221,FL0020,2026-08-01T17:18:00.000+05:30,PREMIUM ECONOMY,CONFIRMED,9800,1764.0,2000,9564.0,PAID
BK04759,PS00100,FL0075,2026-08-18T02:42:00.000+05:30,ECONOMY,CONFIRMED,4821,867.78,2000,3688.78,PAID
BK04760,PS00678,FL0051,2026-05-25T00:24:00.000+05:30,ECONOMY,CONFIRMED,4544,817.92,500,4861.92,PAID
BK04761,PS00005,FL0074,2026-07-22T06:02:00.000+05:30,ECONOMY,CONFIRMED,7138,1284.84,0,8422.84,PAID
BK04762,PS00983,FL0198,2026-06-08T23:00:00.000+05:30,BUSINESS,CONFIRMED,18184,3273.12,0,21457.12,PAID
BK04763,PS00443,FL0100,2026-08-08T18:25:00.000+05:30,BUSINESS,CONFIRMED,13313,2396.34,1000,14709.34,PAID
BK04764,PS00210,FL0186,2026-06-10T08:30:00.000+05:30,ECONOMY,CONFIRMED,7393,1330.74,0,8723.74,PAID
BK04765,PS00080,FL0070,2026-07-22T01:52:00.000+05:30,PREMIUM ECONOMY,CONFIRMED,9406,1693.08,1000,10099.08,PAID
BK04766,PS00759,FL0137,2026-04-27T17:20:00.000+05:30,ECONOMY,CONFIRMED,6084,1095.12,2000,5179.12,PAID
BK04767,PS00707,FL0163,2026-06-20T08:18:00.000+05:30,ECONOMY,CONFIRMED,3162,569.16,2000,1731.16,PAID
BK04768,PS00412,FL0125,2026-08-11T07:26:00.000+05:30,ECONOMY,CONFIRMED,7266,1307.88,2000,6573.88,PAID
BK04769,PS00787,FL0134,2026-05-26T08:42:00.000+05:30,ECONOMY,CONFIRMED,5195,935.1,2000,4130.1,PAID
BK04770,PS00273,FL0198,2026-06-30T23:00:00.000+05:30,ECONOMY,CONFIRMED,4712,848.16,2000,3560.16,PAID
BK04771,PS00662,FL0199,2026-05-18T14:46:00.000+05:30,ECONOMY,CONFIRMED,3359,604.62,2000,1963.62,PAID
BK04772,PS00620,FL0148,2026-08-07T19:51:00.000+05:30,ECONOMY,CONFIRMED,3639,655.02,500,3794.02,PAID
BK04773,PS00146,FL0170,2026-06-03T02:40:00.000+05:30,ECONOMY,PENDING,5053,909.54,1500,4462.54,PENDING
BK04774,PS00251,FL0005,2026-07-23T10:57:00.000+05:30,FIRST,CONFIRMED,33883,6098.94,2000,37981.94,PAID
BK04775,PS00176,FL0013,2026-05-06T01:09:00.000+05:30,ECONOMY,CONFIRMED,5025,904.5,0,5929.5,PAID
BK04776,PS00302,FL0131,2026-04-20T17:30:00.000+05:30,ECONOMY,CONFIRMED,4155,747.9,1500,3402.9,PAID
BK04777,PS00720,FL0076,2026-06-07T04:07:00.000+05:30,PREMIUM ECONOMY,CONFIRMED,10560,1900.8,500,11960.8,PAID
BK04778,PS00662,FL0131,2026-07-28T17:30:00.000+05:30,ECONOMY,CONFIRMED,7976,1435.68,1000,8411.68,PAID
BK04779,PS00470,FL0087,2026-04-29T17:39:00.000+05:30,ECONOMY,CONFIRMED,5786,1041.48,1500,5327.48,PAID
BK04780,PS00125,FL0118,2026-06-12T10:51:00.000+05:30,PREMIUM ECONOMY,PENDING,11298,2033.64,1000,12331.64,PAID
BK04781,PS00427,FL0092,2026-07-19T01:56:00.000+05:30,ECONOMY,CONFIRMED,5845,1052.1,2000,4897.1,PAID
BK04782,PS00626,FL0131,2026-08-10T17:30:00.000+05:30,PREMIUM ECONOMY,CONFIRMED,11768,2118.24,0,13886.24,PAID
BK04783,PS00328,FL0176,2026-06-25T02:41:00.000+05:30,ECONOMY,CONFIRMED,6737,1212.66,0,7949.66,PAID
BK04784,PS00338,FL0072,2026-07-09T10:20:00.000+05:30,ECONOMY,CONFIRMED,6705,1206.9,1000,6911.9,PAID
BK04785,PS00612,FL0056,2026-07-25T11:12:00.000+05:30,ECONOMY,CONFIRMED,5993,1078.74,1500,5571.74,PAID
BK04786,PS00006,FL0139,2026-06-23T12:04:00.000+05:30,ECONOMY,CONFIRMED,6031,1085.58,500,6616.58,PAID
BK04787,PS00786,FL0130,2026-07-31T16:26:00.000+05:30,ECONOMY,CONFIRMED,3653,657.54,2000,2310.54,PAID
BK04788,PS00599,FL0176,2026-06-18T02:41:00.000+05:30,BUSINESS,CONFIRMED,24794,4462.92,500,28756.92,PAID
BK04789,PS00197,FL0055,2026-06-28T04:48:00.000+05:30,ECONOMY,PENDING,6182,1112.76,1500,5794.76,PAID
BK04790,PS00749,FL0015,2026-08-06T01:50:00.000+05:30,ECONOMY,CONFIRMED,6751,1215.18,0,7966.18,PAID
BK04791,PS00229,FL0080,2026-06-06T23:54:00.000+05:30,ECONOMY,CONFIRMED,5249,944.82,2000,4193.82,PAID
BK04792,PS00382,FL0116,2026-06-03T12:06:00.000+05:30,BUSINESS,CONFIRMED,20218,3639.24,1000,22857.24,REFUNDED
BK04793,PS00184,FL0060,2026-07-23T10:13:00.000+05:30,ECONOMY,CONFIRMED,3116,560.88,500,3176.88,PAID
BK04794,PS00710,FL0140,2026-07-07T23:49:00.000+05:30,ECONOMY,CONFIRMED,4540,817.2,0,5357.2,PAID
BK04795,PS00520,FL0039,2026-07-01T01:47:00.000+05:30,ECONOMY,CONFIRMED,6318,1137.24,0,7455.24,PAID
BK04796,PS00073,FL0056,2026-06-24T11:12:00.000+05:30,ECONOMY,PENDING,6228,1121.04,1500,5849.04,PAID
BK04797,PS00431,FL0154,2026-06-09T18:41:00.000+05:30,ECONOMY,PENDING,4259,766.62,1500,3525.62,PENDING
BK04798,PS00057,FL0092,2026-05-14T01:56:00.000+05:30,ECONOMY,CONFIRMED,7853,1413.54,0,9266.54,PAID
BK04799,PS00591,FL0093,2026-07-23T07:37:00.000+05:30,ECONOMY,CONFIRMED,3282,590.76,500,3372.76,PAID
BK04800,PS00569,FL0068,2026-07-13T15:44:00.000+05:30,ECONOMY,CONFIRMED,3379,608.22,0,3987.22,PAID
BK04801,PS00838,FL0103,2026-07-23T09:18:00.000+05:30,ECONOMY,CONFIRMED,7373,1327.14,1000,7700.14,PAID
BK04802,PS00058,FL0034,2026-06-24T15:35:00.000+05:30,ECONOMY,CONFIRMED,6672,1200.96,500,7372.96,PAID
BK04803,PS00059,FL0024,2026-07-16T06:29:00.000+05:30,ECONOMY,CONFIRMED,3915,704.7,500,4119.7,PAID
BK04804,PS00367,FL0095,2026-08-26T03:52:00.000+05:30,ECONOMY,CONFIRMED,4083,734.94,1000,3817.94,PAID
BK04805,PS00002,FL0103,2026-08-20T09:18:00.000+05:30,ECONOMY,CONFIRMED,3638,654.84,0,4292.84,PAID
BK04806,PS00289,FL0037,2026-08-17T18:43:00.000+05:30,ECONOMY,CONFIRMED,3959,712.62,1000,3671.62,PAID
BK04807,PS00328,FL0081,2026-04-30T20:53:00.000+05:30,ECONOMY,CONFIRMED,3355,603.9,0,3958.9,PAID
BK04808,PS00926,FL0132,2026-07-06T20:02:00.000+05:30,ECONOMY,CONFIRMED,3889,700.02,2000,2589.02,PAID
BK04809,PS00864,FL0167,2026-08-03T05:21:00.000+05:30,BUSINESS,CONFIRMED,15048,2708.64,2000,15756.64,PAID
BK04810,PS00074,FL0011,2026-07-10T00:09:00.000+05:30,ECONOMY,CONFIRMED,6503,1170.54,500,7173.54,PAID
BK04811,PS00046,FL0016,2026-04-19T06:12:00.000+05:30,PREMIUM ECONOMY,CONFIRMED,8579,1544.22,500,9623.22,PENDING
BK04812,PS00432,FL0009,2026-07-31T01:29:00.000+05:30,FIRST,CONFIRMED,29996,5399.28,1000,34395.28,PAID
BK04813,PS00249,FL0092,2026-06-14T01:56:00.000+05:30,PREMIUM ECONOMY,CONFIRMED,9573,1723.14,1000,10296.14,PAID
BK04814,PS00422,FL0173,2026-05-31T09:11:00.000+05:30,BUSINESS,PENDING,22701,4086.18,500,26287.18,PAID
BK04815,PS00650,FL0169,2026-06-17T14:48:00.000+05:30,ECONOMY,CONFIRMED,4298,773.64,500,4571.64,PAID
BK04816,PS00904,FL0196,2026-07-14T00:36:00.000+05:30,ECONOMY,CONFIRMED,6869,1236.42,2000,6105.42,PAID
BK04817,PS00412,FL0033,2026-07-04T08:26:00.000+05:30,BUSINESS,CONFIRMED,19882,3578.76,1000,22460.76,PAID
BK04818,PS00679,FL0183,2026-06-17T22:19:00.000+05:30,BUSINESS,PENDING,16575,2983.5,500,19058.5,PAID
BK04819,PS00341,FL0002,2026-06-07T11:44:00.000+05:30,ECONOMY,PENDING,6034,1086.12,1500,5620.12,PAID
BK04820,PS00324,FL0173,2026-08-12T09:11:00.000+05:30,ECONOMY,CONFIRMED,3394,610.92,0,4004.92,PAID
BK04821,PS00172,FL0074,2026-07-07T06:02:00.000+05:30,PREMIUM ECONOMY,PENDING,9635,1734.3,500,10869.3,PAID
BK04822,PS00264,FL0140,2026-07-04T23:49:00.000+05:30,ECONOMY,PENDING,5773,1039.14,1500,5312.14,PAID
BK04823,PS00149,FL0087,2026-07-20T17:39:00.000+05:30,ECONOMY,CONFIRMED,7819,1407.42,1500,7726.42,PAID
BK04824,PS00349,FL0015,2026-05-23T01:50:00.000+05:30,ECONOMY,CONFIRMED,7674,1381.32,2000,7055.32,PAID
BK04825,PS00320,FL0025,2026-08-04T17:16:00.000+05:30,ECONOMY,CONFIRMED,4030,725.4,1500,3255.4,PAID
BK04826,PS00106,FL0027,2026-07-14T07:46:00.000+05:30,BUSINESS,CONFIRMED,23819,4287.42,1000,27106.42,PAID
BK04827,PS00038,FL0158,2026-06-29T23:39:00.000+05:30,ECONOMY,CONFIRMED,6420,1155.6,0,7575.6,PAID
BK04828,PS00438,FL0007,2026-07-22T19:26:00.000+05:30,ECONOMY,PENDING,3515,632.7,1000,3147.7,PAID
BK04829,PS00098,FL0028,2026-05-29T20:11:00.000+05:30,ECONOMY,CONFIRMED,7016,1262.88,2000,6278.88,PAID
BK04830,PS00456,FL0140,2026-06-05T23:49:00.000+05:30,ECONOMY,CONFIRMED,3571,642.78,1000,3213.78,PAID
BK04831,PS00765,FL0063,2026-04-21T23:44:00.000+05:30,FIRST,CONFIRMED,34621,6231.78,1000,39852.78,PAID
BK04832,PS00920,FL0178,2026-06-20T07:36:00.000+05:30,ECONOMY,PENDING,4922,885.96,1500,4307.96,PAID
BK04833,PS00741,FL0045,2026-06-16T16:40:00.000+05:30,ECONOMY,CONFIRMED,5123,922.14,1000,5045.14,PAID
BK04834,PS00443,FL0108,2026-08-12T13:18:00.000+05:30,BUSINESS,PENDING,21244,3823.92,1000,24067.92,PAID
BK04835,PS00073,FL0019,2026-06-03T01:43:00.000+05:30,ECONOMY,CONFIRMED,7952,1431.36,1000,8383.36,PAID
BK04836,PS00401,FL0001,2026-07-09T23:23:00.000+05:30,ECONOMY,CONFIRMED,4461,802.98,1500,3763.98,PAID
BK04837,PS00821,FL0085,2026-05-29T06:23:00.000+05:30,ECONOMY,CONFIRMED,4489,808.02,0,5297.02,PAID
BK04838,PS00998,FL0099,2026-05-18T13:57:00.000+05:30,ECONOMY,CONFIRMED,3348,602.64,500,3450.64,PAID
BK04839,PS00297,FL0027,2026-06-13T07:46:00.000+05:30,ECONOMY,CONFIRMED,6929,1247.22,500,7676.22,PAID
BK04840,PS00703,FL0168,2026-05-12T15:47:00.000+05:30,ECONOMY,CONFIRMED,5456,982.08,0,6438.08,PAID
BK04841,PS00576,FL0163,2026-06-17T08:18:00.000+05:30,ECONOMY,CONFIRMED,4239,763.02,0,5002.02,PAID
BK04842,PS00659,FL0136,2026-07-30T00:00:00.000+05:30,ECONOMY,CONFIRMED,5524,994.32,1500,5018.32,PAID
BK04843,PS00690,FL0146,2026-04-15T07:42:00.000+05:30,ECONOMY,CONFIRMED,7950,1431.0,1000,8381.0,PAID
BK04844,PS00162,FL0031,2026-06-19T06:23:00.000+05:30,ECONOMY,CONFIRMED,3701,666.18,500,3867.18,PAID
BK04845,PS00693,FL0040,2026-07-12T17:55:00.000+05:30,ECONOMY,CONFIRMED,7243,1303.74,500,8046.74,PAID
BK04846,PS00660,FL0069,2026-07-26T23:07:00.000+05:30,PREMIUM ECONOMY,CONFIRMED,9976,1795.68,2000,9771.68,PAID
BK04847,PS00430,FL0156,2026-07-27T04:18:00.000+05:30,FIRST,CONFIRMED,26312,4736.16,2000,29048.16,PAID
BK04848,PS00909,FL0128,2026-05-16T00:01:00.000+05:30,ECONOMY,PENDING,6188,1113.84,2000,5301.84,PAID
BK04849,PS00275,FL0010,2026-08-18T09:55:00.000+05:30,ECONOMY,CONFIRMED,7410,1333.8,2000,6743.8,PAID
BK04850,PS00516,FL0016,2026-06-06T06:12:00.000+05:30,ECONOMY,CONFIRMED,3300,594.0,2000,1894.0,PAID
BK04851,PS00750,FL0133,2026-04-28T07:05:00.000+05:30,ECONOMY,CONFIRMED,7313,1316.34,0,8629.34,PAID
BK04852,PS00299,FL0197,2026-06-05T20:31:00.000+05:30,ECONOMY,CONFIRMED,4131,743.58,0,4874.58,PAID
BK04853,PS00841,FL0177,2026-08-15T07:12:00.000+05:30,ECONOMY,CONFIRMED,4527,814.86,1500,3841.86,PAID
BK04854,PS00417,FL0184,2026-08-15T09:58:00.000+05:30,ECONOMY,CONFIRMED,5819,1047.42,1500,5366.42,PAID
BK04855,PS00174,FL0090,2026-06-19T21:05:00.000+05:30,ECONOMY,CONFIRMED,5955,1071.9,1500,5526.9,PAID
BK04856,PS00176,FL0179,2026-07-29T17:01:00.000+05:30,PREMIUM ECONOMY,CONFIRMED,9594,1726.92,1500,9820.92,PAID
BK04857,PS00625,FL0154,2026-05-09T18:41:00.000+05:30,ECONOMY,CONFIRMED,5836,1050.48,1500,5386.48,PAID
BK04858,PS00117,FL0071,2026-08-08T13:39:00.000+05:30,ECONOMY,CONFIRMED,3904,702.72,0,4606.72,PAID
BK04859,PS00500,FL0063,2026-06-21T23:44:00.000+05:30,ECONOMY,CONFIRMED,3317,597.06,2000,1914.06,PAID
BK04860,PS00879,FL0095,2026-05-21T03:52:00.000+05:30,BUSINESS,CONFIRMED,19909,3583.62,1000,22492.62,PAID
BK04861,PS00427,FL0083,2026-04-27T08:39:00.000+05:30,ECONOMY,CONFIRMED,7719,1389.42,2000,7108.42,PAID
BK04862,PS00106,FL0085,2026-07-16T06:23:00.000+05:30,ECONOMY,CONFIRMED,7041,1267.38,0,8308.38,PAID
BK04863,PS00540,FL0148,2026-05-20T19:51:00.000+05:30,ECONOMY,CONFIRMED,6589,1186.02,2000,5775.02,PAID
BK04864,PS00230,FL0157,2026-06-10T00:55:00.000+05:30,FIRST,CONFIRMED,36445,6560.1,1500,41505.1,PAID
BK04865,PS00084,FL0154,2026-08-05T18:41:00.000+05:30,PREMIUM ECONOMY,CONFIRMED,9526,1714.68,1000,10240.68,PAID
BK04866,PS00073,FL0045,2026-07-31T16:40:00.000+05:30,PREMIUM ECONOMY,CANCELLED,10051,1809.18,1500,10360.18,PENDING
BK04867,PS00799,FL0156,2026-05-12T04:18:00.000+05:30,ECONOMY,PENDING,3082,554.76,1000,2636.76,PAID
BK04868,PS00172,FL0117,2026-05-23T05:35:00.000+05:30,ECONOMY,CONFIRMED,7699,1385.82,0,9084.82,PAID
BK04869,PS00757,FL0016,2026-06-12T06:12:00.000+05:30,BUSINESS,CONFIRMED,15184,2733.12,500,17417.12,PENDING
BK04870,PS00515,FL0016,2026-05-09T06:12:00.000+05:30,PREMIUM ECONOMY,CANCELLED,9330,1679.4,1000,10009.4,PAID
BK04871,PS00303,FL0042,2026-04-17T08:07:00.000+05:30,BUSINESS,CONFIRMED,24084,4335.12,1000,27419.12,PAID
BK04872,PS00044,FL0120,2026-04-30T21:25:00.000+05:30,ECONOMY,PENDING,6248,1124.64,0,7372.64,PAID
BK04873,PS00314,FL0108,2026-06-28T13:18:00.000+05:30,BUSINESS,CONFIRMED,19172,3450.96,500,22122.96,PAID
BK04874,PS00875,FL0190,2026-05-03T12:08:00.000+05:30,PREMIUM ECONOMY,CONFIRMED,9544,1717.92,1500,9761.92,PAID
BK04875,PS00344,FL0002,2026-04-12T11:44:00.000+05:30,ECONOMY,CONFIRMED,7188,1293.84,500,7981.84,REFUNDED
BK04876,PS00668,FL0007,2026-06-26T19:26:00.000+05:30,ECONOMY,CONFIRMED,6317,1137.06,1500,5954.06,PAID
BK04877,PS00057,FL0130,2026-08-08T16:26:00.000+05:30,ECONOMY,CONFIRMED,6674,1201.32,2000,5875.32,PAID
BK04878,PS00424,FL0118,2026-06-09T10:51:00.000+05:30,ECONOMY,CONFIRMED,6793,1222.74,0,8015.74,PAID
BK04879,PS00616,FL0151,2026-05-10T13:13:00.000+05:30,FIRST,PENDING,29903,5382.54,2000,33285.54,PAID
BK04880,PS00689,FL0170,2026-05-24T02:40:00.000+05:30,ECONOMY,CONFIRMED,3850,693.0,500,4043.0,PAID
BK04881,PS00965,FL0006,2026-07-08T17:54:00.000+05:30,ECONOMY,CONFIRMED,5058,910.44,1500,4468.44,PAID
BK04882,PS00680,FL0090,2026-07-20T21:05:00.000+05:30,ECONOMY,CONFIRMED,7737,1392.66,0,9129.66,PAID
BK04883,PS00754,FL0071,2026-07-15T13:39:00.000+05:30,BUSINESS,CONFIRMED,12143,2185.74,1000,13328.74,PAID
BK04884,PS00697,FL0152,2026-04-25T13:38:00.000+05:30,ECONOMY,CONFIRMED,4995,899.1,500,5394.1,PAID
BK04885,PS00059,FL0112,2026-04-19T02:49:00.000+05:30,ECONOMY,CONFIRMED,3984,717.12,0,4701.12,PAID
BK04886,PS00871,FL0048,2026-05-20T00:59:00.000+05:30,ECONOMY,CONFIRMED,3802,684.36,0,4486.36,PAID
BK04887,PS00442,FL0042,2026-08-04T08:07:00.000+05:30,BUSINESS,CONFIRMED,22920,4125.6,1500,25545.6,PENDING
BK04888,PS00588,FL0200,2026-04-30T07:44:00.000+05:30,ECONOMY,CONFIRMED,4030,725.4,2000,2755.4,PAID
BK04889,PS00401,FL0084,2026-06-11T23:01:00.000+05:30,BUSINESS,CANCELLED,23753,4275.54,2000,26028.54,PAID
BK04890,PS00591,FL0016,2026-06-22T06:12:00.000+05:30,ECONOMY,PENDING,5462,983.16,2000,4445.16,PAID
BK04891,PS00165,FL0005,2026-07-03T10:57:00.000+05:30,ECONOMY,PENDING,4956,892.08,500,5348.08,PAID
BK04892,PS00233,FL0077,2026-06-29T02:30:00.000+05:30,PREMIUM ECONOMY,CONFIRMED,10377,1867.86,1500,10744.86,PAID
BK04893,PS00881,FL0046,2026-05-29T20:49:00.000+05:30,ECONOMY,CONFIRMED,3978,716.04,500,4194.04,PAID
BK04894,PS00974,FL0068,2026-07-20T15:44:00.000+05:30,PREMIUM ECONOMY,PENDING,8833,1589.94,2000,8422.94,PENDING
BK04895,PS00495,FL0078,2026-06-16T14:17:00.000+05:30,ECONOMY,CONFIRMED,7080,1274.4,500,7854.4,PAID
BK04896,PS00415,FL0136,2026-08-02T00:00:00.000+05:30,ECONOMY,CONFIRMED,7614,1370.52,1500,7484.52,PAID
BK04897,PS00653,FL0158,2026-08-16T23:39:00.000+05:30,BUSINESS,CONFIRMED,22434,4038.12,500,25972.12,PENDING
BK04898,PS00464,FL0008,2026-07-06T07:56:00.000+05:30,BUSINESS,CONFIRMED,14750,2655.0,500,16905.0,PAID
BK04899,PS00881,FL0089,2026-04-08T02:36:00.000+05:30,ECONOMY,CONFIRMED,5584,1005.12,1000,5589.12,PAID
BK04900,PS00659,FL0055,2026-05-27T04:48:00.000+05:30,ECONOMY,CONFIRMED,7345,1322.1,1500,7167.1,PAID
BK04901,PS00530,FL0165,2026-05-21T14:40:00.000+05:30,FIRST,PENDING,26910,4843.8,1000,30753.8,PAID
BK04902,PS00242,FL0146,2026-04-10T07:42:00.000+05:30,BUSINESS,CANCELLED,22124,3982.32,2000,24106.32,PAID
BK04903,PS00490,FL0187,2026-08-02T10:08:00.000+05:30,ECONOMY,CONFIRMED,3846,692.28,2000,2538.28,PAID
BK04904,PS00337,FL0045,2026-07-11T16:40:00.000+05:30,BUSINESS,CONFIRMED,18466,3323.88,0,21789.88,PAID
BK04905,PS00952,FL0113,2026-04-22T11:26:00.000+05:30,BUSINESS,CONFIRMED,24119,4341.42,0,28460.42,REFUNDED
BK04906,PS00745,FL0124,2026-07-11T21:31:00.000+05:30,BUSINESS,CONFIRMED,20954,3771.72,500,24225.72,PENDING
BK04907,PS00837,FL0121,2026-05-15T05:51:00.000+05:30,PREMIUM ECONOMY,CONFIRMED,10259,1846.62,1500,10605.62,PAID
BK04908,PS00280,FL0060,2026-06-04T10:13:00.000+05:30,ECONOMY,PENDING,3035,546.3,1000,2581.3,PAID
BK04909,PS00803,FL0179,2026-07-03T17:01:00.000+05:30,ECONOMY,CONFIRMED,3552,639.36,1500,2691.36,PAID
BK04910,PS00043,FL0078,2026-07-01T14:17:00.000+05:30,PREMIUM ECONOMY,CONFIRMED,9822,1767.96,500,11089.96,PAID
BK04911,PS00251,FL0146,2026-06-18T07:42:00.000+05:30,BUSINESS,CONFIRMED,24036,4326.48,1500,26862.48,PAID
BK04912,PS00570,FL0083,2026-08-09T08:39:00.000+05:30,PREMIUM ECONOMY,CONFIRMED,9215,1658.7,1000,9873.7,PAID
BK04913,PS00856,FL0066,2026-04-26T05:19:00.000+05:30,PREMIUM ECONOMY,CONFIRMED,9881,1778.58,1000,10659.58,PAID
BK04914,PS00571,FL0038,2026-05-30T08:19:00.000+05:30,ECONOMY,CONFIRMED,3092,556.56,1500,2148.56,PAID
BK04915,PS00529,FL0094,2026-07-05T06:12:00.000+05:30,ECONOMY,CONFIRMED,4247,764.46,1500,3511.46,PAID
BK04916,PS00310,FL0064,2026-07-18T02:15:00.000+05:30,ECONOMY,CONFIRMED,5237,942.66,1000,5179.66,PAID
BK04917,PS00358,FL0152,2026-04-27T13:38:00.000+05:30,ECONOMY,CONFIRMED,6317,1137.06,1500,5954.06,PAID
BK04918,PS00123,FL0107,2026-07-25T02:22:00.000+05:30,ECONOMY,CONFIRMED,5796,1043.28,2000,4839.28,PAID
BK04919,PS00091,FL0142,2026-07-16T17:53:00.000+05:30,BUSINESS,CONFIRMED,12479,2246.22,500,14225.22,PAID
BK04920,PS00841,FL0077,2026-06-08T02:30:00.000+05:30,BUSINESS,PENDING,22897,4121.46,1000,26018.46,PAID
BK04921,PS00002,FL0164,2026-07-05T01:16:00.000+05:30,ECONOMY,CONFIRMED,7693,1384.74,2000,7077.74,PAID
BK04922,PS00803,FL0052,2026-05-23T12:14:00.000+05:30,PREMIUM ECONOMY,CONFIRMED,10333,1859.94,2000,10192.94,PAID
BK04923,PS00231,FL0132,2026-08-12T20:02:00.000+05:30,ECONOMY,CONFIRMED,4479,806.22,0,5285.22,PAID
BK04924,PS00555,FL0195,2026-04-25T21:13:00.000+05:30,ECONOMY,PENDING,3587,645.66,500,3732.66,PAID
BK04925,PS00692,FL0162,2026-08-03T12:14:00.000+05:30,ECONOMY,CONFIRMED,5989,1078.02,2000,5067.02,PAID
BK04926,PS00293,FL0188,2026-07-15T03:01:00.000+05:30,FIRST,CONFIRMED,28165,5069.7,1500,31734.7,PAID
BK04927,PS00602,FL0065,2026-04-13T03:33:00.000+05:30,ECONOMY,CONFIRMED,6104,1098.72,1000,6202.72,PAID
BK04928,PS00027,FL0057,2026-06-08T08:35:00.000+05:30,ECONOMY,CONFIRMED,7898,1421.64,1500,7819.64,PAID
BK04929,PS00272,FL0140,2026-08-19T23:49:00.000+05:30,ECONOMY,CONFIRMED,7949,1430.82,1500,7879.82,PAID
BK04930,PS00012,FL0110,2026-06-11T10:52:00.000+05:30,BUSINESS,CONFIRMED,22833,4109.94,500,26442.94,PENDING
BK04931,PS00417,FL0082,2026-07-24T23:43:00.000+05:30,ECONOMY,CONFIRMED,6444,1159.92,2000,5603.92,PAID
BK04932,PS00842,FL0120,2026-05-07T21:25:00.000+05:30,ECONOMY,CONFIRMED,6461,1162.98,2000,5623.98,PAID
BK04933,PS00333,FL0051,2026-07-16T00:24:00.000+05:30,ECONOMY,CONFIRMED,4639,835.02,2000,3474.02,PAID
BK04934,PS00206,FL0049,2026-07-25T18:21:00.000+05:30,ECONOMY,CONFIRMED,5433,977.94,2000,4410.94,PAID
BK04935,PS00175,FL0126,2026-05-16T21:39:00.000+05:30,ECONOMY,CONFIRMED,4485,807.3,500,4792.3,PAID
BK04936,PS00190,FL0117,2026-05-19T05:35:00.000+05:30,ECONOMY,CONFIRMED,7008,1261.44,1000,7269.44,PAID
BK04937,PS00093,FL0002,2026-06-05T11:44:00.000+05:30,FIRST,CONFIRMED,27749,4994.82,1000,31743.82,PAID
BK04938,PS00159,FL0200,2026-06-28T07:44:00.000+05:30,ECONOMY,CANCELLED,3672,660.96,500,3832.96,PAID
BK04939,PS00313,FL0145,2026-04-23T12:44:00.000+05:30,BUSINESS,CANCELLED,16424,2956.32,500,18880.32,PAID
BK04940,PS00084,FL0073,2026-04-28T20:34:00.000+05:30,ECONOMY,CONFIRMED,7880,1418.4,0,9298.4,PAID
BK04941,PS00889,FL0182,2026-06-30T15:10:00.000+05:30,ECONOMY,CONFIRMED,4062,731.16,0,4793.16,PAID
BK04942,PS00668,FL0053,2026-06-03T05:02:00.000+05:30,ECONOMY,CANCELLED,6588,1185.84,0,7773.84,PENDING
BK04943,PS00608,FL0088,2026-04-21T01:28:00.000+05:30,ECONOMY,CONFIRMED,6295,1133.1,500,6928.1,PENDING
BK04944,PS00809,FL0161,2026-06-02T20:10:00.000+05:30,ECONOMY,CONFIRMED,5333,959.94,2000,4292.94,PAID
BK04945,PS00248,FL0115,2026-04-28T21:48:00.000+05:30,ECONOMY,CONFIRMED,6832,1229.76,1500,6561.76,PAID
BK04946,PS00514,FL0141,2026-06-03T23:30:00.000+05:30,BUSINESS,PENDING,18546,3338.28,1500,20384.28,PENDING
BK04947,PS00137,FL0135,2026-07-24T12:36:00.000+05:30,ECONOMY,CONFIRMED,6820,1227.6,1000,7047.6,REFUNDED
BK04948,PS00315,FL0174,2026-06-27T03:12:00.000+05:30,BUSINESS,PENDING,15722,2829.96,1500,17051.96,PENDING
BK04949,PS00874,FL0169,2026-08-11T14:48:00.000+05:30,PREMIUM ECONOMY,CONFIRMED,11589,2086.02,1500,12175.02,PAID
BK04950,PS00794,FL0067,2026-08-11T02:49:00.000+05:30,ECONOMY,CONFIRMED,7148,1286.64,1500,6934.64,PAID
BK04951,PS00569,FL0013,2026-04-26T01:09:00.000+05:30,BUSINESS,CONFIRMED,14849,2672.82,1000,16521.82,PAID
BK04952,PS00035,FL0160,2026-07-21T03:28:00.000+05:30,ECONOMY,CONFIRMED,4160,748.8,1500,3408.8,PAID
BK04953,PS00326,FL0153,2026-06-19T12:05:00.000+05:30,ECONOMY,CONFIRMED,7230,1301.4,500,8031.4,PAID
BK04954,PS00028,FL0102,2026-07-07T16:29:00.000+05:30,ECONOMY,CONFIRMED,3245,584.1,1500,2329.1,PAID
BK04955,PS00866,FL0159,2026-07-07T00:44:00.000+05:30,ECONOMY,CANCELLED,7925,1426.5,500,8851.5,PENDING
BK04956,PS00885,FL0140,2026-07-13T23:49:00.000+05:30,PREMIUM ECONOMY,PENDING,9264,1667.52,1500,9431.52,PAID
BK04957,PS00953,FL0030,2026-07-14T04:05:00.000+05:30,FIRST,CANCELLED,35929,6467.22,0,42396.22,PAID
BK04958,PS00986,FL0160,2026-04-27T03:28:00.000+05:30,ECONOMY,CONFIRMED,4019,723.42,0,4742.42,PAID
BK04959,PS00077,FL0159,2026-08-20T00:44:00.000+05:30,ECONOMY,CONFIRMED,7092,1276.56,1500,6868.56,PAID
BK04960,PS00766,FL0013,2026-06-26T01:09:00.000+05:30,ECONOMY,CANCELLED,4215,758.7,500,4473.7,PENDING
BK04961,PS00131,FL0033,2026-04-25T08:26:00.000+05:30,BUSINESS,CONFIRMED,22790,4102.2,1000,25892.2,PAID
BK04962,PS00916,FL0148,2026-06-05T19:51:00.000+05:30,PREMIUM ECONOMY,CONFIRMED,10819,1947.42,0,12766.42,PAID
BK04963,PS00978,FL0157,2026-05-20T00:55:00.000+05:30,ECONOMY,CONFIRMED,6166,1109.88,1500,5775.88,PAID
BK04964,PS00688,FL0143,2026-06-10T16:54:00.000+05:30,ECONOMY,PENDING,5041,907.38,500,5448.38,PAID
BK04965,PS00822,FL0196,2026-08-09T00:36:00.000+05:30,BUSINESS,CONFIRMED,14809,2665.62,1500,15974.62,PAID
BK04966,PS00795,FL0156,2026-06-05T04:18:00.000+05:30,PREMIUM ECONOMY,CANCELLED,9554,1719.72,1500,9773.72,PAID
BK04967,PS00805,FL0012,2026-07-07T23:44:00.000+05:30,ECONOMY,CONFIRMED,4585,825.3,1500,3910.3,PAID
BK04968,PS00252,FL0171,2026-04-24T15:42:00.000+05:30,ECONOMY,CONFIRMED,7348,1322.64,0,8670.64,PAID
BK04969,PS00053,FL0071,2026-07-17T13:39:00.000+05:30,ECONOMY,CONFIRMED,6916,1244.88,0,8160.88,PAID
BK04970,PS00990,FL0060,2026-06-09T10:13:00.000+05:30,ECONOMY,CONFIRMED,6115,1100.7,500,6715.7,PAID
BK04971,PS00016,FL0020,2026-06-17T17:18:00.000+05:30,FIRST,CONFIRMED,38223,6880.14,2000,43103.14,PAID
BK04972,PS00751,FL0148,2026-07-09T19:51:00.000+05:30,BUSINESS,CONFIRMED,13703,2466.54,2000,14169.54,PAID
BK04973,PS00914,FL0112,2026-04-07T02:49:00.000+05:30,ECONOMY,CONFIRMED,5686,1023.48,2000,4709.48,PAID
BK04974,PS00584,FL0171,2026-06-20T15:42:00.000+05:30,PREMIUM ECONOMY,CONFIRMED,11422,2055.96,2000,11477.96,PAID
BK04975,PS00461,FL0176,2026-04-25T02:41:00.000+05:30,ECONOMY,PENDING,6458,1162.44,1000,6620.44,PAID
BK04976,PS00705,FL0019,2026-05-29T01:43:00.000+05:30,PREMIUM ECONOMY,CANCELLED,10115,1820.7,2000,9935.7,PAID
BK04977,PS00872,FL0099,2026-04-27T13:57:00.000+05:30,ECONOMY,CONFIRMED,6554,1179.72,2000,5733.72,PAID
BK04978,PS00029,FL0143,2026-06-15T16:54:00.000+05:30,PREMIUM ECONOMY,CANCELLED,8018,1443.24,1500,7961.24,PAID
BK04979,PS00870,FL0171,2026-04-18T15:42:00.000+05:30,ECONOMY,CONFIRMED,7201,1296.18,1000,7497.18,PAID
BK04980,PS00027,FL0129,2026-05-02T13:09:00.000+05:30,ECONOMY,CONFIRMED,4852,873.36,1000,4725.36,PAID
BK04981,PS00960,FL0024,2026-07-12T06:29:00.000+05:30,FIRST,CONFIRMED,39825,7168.5,0,46993.5,REFUNDED
BK04982,PS00109,FL0190,2026-06-08T12:08:00.000+05:30,FIRST,CONFIRMED,28357,5104.26,1000,32461.26,PAID
BK04983,PS00483,FL0111,2026-06-02T07:32:00.000+05:30,ECONOMY,CONFIRMED,4787,861.66,1000,4648.66,PAID
BK04984,PS00739,FL0040,2026-08-02T17:55:00.000+05:30,BUSINESS,CONFIRMED,12793,2302.74,2000,13095.74,PAID
BK04985,PS00036,FL0060,2026-06-09T10:13:00.000+05:30,ECONOMY,CONFIRMED,3862,695.16,0,4557.16,PAID
BK04986,PS00221,FL0143,2026-04-27T16:54:00.000+05:30,ECONOMY,CONFIRMED,6775,1219.5,2000,5994.5,PAID
BK04987,PS00273,FL0038,2026-06-30T08:19:00.000+05:30,PREMIUM ECONOMY,CONFIRMED,8835,1590.3,1000,9425.3,PAID
BK04988,PS00570,FL0113,2026-04-23T11:26:00.000+05:30,ECONOMY,CONFIRMED,3698,665.64,2000,2363.64,PAID
BK04989,PS00787,FL0127,2026-08-11T01:50:00.000+05:30,ECONOMY,CONFIRMED,5556,1000.08,1000,5556.08,PAID
BK04990,PS00383,FL0141,2026-04-28T23:30:00.000+05:30,ECONOMY,CANCELLED,3980,716.4,2000,2696.4,PAID
BK04991,PS00741,FL0200,2026-07-29T07:44:00.000+05:30,ECONOMY,CONFIRMED,5114,920.52,500,5534.52,PAID
BK04992,PS00054,FL0079,2026-05-17T02:26:00.000+05:30,ECONOMY,CONFIRMED,3787,681.66,1500,2968.66,PAID
BK04993,PS00054,FL0117,2026-05-15T05:35:00.000+05:30,ECONOMY,CONFIRMED,6473,1165.14,0,7638.14,PENDING
BK04994,PS00962,FL0193,2026-04-11T01:05:00.000+05:30,ECONOMY,CONFIRMED,6089,1096.02,500,6685.02,PENDING
BK04995,PS00139,FL0106,2026-05-14T09:14:00.000+05:30,BUSINESS,CONFIRMED,17545,3158.1,1000,19703.1,PAID
BK04996,PS00116,FL0180,2026-07-10T01:16:00.000+05:30,ECONOMY,CONFIRMED,6162,1109.16,2000,5271.16,PENDING
BK04997,PS00709,FL0168,2026-05-08T15:47:00.000+05:30,BUSINESS,CONFIRMED,16379,2948.22,1500,17827.22,PAID
BK04998,PS00036,FL0105,2026-07-02T18:58:00.000+05:30,PREMIUM ECONOMY,CONFIRMED,9350,1683.0,2000,9033.0,PAID
BK04999,PS00450,FL0190,2026-07-09T12:08:00.000+05:30,ECONOMY,CONFIRMED,4996,899.28,1000,4895.28,PAID
BK05000,PS00607,FL0153,2026-05-05T12:05:00.000+05:30,ECONOMY,CONFIRMED,3880,698.4,1000,3578.4,PAID
