payment_id,booking_id,payment_date,payment_method,amount,payment_status
PY00001,BK00001,2026-07-15T17:41:00.000+05:30,NET BANKING,22000.0,SUCCESS
PY00002,BK00002,2026-07-21T04:42:00.000+05:30,UPI,3500.0,SUCCESS
PY00003,BK00003,2026-04-28T01:24:00.000+05:30,WALLET,3500.0,SUCCESS
PY00004,BK00004,2026-08-02T08:19:00.000+05:30,DEBIT CARD,14800.0,SUCCESS
PY00005,BK00005,2026-05-03T02:44:00.000+05:30,NET BANKING,7200.0,SUCCESS
PY00006,BK00006,2026-06-09T09:14:00.000+05:30,DEBIT CARD,10500.0,SUCCESS
PY00007,BK00007,2026-05-01T12:14:00.000+05:30,DEBIT CARD,3500.0,SUCCESS
PY00008,BK00008,2026-04-26T11:07:00.000+05:30,DEBIT CARD,14800.0,SUCCESS
PY00009,BK00009,2026-06-18T06:21:00.000+05:30,UPI,3500.0,SUCCESS
PY00010,BK00010,2026-06-13T05:31:00.000+05:30,UPI,17500.0,SUCCESS
PY00011,BK00011,2026-04-16T08:06:00.000+05:30,DEBIT CARD,22000.0,SUCCESS
PY00012,BK00012,2026-06-05T18:40:00.000+05:30,DEBIT CARD,14800.0,SUCCESS
PY00013,BK00013,2026-07-12T07:47:00.000+05:30,CREDIT CARD,17500.0,SUCCESS
PY00014,BK00014,2026-05-09T07:03:00.000+05:30,CREDIT CARD,14800.0,SUCCESS
PY00015,BK00015,2026-06-11T19:19:00.000+05:30,DEBIT CARD,10500.0,SUCCESS
PY00016,BK00016,2026-05-22T07:12:00.000+05:30,CREDIT CARD,3500.0,SUCCESS
PY00017,BK00017,2026-08-03T07:22:00.000+05:30,UPI,7200.0,REFUNDED
PY00018,BK00018,2026-06-05T04:25:00.000+05:30,WALLET,7200.0,SUCCESS
PY00019,BK00019,2026-05-26T23:07:00.000+05:30,CREDIT CARD,14800.0,SUCCESS
PY00020,BK00020,2026-06-15T03:16:00.000+05:30,CREDIT CARD,5600.0,SUCCESS
PY00021,BK00021,2026-08-06T11:16:00.000+05:30,UPI,10500.0,SUCCESS
PY00022,BK00022,2026-05-26T02:31:00.000+05:30,WALLET,4200.0,SUCCESS
PY00023,BK00023,2026-05-10T02:52:00.000+05:30,DEBIT CARD,17500.0,SUCCESS
PY00024,BK00024,2026-08-09T08:39:00.000+05:30,NET BANKING,7200.0,SUCCESS
PY00025,BK00025,2026-05-09T06:36:00.000+05:30,CREDIT CARD,8900.0,FAILED
PY00026,BK00026,2026-07-17T04:24:00.000+05:30,NET BANKING,5600.0,SUCCESS
PY00027,BK00027,2026-06-30T06:37:00.000+05:30,WALLET,22000.0,SUCCESS
PY00028,BK00028,2026-04-16T04:05:00.000+05:30,UPI,14800.0,SUCCESS
PY00029,BK00029,2026-05-06T01:29:00.000+05:30,WALLET,5600.0,SUCCESS
PY00030,BK00030,2026-05-21T00:06:00.000+05:30,WALLET,12500.0,REFUNDED
PY00031,BK00031,2026-06-06T01:05:00.000+05:30,UPI,5600.0,SUCCESS
PY00032,BK00032,2026-04-24T14:58:00.000+05:30,WALLET,17500.0,SUCCESS
PY00033,BK00033,2026-06-02T00:22:00.000+05:30,WALLET,7200.0,SUCCESS
PY00034,BK00034,2026-07-15T11:34:00.000+05:30,CREDIT CARD,7200.0,SUCCESS
PY00035,BK00035,2026-07-22T00:11:00.000+05:30,UPI,3500.0,SUCCESS
PY00036,BK00036,2026-07-27T01:12:00.000+05:30,NET BANKING,17500.0,SUCCESS
PY00037,BK00037,2026-05-27T10:01:00.000+05:30,DEBIT CARD,22000.0,SUCCESS
PY00038,BK00038,2026-06-13T19:29:00.000+05:30,WALLET,5600.0,SUCCESS
PY00039,BK00039,2026-06-17T19:24:00.000+05:30,WALLET,10500.0,SUCCESS
PY00040,BK00040,2026-08-29T09:17:00.000+05:30,NET BANKING,17500.0,SUCCESS
PY00041,BK00041,2026-07-24T17:50:00.000+05:30,WALLET,22000.0,SUCCESS
PY00042,BK00042,2026-08-08T17:20:00.000+05:30,UPI,22000.0,SUCCESS
PY00043,BK00043,2026-05-09T10:04:00.000+05:30,DEBIT CARD,5600.0,SUCCESS
PY00044,BK00044,2026-06-18T05:34:00.000+05:30,DEBIT CARD,5600.0,SUCCESS
PY00045,BK00045,2026-08-10T01:54:00.000+05:30,CREDIT CARD,8900.0,SUCCESS
PY00046,BK00046,2026-04-16T00:55:00.000+05:30,NET BANKING,22000.0,SUCCESS
PY00047,BK00047,2026-04-13T12:59:00.000+05:30,CREDIT CARD,4200.0,SUCCESS
PY00048,BK00048,2026-05-30T10:46:00.000+05:30,DEBIT CARD,17500.0,SUCCESS
PY00049,BK00049,2026-05-07T13:48:00.000+05:30,CREDIT CARD,14800.0,SUCCESS
PY00050,BK00050,2026-06-07T17:25:00.000+05:30,NET BANKING,3500.0,REFUNDED
PY00051,BK00051,2026-07-22T12:19:00.000+05:30,DEBIT CARD,12500.0,SUCCESS
PY00052,BK00052,2026-08-01T18:47:00.000+05:30,WALLET,3500.0,REFUNDED
PY00053,BK00053,2026-06-10T16:29:00.000+05:30,UPI,22000.0,SUCCESS
PY00054,BK00054,2026-04-15T07:40:00.000+05:30,WALLET,22000.0,SUCCESS
PY00055,BK00055,2026-04-17T21:23:00.000+05:30,UPI,14800.0,SUCCESS
PY00056,BK00056,2026-07-29T06:17:00.000+05:30,UPI,7200.0,SUCCESS
PY00057,BK00057,2026-08-02T23:27:00.000+05:30,DEBIT CARD,12500.0,SUCCESS
PY00058,BK00058,2026-05-29T23:26:00.000+05:30,WALLET,10500.0,SUCCESS
PY00059,BK00059,2026-07-02T03:49:00.000+05:30,UPI,14800.0,SUCCESS
PY00060,BK00060,2026-06-24T12:15:00.000+05:30,CREDIT CARD,3500.0,SUCCESS
PY00061,BK00061,2026-05-08T03:24:00.000+05:30,CREDIT CARD,7200.0,REFUNDED
PY00062,BK00062,2026-07-28T08:38:00.000+05:30,DEBIT CARD,14800.0,REFUNDED
PY00063,BK00063,2026-07-07T06:36:00.000+05:30,WALLET,4200.0,SUCCESS
PY00064,BK00064,2026-04-30T04:31:00.000+05:30,DEBIT CARD,4200.0,SUCCESS
PY00065,BK00065,2026-06-25T13:01:00.000+05:30,NET BANKING,3500.0,SUCCESS
PY00066,BK00066,2026-05-06T02:01:00.000+05:30,WALLET,5600.0,SUCCESS
PY00067,BK00067,2026-05-29T20:26:00.000+05:30,DEBIT CARD,12500.0,SUCCESS
PY00068,BK00068,2026-05-13T13:01:00.000+05:30,UPI,4200.0,SUCCESS
PY00069,BK00069,2026-06-11T16:02:00.000+05:30,NET BANKING,7200.0,SUCCESS
PY00070,BK00070,2026-06-27T01:35:00.000+05:30,WALLET,22000.0,SUCCESS
PY00071,BK00071,2026-07-09T06:33:00.000+05:30,DEBIT CARD,10500.0,SUCCESS
PY00072,BK00072,2026-07-23T10:24:00.000+05:30,CREDIT CARD,22000.0,SUCCESS
PY00073,BK00073,2026-06-04T15:03:00.000+05:30,UPI,22000.0,SUCCESS
PY00074,BK00074,2026-06-21T21:56:00.000+05:30,CREDIT CARD,12500.0,SUCCESS
PY00075,BK00075,2026-05-16T16:40:00.000+05:30,CREDIT CARD,3500.0,SUCCESS
PY00076,BK00076,2026-04-14T22:09:00.000+05:30,UPI,7200.0,SUCCESS
PY00077,BK00077,2026-06-20T01:55:00.000+05:30,CREDIT CARD,3500.0,SUCCESS
PY00078,BK00078,2026-05-06T17:12:00.000+05:30,CREDIT CARD,4200.0,SUCCESS
PY00079,BK00079,2026-07-10T15:50:00.000+05:30,WALLET,7200.0,FAILED
PY00080,BK00080,2026-05-19T13:55:00.000+05:30,CREDIT CARD,8900.0,SUCCESS
PY00081,BK00081,2026-07-10T06:19:00.000+05:30,CREDIT CARD,5600.0,SUCCESS
PY00082,BK00082,2026-06-05T00:24:00.000+05:30,WALLET,22000.0,SUCCESS
PY00083,BK00083,2026-07-25T23:58:00.000+05:30,WALLET,14800.0,SUCCESS
PY00084,BK00084,2026-06-26T07:58:00.000+05:30,NET BANKING,7200.0,REFUNDED
PY00085,BK00085,2026-05-09T02:02:00.000+05:30,WALLET,7200.0,SUCCESS
PY00086,BK00086,2026-04-12T13:11:00.000+05:30,DEBIT CARD,5600.0,SUCCESS
PY00087,BK00087,2026-05-06T21:20:00.000+05:30,UPI,14800.0,SUCCESS
PY00088,BK00088,2026-08-06T22:51:00.000+05:30,NET BANKING,5600.0,SUCCESS
PY00089,BK00089,2026-04-18T13:14:00.000+05:30,UPI,3500.0,SUCCESS
PY00090,BK00090,2026-08-10T11:39:00.000+05:30,DEBIT CARD,7200.0,SUCCESS
PY00091,BK00091,2026-04-25T01:55:00.000+05:30,WALLET,17500.0,SUCCESS
PY00092,BK00092,2026-07-31T17:10:00.000+05:30,UPI,8900.0,REFUNDED
PY00093,BK00093,2026-06-11T00:23:00.000+05:30,CREDIT CARD,3500.0,SUCCESS
PY00094,BK00094,2026-07-03T02:52:00.000+05:30,WALLET,12500.0,SUCCESS
PY00095,BK00095,2026-06-22T13:22:00.000+05:30,DEBIT CARD,8900.0,SUCCESS
PY00096,BK00096,2026-06-22T10:49:00.000+05:30,UPI,8900.0,SUCCESS
PY00097,BK00097,2026-07-01T15:57:00.000+05:30,WALLET,22000.0,SUCCESS
PY00098,BK00098,2026-05-07T20:35:00.000+05:30,UPI,22000.0,SUCCESS
PY00099,BK00099,2026-07-12T11:24:00.000+05:30,WALLET,12500.0,SUCCESS
PY00100,BK00100,2026-08-21T13:43:00.000+05:30,UPI,12500.0,FAILED
PY00101,BK00101,2026-04-26T17:01:00.000+05:30,NET BANKING,3500.0,SUCCESS
PY00102,BK00102,2026-04-17T15:47:00.000+05:30,DEBIT CARD,12500.0,FAILED
PY00103,BK00103,2026-07-02T06:57:00.000+05:30,WALLET,7200.0,SUCCESS
PY00104,BK00104,2026-08-09T00:35:00.000+05:30,DEBIT CARD,7200.0,SUCCESS
PY00105,BK00105,2026-06-29T06:30:00.000+05:30,DEBIT CARD,14800.0,SUCCESS
PY00106,BK00106,2026-06-06T14:45:00.000+05:30,CREDIT CARD,10500.0,SUCCESS
PY00107,BK00107,2026-04-25T07:51:00.000+05:30,CREDIT CARD,12500.0,SUCCESS
PY00108,BK00108,2026-04-24T05:12:00.000+05:30,DEBIT CARD,10500.0,SUCCESS
PY00109,BK00109,2026-06-22T12:14:00.000+05:30,NET BANKING,3500.0,SUCCESS
PY00110,BK00110,2026-06-18T21:07:00.000+05:30,DEBIT CARD,4200.0,SUCCESS
PY00111,BK00111,2026-05-10T14:28:00.000+05:30,WALLET,22000.0,SUCCESS
PY00112,BK00112,2026-07-14T11:21:00.000+05:30,NET BANKING,22000.0,SUCCESS
PY00113,BK00113,2026-05-07T03:30:00.000+05:30,UPI,5600.0,SUCCESS
PY00114,BK00114,2026-07-28T18:06:00.000+05:30,CREDIT CARD,10500.0,SUCCESS
PY00115,BK00115,2026-06-26T12:52:00.000+05:30,DEBIT CARD,7200.0,SUCCESS
PY00116,BK00116,2026-05-13T10:32:00.000+05:30,UPI,5600.0,SUCCESS
PY00117,BK00117,2026-05-14T04:01:00.000+05:30,WALLET,22000.0,SUCCESS
PY00118,BK00118,2026-07-18T00:16:00.000+05:30,UPI,12500.0,FAILED
PY00119,BK00119,2026-05-12T09:07:00.000+05:30,DEBIT CARD,17500.0,SUCCESS
PY00120,BK00120,2026-05-05T12:12:00.000+05:30,DEBIT CARD,5600.0,SUCCESS
PY00121,BK00121,2026-06-22T06:59:00.000+05:30,NET BANKING,22000.0,SUCCESS
PY00122,BK00122,2026-07-05T14:46:00.000+05:30,UPI,3500.0,SUCCESS
PY00123,BK00123,2026-06-01T01:36:00.000+05:30,DEBIT CARD,5600.0,SUCCESS
PY00124,BK00124,2026-06-01T22:16:00.000+05:30,UPI,12500.0,SUCCESS
PY00125,BK00125,2026-06-13T12:50:00.000+05:30,DEBIT CARD,8900.0,SUCCESS
PY00126,BK00126,2026-06-13T17:59:00.000+05:30,DEBIT CARD,4200.0,SUCCESS
PY00127,BK00127,2026-05-19T05:47:00.000+05:30,NET BANKING,8900.0,FAILED
PY00128,BK00128,2026-07-19T16:10:00.000+05:30,UPI,3500.0,SUCCESS
PY00129,BK00129,2026-06-11T17:54:00.000+05:30,CREDIT CARD,22000.0,SUCCESS
PY00130,BK00130,2026-04-16T01:50:00.000+05:30,UPI,17500.0,SUCCESS
PY00131,BK00131,2026-06-22T05:57:00.000+05:30,NET BANKING,7200.0,SUCCESS
PY00132,BK00132,2026-06-19T21:39:00.000+05:30,CREDIT CARD,5600.0,SUCCESS
PY00133,BK00133,2026-06-20T00:53:00.000+05:30,CREDIT CARD,10500.0,FAILED
PY00134,BK00134,2026-06-24T03:18:00.000+05:30,NET BANKING,8900.0,SUCCESS
PY00135,BK00135,2026-05-22T10:12:00.000+05:30,WALLET,10500.0,SUCCESS
PY00136,BK00136,2026-04-19T05:30:00.000+05:30,CREDIT CARD,5600.0,SUCCESS
PY00137,BK00137,2026-07-20T11:07:00.000+05:30,WALLET,3500.0,SUCCESS
PY00138,BK00138,2026-07-08T21:49:00.000+05:30,WALLET,14800.0,SUCCESS
PY00139,BK00139,2026-07-31T20:53:00.000+05:30,UPI,12500.0,SUCCESS
PY00140,BK00140,2026-07-25T17:16:00.000+05:30,DEBIT CARD,5600.0,SUCCESS
PY00141,BK00141,2026-05-15T18:41:00.000+05:30,UPI,12500.0,SUCCESS
PY00142,BK00142,2026-06-25T06:32:00.000+05:30,NET BANKING,10500.0,SUCCESS
PY00143,BK00143,2026-06-04T17:58:00.000+05:30,NET BANKING,5600.0,SUCCESS
PY00144,BK00144,2026-08-15T00:13:00.000+05:30,DEBIT CARD,8900.0,SUCCESS
PY00145,BK00145,2026-06-23T15:11:00.000+05:30,UPI,4200.0,SUCCESS
PY00146,BK00146,2026-08-04T12:17:00.000+05:30,WALLET,3500.0,SUCCESS
PY00147,BK00147,2026-07-28T12:12:00.000+05:30,UPI,5600.0,SUCCESS
PY00148,BK00148,2026-07-29T10:52:00.000+05:30,CREDIT CARD,22000.0,SUCCESS
PY00149,BK00149,2026-06-15T13:03:00.000+05:30,NET BANKING,5600.0,SUCCESS
PY00150,BK00150,2026-08-06T01:18:00.000+05:30,CREDIT CARD,8900.0,SUCCESS
PY00151,BK00151,2026-04-30T01:30:00.000+05:30,DEBIT CARD,22000.0,SUCCESS
PY00152,BK00152,2026-08-08T22:30:00.000+05:30,WALLET,7200.0,SUCCESS
PY00153,BK00153,2026-07-01T22:23:00.000+05:30,WALLET,7200.0,SUCCESS
PY00154,BK00154,2026-05-20T00:26:00.000+05:30,DEBIT CARD,22000.0,SUCCESS
PY00155,BK00155,2026-08-05T22:47:00.000+05:30,WALLET,17500.0,REFUNDED
PY00156,BK00156,2026-04-25T12:40:00.000+05:30,NET BANKING,4200.0,SUCCESS
PY00157,BK00157,2026-07-02T20:18:00.000+05:30,WALLET,3500.0,FAILED
PY00158,BK00158,2026-05-30T03:35:00.000+05:30,DEBIT CARD,4200.0,FAILED
PY00159,BK00159,2026-06-09T19:05:00.000+05:30,WALLET,4200.0,SUCCESS
PY00160,BK00160,2026-04-29T11:01:00.000+05:30,DEBIT CARD,17500.0,SUCCESS
PY00161,BK00161,2026-06-06T17:51:00.000+05:30,CREDIT CARD,4200.0,SUCCESS
PY00162,BK00162,2026-06-21T02:44:00.000+05:30,UPI,14800.0,FAILED
PY00163,BK00163,2026-07-05T15:56:00.000+05:30,WALLET,14800.0,SUCCESS
PY00164,BK00164,2026-04-23T11:12:00.000+05:30,CREDIT CARD,14800.0,SUCCESS
PY00165,BK00165,2026-07-17T03:40:00.000+05:30,DEBIT CARD,12500.0,SUCCESS
PY00166,BK00166,2026-04-29T07:13:00.000+05:30,DEBIT CARD,4200.0,SUCCESS
PY00167,BK00167,2026-04-27T13:59:00.000+05:30,UPI,22000.0,SUCCESS
PY00168,BK00168,2026-06-02T19:34:00.000+05:30,CREDIT CARD,10500.0,SUCCESS
PY00169,BK00169,2026-04-15T14:27:00.000+05:30,WALLET,17500.0,SUCCESS
PY00170,BK00170,2026-07-02T21:46:00.000+05:30,UPI,3500.0,SUCCESS
PY00171,BK00171,2026-07-02T03:04:00.000+05:30,NET BANKING,5600.0,SUCCESS
PY00172,BK00172,2026-04-19T13:05:00.000+05:30,UPI,17500.0,SUCCESS
PY00173,BK00173,2026-08-21T21:16:00.000+05:30,DEBIT CARD,8900.0,SUCCESS
PY00174,BK00174,2026-07-15T07:04:00.000+05:30,CREDIT CARD,10500.0,SUCCESS
PY00175,BK00175,2026-05-22T17:43:00.000+05:30,DEBIT CARD,12500.0,SUCCESS
PY00176,BK00176,2026-08-02T20:47:00.000+05:30,CREDIT CARD,10500.0,SUCCESS
PY00177,BK00177,2026-07-31T17:24:00.000+05:30,DEBIT CARD,17500.0,SUCCESS
PY00178,BK00178,2026-06-06T01:17:00.000+05:30,DEBIT CARD,7200.0,SUCCESS
PY00179,BK00179,2026-05-12T02:11:00.000+05:30,WALLET,5600.0,SUCCESS
PY00180,BK00180,2026-06-04T22:34:00.000+05:30,WALLET,12500.0,SUCCESS
PY00181,BK00181,2026-05-15T20:14:00.000+05:30,WALLET,4200.0,SUCCESS
PY00182,BK00182,2026-06-20T21:08:00.000+05:30,NET BANKING,3500.0,SUCCESS
PY00183,BK00183,2026-05-11T09:56:00.000+05:30,DEBIT CARD,12500.0,SUCCESS
PY00184,BK00184,2026-07-07T14:48:00.000+05:30,NET BANKING,5600.0,SUCCESS
PY00185,BK00185,2026-05-21T22:34:00.000+05:30,WALLET,12500.0,SUCCESS
PY00186,BK00186,2026-06-13T00:00:00.000+05:30,NET BANKING,3500.0,REFUNDED
PY00187,BK00187,2026-05-27T22:46:00.000+05:30,CREDIT CARD,5600.0,SUCCESS
PY00188,BK00188,2026-05-04T08:40:00.000+05:30,NET BANKING,12500.0,SUCCESS
PY00189,BK00189,2026-06-02T03:57:00.000+05:30,CREDIT CARD,8900.0,SUCCESS
PY00190,BK00190,2026-07-06T10:31:00.000+05:30,NET BANKING,17500.0,SUCCESS
PY00191,BK00191,2026-06-25T06:47:00.000+05:30,DEBIT CARD,12500.0,REFUNDED
PY00192,BK00192,2026-07-30T07:19:00.000+05:30,NET BANKING,4200.0,SUCCESS
PY00193,BK00193,2026-08-16T12:24:00.000+05:30,CREDIT CARD,17500.0,SUCCESS
PY00194,BK00194,2026-06-08T14:36:00.000+05:30,DEBIT CARD,4200.0,REFUNDED
PY00195,BK00195,2026-05-06T21:16:00.000+05:30,DEBIT CARD,8900.0,REFUNDED
PY00196,BK00196,2026-05-28T15:54:00.000+05:30,WALLET,4200.0,FAILED
PY00197,BK00197,2026-07-26T17:15:00.000+05:30,NET BANKING,10500.0,SUCCESS
PY00198,BK00198,2026-05-10T11:34:00.000+05:30,NET BANKING,22000.0,SUCCESS
PY00199,BK00199,2026-05-18T02:03:00.000+05:30,DEBIT CARD,22000.0,SUCCESS
PY00200,BK00200,2026-07-14T19:40:00.000+05:30,NET BANKING,14800.0,SUCCESS
PY00201,BK00201,2026-05-03T03:06:00.000+05:30,CREDIT CARD,22000.0,SUCCESS
PY00202,BK00202,2026-08-12T23:22:00.000+05:30,UPI,17500.0,SUCCESS
PY00203,BK00203,2026-07-27T15:47:00.000+05:30,NET BANKING,17500.0,SUCCESS
PY00204,BK00204,2026-04-14T16:44:00.000+05:30,UPI,5600.0,SUCCESS
PY00205,BK00205,2026-07-09T08:22:00.000+05:30,UPI,12500.0,SUCCESS
PY00206,BK00206,2026-05-24T12:58:00.000+05:30,UPI,8900.0,SUCCESS
PY00207,BK00207,2026-04-28T20:18:00.000+05:30,UPI,14800.0,SUCCESS
PY00208,BK00208,2026-06-03T05:41:00.000+05:30,UPI,12500.0,SUCCESS
PY00209,BK00209,2026-06-26T23:21:00.000+05:30,WALLET,7200.0,FAILED
PY00210,BK00210,2026-08-03T18:23:00.000+05:30,UPI,10500.0,REFUNDED
PY00211,BK00211,2026-05-06T02:50:00.000+05:30,NET BANKING,10500.0,SUCCESS
PY00212,BK00212,2026-05-03T00:35:00.000+05:30,DEBIT CARD,22000.0,SUCCESS
PY00213,BK00213,2026-06-06T15:49:00.000+05:30,NET BANKING,4200.0,SUCCESS
PY00214,BK00214,2026-07-15T01:40:00.000+05:30,WALLET,8900.0,SUCCESS
PY00215,BK00215,2026-05-07T17:59:00.000+05:30,DEBIT CARD,22000.0,SUCCESS
PY00216,BK00216,2026-07-01T23:17:00.000+05:30,CREDIT CARD,10500.0,SUCCESS
PY00217,BK00217,2026-07-12T08:24:00.000+05:30,NET BANKING,3500.0,FAILED
PY00218,BK00218,2026-05-14T07:51:00.000+05:30,UPI,4200.0,SUCCESS
PY00219,BK00219,2026-07-11T06:14:00.000+05:30,DEBIT CARD,3500.0,SUCCESS
PY00220,BK00220,2026-07-09T07:09:00.000+05:30,DEBIT CARD,5600.0,SUCCESS
PY00221,BK00221,2026-06-20T18:05:00.000+05:30,CREDIT CARD,5600.0,SUCCESS
PY00222,BK00222,2026-08-10T02:29:00.000+05:30,NET BANKING,7200.0,SUCCESS
PY00223,BK00223,2026-07-02T21:44:00.000+05:30,NET BANKING,5600.0,SUCCESS
PY00224,BK00224,2026-06-26T03:07:00.000+05:30,NET BANKING,14800.0,SUCCESS
PY00225,BK00225,2026-08-17T08:40:00.000+05:30,CREDIT CARD,7200.0,SUCCESS
PY00226,BK00226,2026-07-16T09:54:00.000+05:30,UPI,14800.0,SUCCESS
PY00227,BK00227,2026-08-23T20:53:00.000+05:30,WALLET,5600.0,SUCCESS
PY00228,BK00228,2026-05-13T02:04:00.000+05:30,CREDIT CARD,14800.0,SUCCESS
PY00229,BK00229,2026-07-13T01:49:00.000+05:30,WALLET,17500.0,SUCCESS
PY00230,BK00230,2026-07-07T23:51:00.000+05:30,DEBIT CARD,22000.0,SUCCESS
PY00231,BK00231,2026-05-17T04:20:00.000+05:30,CREDIT CARD,14800.0,SUCCESS
PY00232,BK00232,2026-06-02T06:28:00.000+05:30,DEBIT CARD,12500.0,SUCCESS
PY00233,BK00233,2026-05-29T18:27:00.000+05:30,NET BANKING,14800.0,SUCCESS
PY00234,BK00234,2026-07-17T01:31:00.000+05:30,NET BANKING,17500.0,SUCCESS
PY00235,BK00235,2026-07-20T21:17:00.000+05:30,NET BANKING,10500.0,SUCCESS
PY00236,BK00236,2026-05-26T13:52:00.000+05:30,UPI,5600.0,SUCCESS
PY00237,BK00237,2026-07-10T20:17:00.000+05:30,WALLET,12500.0,SUCCESS
PY00238,BK00238,2026-06-02T08:52:00.000+05:30,UPI,5600.0,REFUNDED
PY00239,BK00239,2026-05-16T06:06:00.000+05:30,UPI,3500.0,SUCCESS
PY00240,BK00240,2026-07-14T16:07:00.000+05:30,UPI,10500.0,SUCCESS
PY00241,BK00241,2026-04-24T11:23:00.000+05:30,CREDIT CARD,12500.0,SUCCESS
PY00242,BK00242,2026-08-06T16:13:00.000+05:30,UPI,7200.0,SUCCESS
PY00243,BK00243,2026-05-26T09:05:00.000+05:30,WALLET,12500.0,SUCCESS
PY00244,BK00244,2026-07-17T21:52:00.000+05:30,DEBIT CARD,17500.0,SUCCESS
PY00245,BK00245,2026-05-09T20:35:00.000+05:30,DEBIT CARD,3500.0,SUCCESS
PY00246,BK00246,2026-06-02T13:27:00.000+05:30,DEBIT CARD,8900.0,SUCCESS
PY00247,BK00247,2026-07-11T18:08:00.000+05:30,WALLET,4200.0,SUCCESS
PY00248,BK00248,2026-06-19T11:31:00.000+05:30,DEBIT CARD,22000.0,SUCCESS
PY00249,BK00249,2026-05-15T23:03:00.000+05:30,DEBIT CARD,17500.0,SUCCESS
PY00250,BK00250,2026-08-12T02:00:00.000+05:30,DEBIT CARD,3500.0,SUCCESS
PY00251,BK00251,2026-08-07T14:07:00.000+05:30,UPI,7200.0,SUCCESS
PY00252,BK00252,2026-04-28T20:34:00.000+05:30,NET BANKING,10500.0,SUCCESS
PY00253,BK00253,2026-04-07T03:19:00.000+05:30,DEBIT CARD,12500.0,SUCCESS
PY00254,BK00254,2026-05-08T23:06:00.000+05:30,DEBIT CARD,4200.0,SUCCESS
PY00255,BK00255,2026-04-20T03:12:00.000+05:30,CREDIT CARD,17500.0,SUCCESS
PY00256,BK00256,2026-06-28T02:45:00.000+05:30,NET BANKING,22000.0,FAILED
PY00257,BK00257,2026-05-05T13:56:00.000+05:30,WALLET,4200.0,SUCCESS
PY00258,BK00258,2026-05-15T18:37:00.000+05:30,WALLET,10500.0,SUCCESS
PY00259,BK00259,2026-05-14T01:21:00.000+05:30,NET BANKING,7200.0,SUCCESS
PY00260,BK00260,2026-08-13T15:33:00.000+05:30,NET BANKING,22000.0,SUCCESS
PY00261,BK00261,2026-07-21T02:12:00.000+05:30,DEBIT CARD,10500.0,REFUNDED
PY00262,BK00262,2026-08-01T06:39:00.000+05:30,WALLET,12500.0,SUCCESS
PY00263,BK00263,2026-04-17T13:26:00.000+05:30,UPI,3500.0,SUCCESS
PY00264,BK00264,2026-06-03T21:48:00.000+05:30,NET BANKING,8900.0,SUCCESS
PY00265,BK00265,2026-07-04T06:45:00.000+05:30,NET BANKING,5600.0,SUCCESS
PY00266,BK00266,2026-07-22T06:15:00.000+05:30,DEBIT CARD,5600.0,SUCCESS
PY00267,BK00267,2026-07-24T13:53:00.000+05:30,DEBIT CARD,3500.0,SUCCESS
PY00268,BK00268,2026-05-30T13:18:00.000+05:30,DEBIT CARD,17500.0,SUCCESS
PY00269,BK00269,2026-07-31T01:47:00.000+05:30,DEBIT CARD,10500.0,REFUNDED
PY00270,BK00270,2026-05-17T13:51:00.000+05:30,WALLET,22000.0,SUCCESS
PY00271,BK00271,2026-07-30T05:57:00.000+05:30,CREDIT CARD,4200.0,SUCCESS
PY00272,BK00272,2026-08-25T09:49:00.000+05:30,CREDIT CARD,17500.0,SUCCESS
PY00273,BK00273,2026-05-28T16:42:00.000+05:30,DEBIT CARD,17500.0,SUCCESS
PY00274,BK00274,2026-06-02T23:31:00.000+05:30,CREDIT CARD,7200.0,SUCCESS
PY00275,BK00275,2026-05-03T02:10:00.000+05:30,CREDIT CARD,12500.0,SUCCESS
PY00276,BK00276,2026-07-25T00:04:00.000+05:30,UPI,22000.0,SUCCESS
PY00277,BK00277,2026-08-16T23:30:00.000+05:30,WALLET,3500.0,SUCCESS
PY00278,BK00278,2026-04-29T04:54:00.000+05:30,WALLET,7200.0,REFUNDED
PY00279,BK00279,2026-06-09T07:12:00.000+05:30,DEBIT CARD,8900.0,SUCCESS
PY00280,BK00280,2026-07-03T14:10:00.000+05:30,DEBIT CARD,14800.0,REFUNDED
PY00281,BK00281,2026-07-17T01:35:00.000+05:30,CREDIT CARD,14800.0,REFUNDED
PY00282,BK00282,2026-06-11T07:10:00.000+05:30,CREDIT CARD,17500.0,SUCCESS
PY00283,BK00283,2026-07-07T07:20:00.000+05:30,NET BANKING,8900.0,SUCCESS
PY00284,BK00284,2026-07-24T02:40:00.000+05:30,CREDIT CARD,3500.0,SUCCESS
PY00285,BK00285,2026-05-06T17:14:00.000+05:30,UPI,7200.0,SUCCESS
PY00286,BK00286,2026-07-18T06:02:00.000+05:30,NET BANKING,12500.0,SUCCESS
PY00287,BK00287,2026-07-24T14:20:00.000+05:30,WALLET,12500.0,SUCCESS
PY00288,BK00288,2026-04-08T13:37:00.000+05:30,UPI,10500.0,SUCCESS
PY00289,BK00289,2026-07-25T21:31:00.000+05:30,CREDIT CARD,7200.0,SUCCESS
PY00290,BK00290,2026-07-05T16:32:00.000+05:30,NET BANKING,3500.0,SUCCESS
PY00291,BK00291,2026-07-31T02:27:00.000+05:30,WALLET,8900.0,SUCCESS
PY00292,BK00292,2026-07-30T05:53:00.000+05:30,UPI,12500.0,REFUNDED
PY00293,BK00293,2026-05-31T13:03:00.000+05:30,UPI,3500.0,SUCCESS
PY00294,BK00294,2026-06-20T09:50:00.000+05:30,CREDIT CARD,8900.0,SUCCESS
PY00295,BK00295,2026-05-13T11:17:00.000+05:30,NET BANKING,7200.0,SUCCESS
PY00296,BK00296,2026-08-03T17:38:00.000+05:30,DEBIT CARD,22000.0,SUCCESS
PY00297,BK00297,2026-07-04T02:34:00.000+05:30,CREDIT CARD,12500.0,SUCCESS
PY00298,BK00298,2026-06-23T21:44:00.000+05:30,UPI,5600.0,SUCCESS
PY00299,BK00299,2026-05-31T21:07:00.000+05:30,DEBIT CARD,4200.0,SUCCESS
PY00300,BK00300,2026-05-14T21:48:00.000+05:30,CREDIT CARD,12500.0,FAILED
PY00301,BK00301,2026-07-24T00:31:00.000+05:30,DEBIT CARD,3500.0,SUCCESS
PY00302,BK00302,2026-04-19T13:30:00.000+05:30,DEBIT CARD,14800.0,SUCCESS
PY00303,BK00303,2026-05-30T20:07:00.000+05:30,NET BANKING,4200.0,SUCCESS
PY00304,BK00304,2026-06-09T19:39:00.000+05:30,NET BANKING,3500.0,SUCCESS
PY00305,BK00305,2026-08-10T09:46:00.000+05:30,WALLET,8900.0,SUCCESS
PY00306,BK00306,2026-07-28T19:44:00.000+05:30,NET BANKING,17500.0,SUCCESS
PY00307,BK00307,2026-04-27T03:22:00.000+05:30,WALLET,22000.0,SUCCESS
PY00308,BK00308,2026-08-08T13:35:00.000+05:30,NET BANKING,5600.0,SUCCESS
PY00309,BK00309,2026-05-24T06:24:00.000+05:30,WALLET,3500.0,SUCCESS
PY00310,BK00310,2026-05-12T16:01:00.000+05:30,UPI,17500.0,SUCCESS
PY00311,BK00311,2026-08-03T21:11:00.000+05:30,DEBIT CARD,10500.0,SUCCESS
PY00312,BK00312,2026-06-02T07:17:00.000+05:30,WALLET,8900.0,SUCCESS
PY00313,BK00313,2026-04-23T08:37:00.000+05:30,CREDIT CARD,12500.0,SUCCESS
PY00314,BK00314,2026-06-03T00:44:00.000+05:30,CREDIT CARD,7200.0,FAILED
PY00315,BK00315,2026-08-06T10:25:00.000+05:30,WALLET,5600.0,SUCCESS
PY00316,BK00316,2026-05-24T05:51:00.000+05:30,WALLET,3500.0,SUCCESS
PY00317,BK00317,2026-06-22T15:56:00.000+05:30,NET BANKING,22000.0,SUCCESS
PY00318,BK00318,2026-06-09T22:34:00.000+05:30,NET BANKING,14800.0,SUCCESS
PY00319,BK00319,2026-06-06T14:02:00.000+05:30,DEBIT CARD,4200.0,SUCCESS
PY00320,BK00320,2026-05-31T13:54:00.000+05:30,UPI,22000.0,SUCCESS
PY00321,BK00321,2026-05-09T18:50:00.000+05:30,UPI,3500.0,SUCCESS
PY00322,BK00322,2026-06-24T22:48:00.000+05:30,NET BANKING,4200.0,SUCCESS
PY00323,BK00323,2026-04-14T11:54:00.000+05:30,NET BANKING,14800.0,SUCCESS
PY00324,BK00324,2026-06-01T02:25:00.000+05:30,NET BANKING,10500.0,SUCCESS
PY00325,BK00325,2026-04-27T03:53:00.000+05:30,CREDIT CARD,12500.0,SUCCESS
PY00326,BK00326,2026-06-11T09:08:00.000+05:30,DEBIT CARD,7200.0,SUCCESS
PY00327,BK00327,2026-06-12T08:32:00.000+05:30,WALLET,10500.0,SUCCESS
PY00328,BK00328,2026-06-09T13:51:00.000+05:30,NET BANKING,7200.0,SUCCESS
PY00329,BK00329,2026-04-24T15:58:00.000+05:30,WALLET,3500.0,SUCCESS
PY00330,BK00330,2026-06-19T21:43:00.000+05:30,WALLET,22000.0,SUCCESS
PY00331,BK00331,2026-05-17T09:09:00.000+05:30,UPI,12500.0,SUCCESS
PY00332,BK00332,2026-05-31T21:14:00.000+05:30,CREDIT CARD,7200.0,SUCCESS
PY00333,BK00333,2026-04-19T12:49:00.000+05:30,UPI,4200.0,SUCCESS
PY00334,BK00334,2026-05-04T01:03:00.000+05:30,WALLET,4200.0,SUCCESS
PY00335,BK00335,2026-06-19T06:07:00.000+05:30,WALLET,3500.0,SUCCESS
PY00336,BK00336,2026-06-23T23:23:00.000+05:30,UPI,17500.0,SUCCESS
PY00337,BK00337,2026-05-31T01:52:00.000+05:30,UPI,3500.0,SUCCESS
PY00338,BK00338,2026-08-03T13:41:00.000+05:30,WALLET,17500.0,SUCCESS
PY00339,BK00339,2026-05-03T23:31:00.000+05:30,NET BANKING,14800.0,SUCCESS
PY00340,BK00340,2026-05-04T13:47:00.000+05:30,DEBIT CARD,12500.0,SUCCESS
PY00341,BK00341,2026-07-20T10:10:00.000+05:30,UPI,22000.0,SUCCESS
PY00342,BK00342,2026-06-22T08:15:00.000+05:30,WALLET,7200.0,SUCCESS
PY00343,BK00343,2026-05-13T08:54:00.000+05:30,DEBIT CARD,4200.0,SUCCESS
PY00344,BK00344,2026-04-23T00:35:00.000+05:30,DEBIT CARD,7200.0,SUCCESS
PY00345,BK00345,2026-08-19T18:30:00.000+05:30,WALLET,17500.0,SUCCESS
PY00346,BK00346,2026-05-06T05:42:00.000+05:30,NET BANKING,22000.0,SUCCESS
PY00347,BK00347,2026-04-24T07:41:00.000+05:30,WALLET,22000.0,SUCCESS
PY00348,BK00348,2026-06-25T13:24:00.000+05:30,WALLET,17500.0,REFUNDED
PY00349,BK00349,2026-06-30T12:01:00.000+05:30,NET BANKING,5600.0,SUCCESS
PY00350,BK00350,2026-08-04T20:54:00.000+05:30,DEBIT CARD,3500.0,SUCCESS
PY00351,BK00351,2026-07-22T23:34:00.000+05:30,CREDIT CARD,17500.0,SUCCESS
PY00352,BK00352,2026-05-18T03:12:00.000+05:30,NET BANKING,14800.0,SUCCESS
PY00353,BK00353,2026-08-05T17:24:00.000+05:30,CREDIT CARD,17500.0,SUCCESS
PY00354,BK00354,2026-07-13T00:53:00.000+05:30,DEBIT CARD,7200.0,SUCCESS
PY00355,BK00355,2026-06-22T09:26:00.000+05:30,WALLET,7200.0,SUCCESS
PY00356,BK00356,2026-05-10T05:17:00.000+05:30,CREDIT CARD,17500.0,SUCCESS
PY00357,BK00357,2026-08-02T13:53:00.000+05:30,WALLET,10500.0,SUCCESS
PY00358,BK00358,2026-08-18T00:11:00.000+05:30,UPI,7200.0,SUCCESS
PY00359,BK00359,2026-04-19T22:20:00.000+05:30,DEBIT CARD,12500.0,SUCCESS
PY00360,BK00360,2026-07-10T07:57:00.000+05:30,UPI,3500.0,SUCCESS
PY00361,BK00361,2026-06-13T13:37:00.000+05:30,NET BANKING,12500.0,SUCCESS
PY00362,BK00362,2026-04-30T01:45:00.000+05:30,UPI,10500.0,SUCCESS
PY00363,BK00363,2026-07-01T23:09:00.000+05:30,CREDIT CARD,17500.0,FAILED
PY00364,BK00364,2026-05-18T13:27:00.000+05:30,CREDIT CARD,8900.0,SUCCESS
PY00365,BK00365,2026-07-11T20:50:00.000+05:30,UPI,17500.0,SUCCESS
PY00366,BK00366,2026-07-20T00:37:00.000+05:30,UPI,5600.0,SUCCESS
PY00367,BK00367,2026-04-28T04:52:00.000+05:30,DEBIT CARD,17500.0,FAILED
PY00368,BK00368,2026-05-03T06:19:00.000+05:30,UPI,17500.0,SUCCESS
PY00369,BK00369,2026-05-13T09:32:00.000+05:30,WALLET,12500.0,SUCCESS
PY00370,BK00370,2026-07-15T21:58:00.000+05:30,CREDIT CARD,4200.0,SUCCESS
PY00371,BK00371,2026-05-21T23:47:00.000+05:30,DEBIT CARD,17500.0,SUCCESS
PY00372,BK00372,2026-04-30T04:15:00.000+05:30,WALLET,12500.0,SUCCESS
PY00373,BK00373,2026-04-24T17:23:00.000+05:30,DEBIT CARD,14800.0,SUCCESS
PY00374,BK00374,2026-07-14T09:31:00.000+05:30,WALLET,5600.0,SUCCESS
PY00375,BK00375,2026-06-07T01:49:00.000+05:30,UPI,12500.0,SUCCESS
PY00376,BK00376,2026-06-09T16:18:00.000+05:30,CREDIT CARD,17500.0,SUCCESS
PY00377,BK00377,2026-05-09T04:59:00.000+05:30,CREDIT CARD,3500.0,SUCCESS
PY00378,BK00378,2026-06-03T14:02:00.000+05:30,DEBIT CARD,17500.0,SUCCESS
PY00379,BK00379,2026-04-15T15:48:00.000+05:30,DEBIT CARD,14800.0,SUCCESS
PY00380,BK00380,2026-07-31T10:54:00.000+05:30,CREDIT CARD,22000.0,SUCCESS
PY00381,BK00381,2026-05-21T17:36:00.000+05:30,CREDIT CARD,10500.0,SUCCESS
PY00382,BK00382,2026-07-10T06:59:00.000+05:30,CREDIT CARD,8900.0,SUCCESS
PY00383,BK00383,2026-07-18T03:37:00.000+05:30,DEBIT CARD,7200.0,SUCCESS
PY00384,BK00384,2026-06-22T13:41:00.000+05:30,WALLET,7200.0,SUCCESS
PY00385,BK00385,2026-08-11T02:46:00.000+05:30,NET BANKING,10500.0,SUCCESS
PY00386,BK00386,2026-07-05T21:39:00.000+05:30,UPI,3500.0,SUCCESS
PY00387,BK00387,2026-04-26T22:00:00.000+05:30,DEBIT CARD,3500.0,SUCCESS
PY00388,BK00388,2026-07-07T00:03:00.000+05:30,NET BANKING,3500.0,SUCCESS
PY00389,BK00389,2026-05-02T15:13:00.000+05:30,NET BANKING,10500.0,SUCCESS
PY00390,BK00390,2026-08-04T09:13:00.000+05:30,UPI,4200.0,SUCCESS
PY00391,BK00391,2026-07-16T06:54:00.000+05:30,NET BANKING,22000.0,SUCCESS
PY00392,BK00392,2026-05-06T09:17:00.000+05:30,WALLET,22000.0,FAILED
PY00393,BK00393,2026-07-22T15:19:00.000+05:30,WALLET,8900.0,SUCCESS
PY00394,BK00394,2026-06-12T21:46:00.000+05:30,UPI,12500.0,SUCCESS
PY00395,BK00395,2026-05-03T13:49:00.000+05:30,UPI,7200.0,SUCCESS
PY00396,BK00396,2026-07-13T00:01:00.000+05:30,NET BANKING,8900.0,SUCCESS
PY00397,BK00397,2026-08-25T08:17:00.000+05:30,UPI,17500.0,SUCCESS
PY00398,BK00398,2026-07-18T20:29:00.000+05:30,WALLET,10500.0,SUCCESS
PY00399,BK00399,2026-05-05T02:09:00.000+05:30,UPI,12500.0,SUCCESS
PY00400,BK00400,2026-07-09T05:43:00.000+05:30,DEBIT CARD,7200.0,SUCCESS
PY00401,BK00401,2026-05-27T22:40:00.000+05:30,CREDIT CARD,3500.0,SUCCESS
PY00402,BK00402,2026-06-24T09:39:00.000+05:30,NET BANKING,12500.0,SUCCESS
PY00403,BK00403,2026-06-09T23:51:00.000+05:30,DEBIT CARD,10500.0,SUCCESS
PY00404,BK00404,2026-07-17T18:27:00.000+05:30,NET BANKING,7200.0,SUCCESS
PY00405,BK00405,2026-04-17T16:21:00.000+05:30,NET BANKING,14800.0,SUCCESS
PY00406,BK00406,2026-05-21T23:53:00.000+05:30,NET BANKING,22000.0,SUCCESS
PY00407,BK00407,2026-06-01T20:38:00.000+05:30,UPI,3500.0,SUCCESS
PY00408,BK00408,2026-06-02T19:07:00.000+05:30,NET BANKING,12500.0,SUCCESS
PY00409,BK00409,2026-04-27T16:34:00.000+05:30,WALLET,7200.0,SUCCESS
PY00410,BK00410,2026-07-19T08:34:00.000+05:30,CREDIT CARD,12500.0,SUCCESS
PY00411,BK00411,2026-06-25T00:41:00.000+05:30,CREDIT CARD,4200.0,SUCCESS
PY00412,BK00412,2026-05-17T17:15:00.000+05:30,DEBIT CARD,10500.0,SUCCESS
PY00413,BK00413,2026-08-09T06:14:00.000+05:30,UPI,10500.0,SUCCESS
PY00414,BK00414,2026-07-10T22:11:00.000+05:30,CREDIT CARD,3500.0,SUCCESS
PY00415,BK00415,2026-05-27T03:37:00.000+05:30,NET BANKING,10500.0,SUCCESS
PY00416,BK00416,2026-07-22T00:29:00.000+05:30,WALLET,5600.0,FAILED
PY00417,BK00417,2026-07-22T00:26:00.000+05:30,UPI,10500.0,SUCCESS
PY00418,BK00418,2026-07-13T05:54:00.000+05:30,NET BANKING,14800.0,SUCCESS
PY00419,BK00419,2026-05-20T15:54:00.000+05:30,DEBIT CARD,3500.0,SUCCESS
PY00420,BK00420,2026-07-04T00:43:00.000+05:30,CREDIT CARD,4200.0,SUCCESS
PY00421,BK00421,2026-05-04T15:13:00.000+05:30,WALLET,8900.0,SUCCESS
PY00422,BK00422,2026-04-29T06:13:00.000+05:30,WALLET,10500.0,SUCCESS
PY00423,BK00423,2026-05-25T12:45:00.000+05:30,NET BANKING,17500.0,SUCCESS
PY00424,BK00424,2026-06-23T08:28:00.000+05:30,NET BANKING,4200.0,SUCCESS
PY00425,BK00425,2026-07-04T14:33:00.000+05:30,CREDIT CARD,4200.0,SUCCESS
PY00426,BK00426,2026-05-29T00:23:00.000+05:30,NET BANKING,10500.0,SUCCESS
PY00427,BK00427,2026-07-12T13:44:00.000+05:30,WALLET,22000.0,SUCCESS
PY00428,BK00428,2026-05-26T09:01:00.000+05:30,NET BANKING,5600.0,SUCCESS
PY00429,BK00429,2026-07-13T08:13:00.000+05:30,UPI,10500.0,SUCCESS
PY00430,BK00430,2026-05-28T05:33:00.000+05:30,CREDIT CARD,14800.0,SUCCESS
PY00431,BK00431,2026-08-10T14:52:00.000+05:30,UPI,17500.0,SUCCESS
PY00432,BK00432,2026-05-26T02:47:00.000+05:30,NET BANKING,10500.0,SUCCESS
PY00433,BK00433,2026-05-17T10:03:00.000+05:30,NET BANKING,14800.0,SUCCESS
PY00434,BK00434,2026-08-06T15:36:00.000+05:30,UPI,3500.0,SUCCESS
PY00435,BK00435,2026-07-13T21:15:00.000+05:30,NET BANKING,4200.0,SUCCESS
PY00436,BK00436,2026-06-14T09:05:00.000+05:30,DEBIT CARD,14800.0,SUCCESS
PY00437,BK00437,2026-07-08T21:22:00.000+05:30,WALLET,4200.0,SUCCESS
PY00438,BK00438,2026-06-21T20:19:00.000+05:30,WALLET,22000.0,SUCCESS
PY00439,BK00439,2026-05-27T13:58:00.000+05:30,UPI,8900.0,SUCCESS
PY00440,BK00440,2026-06-12T22:46:00.000+05:30,NET BANKING,4200.0,FAILED
PY00441,BK00441,2026-06-11T18:29:00.000+05:30,UPI,5600.0,SUCCESS
PY00442,BK00442,2026-07-12T10:31:00.000+05:30,NET BANKING,14800.0,SUCCESS
PY00443,BK00443,2026-06-30T21:17:00.000+05:30,WALLET,14800.0,FAILED
PY00444,BK00444,2026-07-23T20:18:00.000+05:30,WALLET,12500.0,SUCCESS
PY00445,BK00445,2026-06-15T00:37:00.000+05:30,CREDIT CARD,14800.0,FAILED
PY00446,BK00446,2026-06-12T10:37:00.000+05:30,CREDIT CARD,3500.0,SUCCESS
PY00447,BK00447,2026-05-25T11:53:00.000+05:30,CREDIT CARD,4200.0,SUCCESS
PY00448,BK00448,2026-05-24T16:06:00.000+05:30,DEBIT CARD,3500.0,SUCCESS
PY00449,BK00449,2026-06-05T14:36:00.000+05:30,DEBIT CARD,5600.0,SUCCESS
PY00450,BK00450,2026-04-14T15:14:00.000+05:30,CREDIT CARD,7200.0,SUCCESS
PY00451,BK00451,2026-08-02T13:30:00.000+05:30,NET BANKING,12500.0,SUCCESS
PY00452,BK00452,2026-06-22T03:40:00.000+05:30,CREDIT CARD,17500.0,FAILED
PY00453,BK00453,2026-05-08T09:37:00.000+05:30,CREDIT CARD,8900.0,SUCCESS
PY00454,BK00454,2026-05-09T02:26:00.000+05:30,WALLET,12500.0,SUCCESS
PY00455,BK00455,2026-05-29T05:46:00.000+05:30,NET BANKING,7200.0,SUCCESS
PY00456,BK00456,2026-08-09T01:18:00.000+05:30,NET BANKING,5600.0,SUCCESS
PY00457,BK00457,2026-07-29T13:25:00.000+05:30,UPI,22000.0,SUCCESS
PY00458,BK00458,2026-05-07T01:59:00.000+05:30,DEBIT CARD,10500.0,SUCCESS
PY00459,BK00459,2026-07-28T17:33:00.000+05:30,UPI,8900.0,SUCCESS
PY00460,BK00460,2026-06-07T07:46:00.000+05:30,UPI,10500.0,SUCCESS
PY00461,BK00461,2026-05-03T17:46:00.000+05:30,WALLET,17500.0,SUCCESS
PY00462,BK00462,2026-07-21T22:29:00.000+05:30,UPI,10500.0,SUCCESS
PY00463,BK00463,2026-07-03T04:27:00.000+05:30,NET BANKING,5600.0,FAILED
PY00464,BK00464,2026-07-18T23:44:00.000+05:30,DEBIT CARD,5600.0,SUCCESS
PY00465,BK00465,2026-05-31T02:58:00.000+05:30,WALLET,14800.0,SUCCESS
PY00466,BK00466,2026-06-06T00:40:00.000+05:30,DEBIT CARD,17500.0,SUCCESS
PY00467,BK00467,2026-06-29T22:18:00.000+05:30,DEBIT CARD,14800.0,SUCCESS
PY00468,BK00468,2026-06-16T18:06:00.000+05:30,CREDIT CARD,3500.0,SUCCESS
PY00469,BK00469,2026-06-17T17:55:00.000+05:30,UPI,8900.0,SUCCESS
PY00470,BK00470,2026-05-07T11:04:00.000+05:30,NET BANKING,22000.0,SUCCESS
PY00471,BK00471,2026-05-17T10:18:00.000+05:30,DEBIT CARD,8900.0,SUCCESS
PY00472,BK00472,2026-06-11T23:28:00.000+05:30,NET BANKING,4200.0,SUCCESS
PY00473,BK00473,2026-05-03T18:29:00.000+05:30,UPI,3500.0,SUCCESS
PY00474,BK00474,2026-06-01T02:17:00.000+05:30,NET BANKING,14800.0,SUCCESS
PY00475,BK00475,2026-06-07T01:21:00.000+05:30,CREDIT CARD,22000.0,SUCCESS
PY00476,BK00476,2026-05-08T11:01:00.000+05:30,NET BANKING,7200.0,SUCCESS
PY00477,BK00477,2026-07-17T04:12:00.000+05:30,DEBIT CARD,4200.0,SUCCESS
PY00478,BK00478,2026-05-23T02:45:00.000+05:30,WALLET,14800.0,SUCCESS
PY00479,BK00479,2026-07-14T05:36:00.000+05:30,DEBIT CARD,8900.0,SUCCESS
PY00480,BK00480,2026-08-12T17:32:00.000+05:30,CREDIT CARD,14800.0,SUCCESS
PY00481,BK00481,2026-05-11T01:49:00.000+05:30,WALLET,17500.0,SUCCESS
PY00482,BK00482,2026-07-20T20:03:00.000+05:30,UPI,17500.0,SUCCESS
PY00483,BK00483,2026-07-16T04:06:00.000+05:30,DEBIT CARD,4200.0,SUCCESS
PY00484,BK00484,2026-07-23T11:30:00.000+05:30,CREDIT CARD,22000.0,SUCCESS
PY00485,BK00485,2026-04-29T15:16:00.000+05:30,CREDIT CARD,22000.0,SUCCESS
PY00486,BK00486,2026-07-01T19:19:00.000+05:30,DEBIT CARD,12500.0,SUCCESS
PY00487,BK00487,2026-06-26T11:14:00.000+05:30,CREDIT CARD,4200.0,FAILED
PY00488,BK00488,2026-07-19T02:53:00.000+05:30,UPI,12500.0,SUCCESS
PY00489,BK00489,2026-07-21T16:38:00.000+05:30,CREDIT CARD,3500.0,SUCCESS
PY00490,BK00490,2026-05-09T12:37:00.000+05:30,UPI,7200.0,SUCCESS
PY00491,BK00491,2026-05-27T17:43:00.000+05:30,DEBIT CARD,8900.0,SUCCESS
PY00492,BK00492,2026-07-30T02:19:00.000+05:30,DEBIT CARD,14800.0,SUCCESS
PY00493,BK00493,2026-05-03T14:27:00.000+05:30,UPI,3500.0,FAILED
PY00494,BK00494,2026-05-11T02:34:00.000+05:30,WALLET,10500.0,FAILED
PY00495,BK00495,2026-04-22T05:34:00.000+05:30,WALLET,3500.0,FAILED
PY00496,BK00496,2026-08-06T10:02:00.000+05:30,NET BANKING,4200.0,SUCCESS
PY00497,BK00497,2026-04-20T02:27:00.000+05:30,WALLET,10500.0,SUCCESS
PY00498,BK00498,2026-08-17T17:02:00.000+05:30,DEBIT CARD,14800.0,SUCCESS
PY00499,BK00499,2026-07-02T07:28:00.000+05:30,UPI,7200.0,SUCCESS
PY00500,BK00500,2026-06-09T21:09:00.000+05:30,DEBIT CARD,22000.0,FAILED
PY00501,BK00501,2026-07-29T08:45:00.000+05:30,WALLET,7200.0,SUCCESS
PY00502,BK00502,2026-07-26T09:29:00.000+05:30,WALLET,22000.0,SUCCESS
PY00503,BK00503,2026-05-16T02:46:00.000+05:30,NET BANKING,5600.0,SUCCESS
PY00504,BK00504,2026-05-08T06:30:00.000+05:30,WALLET,12500.0,SUCCESS
PY00505,BK00505,2026-08-05T23:59:00.000+05:30,UPI,5600.0,SUCCESS
PY00506,BK00506,2026-04-24T15:45:00.000+05:30,DEBIT CARD,10500.0,FAILED
PY00507,BK00507,2026-06-05T08:10:00.000+05:30,CREDIT CARD,14800.0,SUCCESS
PY00508,BK00508,2026-06-14T21:38:00.000+05:30,DEBIT CARD,14800.0,SUCCESS
PY00509,BK00509,2026-08-22T10:14:00.000+05:30,DEBIT CARD,7200.0,SUCCESS
PY00510,BK00510,2026-08-18T12:39:00.000+05:30,DEBIT CARD,7200.0,SUCCESS
PY00511,BK00511,2026-06-13T22:07:00.000+05:30,DEBIT CARD,4200.0,SUCCESS
PY00512,BK00512,2026-06-14T15:10:00.000+05:30,UPI,12500.0,FAILED
PY00513,BK00513,2026-04-29T03:18:00.000+05:30,UPI,22000.0,SUCCESS
PY00514,BK00514,2026-06-07T02:13:00.000+05:30,CREDIT CARD,3500.0,REFUNDED
PY00515,BK00515,2026-05-17T00:31:00.000+05:30,CREDIT CARD,7200.0,REFUNDED
PY00516,BK00516,2026-05-18T19:25:00.000+05:30,CREDIT CARD,22000.0,SUCCESS
PY00517,BK00517,2026-07-28T13:41:00.000+05:30,DEBIT CARD,5600.0,SUCCESS
PY00518,BK00518,2026-07-24T00:13:00.000+05:30,UPI,10500.0,SUCCESS
PY00519,BK00519,2026-07-10T01:34:00.000+05:30,CREDIT CARD,12500.0,SUCCESS
PY00520,BK00520,2026-07-22T23:11:00.000+05:30,UPI,10500.0,SUCCESS
PY00521,BK00521,2026-08-05T17:25:00.000+05:30,DEBIT CARD,22000.0,FAILED
PY00522,BK00522,2026-05-24T22:44:00.000+05:30,NET BANKING,14800.0,SUCCESS
PY00523,BK00523,2026-07-20T14:10:00.000+05:30,DEBIT CARD,7200.0,SUCCESS
PY00524,BK00524,2026-07-10T12:58:00.000+05:30,WALLET,7200.0,SUCCESS
PY00525,BK00525,2026-05-04T12:37:00.000+05:30,UPI,3500.0,SUCCESS
PY00526,BK00526,2026-05-04T07:47:00.000+05:30,NET BANKING,4200.0,SUCCESS
PY00527,BK00527,2026-08-07T11:38:00.000+05:30,WALLET,10500.0,SUCCESS
PY00528,BK00528,2026-05-09T14:57:00.000+05:30,WALLET,3500.0,FAILED
PY00529,BK00529,2026-05-05T14:04:00.000+05:30,NET BANKING,4200.0,SUCCESS
PY00530,BK00530,2026-07-30T08:30:00.000+05:30,CREDIT CARD,7200.0,SUCCESS
PY00531,BK00531,2026-05-11T08:34:00.000+05:30,DEBIT CARD,3500.0,SUCCESS
PY00532,BK00532,2026-04-29T20:26:00.000+05:30,UPI,17500.0,REFUNDED
PY00533,BK00533,2026-06-07T09:44:00.000+05:30,DEBIT CARD,4200.0,SUCCESS
PY00534,BK00534,2026-06-30T15:40:00.000+05:30,UPI,5600.0,SUCCESS
PY00535,BK00535,2026-05-21T19:00:00.000+05:30,CREDIT CARD,17500.0,SUCCESS
PY00536,BK00536,2026-08-10T02:38:00.000+05:30,DEBIT CARD,22000.0,SUCCESS
PY00537,BK00537,2026-06-10T06:50:00.000+05:30,NET BANKING,5600.0,SUCCESS
PY00538,BK00538,2026-04-16T05:24:00.000+05:30,NET BANKING,12500.0,SUCCESS
PY00539,BK00539,2026-07-07T13:36:00.000+05:30,DEBIT CARD,7200.0,SUCCESS
PY00540,BK00540,2026-07-11T11:30:00.000+05:30,WALLET,14800.0,SUCCESS
PY00541,BK00541,2026-05-03T16:31:00.000+05:30,UPI,17500.0,SUCCESS
PY00542,BK00542,2026-06-06T21:31:00.000+05:30,NET BANKING,5600.0,SUCCESS
PY00543,BK00543,2026-06-08T23:34:00.000+05:30,CREDIT CARD,14800.0,SUCCESS
PY00544,BK00544,2026-06-02T02:45:00.000+05:30,WALLET,10500.0,SUCCESS
PY00545,BK00545,2026-05-30T17:35:00.000+05:30,DEBIT CARD,8900.0,SUCCESS
PY00546,BK00546,2026-05-19T11:29:00.000+05:30,NET BANKING,14800.0,SUCCESS
PY00547,BK00547,2026-08-05T01:52:00.000+05:30,WALLET,8900.0,SUCCESS
PY00548,BK00548,2026-05-14T21:15:00.000+05:30,UPI,4200.0,SUCCESS
PY00549,BK00549,2026-05-17T06:25:00.000+05:30,WALLET,3500.0,SUCCESS
PY00550,BK00550,2026-04-26T03:55:00.000+05:30,DEBIT CARD,12500.0,SUCCESS
PY00551,BK00551,2026-04-22T08:59:00.000+05:30,DEBIT CARD,5600.0,SUCCESS
PY00552,BK00552,2026-05-10T01:02:00.000+05:30,UPI,10500.0,SUCCESS
PY00553,BK00553,2026-05-17T07:59:00.000+05:30,CREDIT CARD,7200.0,SUCCESS
PY00554,BK00554,2026-06-13T03:03:00.000+05:30,CREDIT CARD,22000.0,REFUNDED
PY00555,BK00555,2026-07-23T00:56:00.000+05:30,CREDIT CARD,14800.0,SUCCESS
PY00556,BK00556,2026-05-17T05:34:00.000+05:30,WALLET,7200.0,SUCCESS
PY00557,BK00557,2026-07-24T10:42:00.000+05:30,DEBIT CARD,12500.0,SUCCESS
PY00558,BK00558,2026-05-23T00:29:00.000+05:30,WALLET,8900.0,SUCCESS
PY00559,BK00559,2026-06-08T06:52:00.000+05:30,WALLET,5600.0,SUCCESS
PY00560,BK00560,2026-05-09T21:51:00.000+05:30,DEBIT CARD,5600.0,SUCCESS
PY00561,BK00561,2026-05-19T21:37:00.000+05:30,UPI,12500.0,FAILED
PY00562,BK00562,2026-05-12T07:48:00.000+05:30,CREDIT CARD,10500.0,SUCCESS
PY00563,BK00563,2026-07-13T12:25:00.000+05:30,UPI,22000.0,SUCCESS
PY00564,BK00564,2026-06-04T23:13:00.000+05:30,NET BANKING,4200.0,SUCCESS
PY00565,BK00565,2026-04-28T07:14:00.000+05:30,DEBIT CARD,14800.0,SUCCESS
PY00566,BK00566,2026-05-15T07:46:00.000+05:30,WALLET,12500.0,SUCCESS
PY00567,BK00567,2026-06-04T01:58:00.000+05:30,UPI,4200.0,SUCCESS
PY00568,BK00568,2026-07-30T03:04:00.000+05:30,UPI,7200.0,SUCCESS
PY00569,BK00569,2026-07-18T17:38:00.000+05:30,DEBIT CARD,7200.0,SUCCESS
PY00570,BK00570,2026-07-14T18:13:00.000+05:30,CREDIT CARD,7200.0,SUCCESS
PY00571,BK00571,2026-07-20T12:17:00.000+05:30,CREDIT CARD,12500.0,SUCCESS
PY00572,BK00572,2026-06-19T21:35:00.000+05:30,DEBIT CARD,7200.0,SUCCESS
PY00573,BK00573,2026-07-07T17:51:00.000+05:30,CREDIT CARD,3500.0,SUCCESS
PY00574,BK00574,2026-06-02T17:21:00.000+05:30,CREDIT CARD,17500.0,SUCCESS
PY00575,BK00575,2026-06-18T12:54:00.000+05:30,UPI,3500.0,SUCCESS
PY00576,BK00576,2026-06-28T15:53:00.000+05:30,NET BANKING,5600.0,SUCCESS
PY00577,BK00577,2026-04-27T15:54:00.000+05:30,NET BANKING,22000.0,SUCCESS
PY00578,BK00578,2026-05-23T14:01:00.000+05:30,NET BANKING,8900.0,SUCCESS
PY00579,BK00579,2026-07-09T15:22:00.000+05:30,UPI,17500.0,SUCCESS
PY00580,BK00580,2026-05-29T16:48:00.000+05:30,UPI,12500.0,SUCCESS
PY00581,BK00581,2026-06-29T00:55:00.000+05:30,DEBIT CARD,14800.0,SUCCESS
PY00582,BK00582,2026-07-28T11:00:00.000+05:30,NET BANKING,3500.0,SUCCESS
PY00583,BK00583,2026-04-17T00:44:00.000+05:30,UPI,22000.0,SUCCESS
PY00584,BK00584,2026-06-22T18:49:00.000+05:30,NET BANKING,10500.0,SUCCESS
PY00585,BK00585,2026-05-28T08:36:00.000+05:30,WALLET,10500.0,SUCCESS
PY00586,BK00586,2026-05-26T13:02:00.000+05:30,WALLET,4200.0,SUCCESS
PY00587,BK00587,2026-06-08T07:48:00.000+05:30,UPI,8900.0,SUCCESS
PY00588,BK00588,2026-07-18T01:54:00.000+05:30,CREDIT CARD,22000.0,SUCCESS
PY00589,BK00589,2026-07-25T19:28:00.000+05:30,WALLET,14800.0,SUCCESS
PY00590,BK00590,2026-05-22T14:06:00.000+05:30,NET BANKING,7200.0,SUCCESS
PY00591,BK00591,2026-06-26T18:50:00.000+05:30,CREDIT CARD,14800.0,SUCCESS
PY00592,BK00592,2026-04-15T16:36:00.000+05:30,CREDIT CARD,5600.0,SUCCESS
PY00593,BK00593,2026-07-12T03:39:00.000+05:30,WALLET,12500.0,SUCCESS
PY00594,BK00594,2026-05-02T23:15:00.000+05:30,UPI,4200.0,SUCCESS
PY00595,BK00595,2026-07-15T03:02:00.000+05:30,NET BANKING,10500.0,SUCCESS
PY00596,BK00596,2026-05-03T14:23:00.000+05:30,DEBIT CARD,8900.0,SUCCESS
PY00597,BK00597,2026-06-26T02:04:00.000+05:30,WALLET,3500.0,SUCCESS
PY00598,BK00598,2026-06-30T21:57:00.000+05:30,CREDIT CARD,5600.0,SUCCESS
PY00599,BK00599,2026-07-27T23:04:00.000+05:30,CREDIT CARD,10500.0,REFUNDED
PY00600,BK00600,2026-07-05T10:00:00.000+05:30,CREDIT CARD,3500.0,SUCCESS
PY00601,BK00601,2026-06-20T08:50:00.000+05:30,WALLET,14800.0,SUCCESS
PY00602,BK00602,2026-04-19T06:55:00.000+05:30,WALLET,22000.0,SUCCESS
PY00603,BK00603,2026-07-12T01:40:00.000+05:30,DEBIT CARD,10500.0,SUCCESS
PY00604,BK00604,2026-07-20T07:39:00.000+05:30,DEBIT CARD,14800.0,SUCCESS
PY00605,BK00605,2026-06-09T03:59:00.000+05:30,WALLET,12500.0,SUCCESS
PY00606,BK00606,2026-06-10T07:10:00.000+05:30,WALLET,10500.0,SUCCESS
PY00607,BK00607,2026-04-23T08:04:00.000+05:30,CREDIT CARD,7200.0,SUCCESS
PY00608,BK00608,2026-04-22T04:06:00.000+05:30,NET BANKING,8900.0,SUCCESS
PY00609,BK00609,2026-06-23T06:37:00.000+05:30,WALLET,17500.0,SUCCESS
PY00610,BK00610,2026-08-05T04:02:00.000+05:30,UPI,3500.0,SUCCESS
PY00611,BK00611,2026-05-10T20:38:00.000+05:30,CREDIT CARD,22000.0,SUCCESS
PY00612,BK00612,2026-05-27T22:39:00.000+05:30,CREDIT CARD,10500.0,FAILED
PY00613,BK00613,2026-06-14T08:51:00.000+05:30,UPI,12500.0,SUCCESS
PY00614,BK00614,2026-07-25T03:31:00.000+05:30,WALLET,12500.0,REFUNDED
PY00615,BK00615,2026-06-23T20:56:00.000+05:30,CREDIT CARD,14800.0,FAILED
PY00616,BK00616,2026-04-20T01:55:00.000+05:30,CREDIT CARD,22000.0,SUCCESS
PY00617,BK00617,2026-04-27T09:29:00.000+05:30,CREDIT CARD,22000.0,SUCCESS
PY00618,BK00618,2026-05-30T23:15:00.000+05:30,CREDIT CARD,12500.0,SUCCESS
PY00619,BK00619,2026-05-29T06:16:00.000+05:30,NET BANKING,5600.0,SUCCESS
PY00620,BK00620,2026-07-10T19:26:00.000+05:30,NET BANKING,3500.0,SUCCESS
PY00621,BK00621,2026-08-07T06:26:00.000+05:30,WALLET,4200.0,SUCCESS
PY00622,BK00622,2026-07-25T08:47:00.000+05:30,DEBIT CARD,10500.0,SUCCESS
PY00623,BK00623,2026-07-16T02:27:00.000+05:30,WALLET,8900.0,SUCCESS
PY00624,BK00624,2026-05-14T03:44:00.000+05:30,NET BANKING,14800.0,SUCCESS
PY00625,BK00625,2026-05-04T08:36:00.000+05:30,WALLET,4200.0,FAILED
PY00626,BK00626,2026-05-12T22:01:00.000+05:30,WALLET,17500.0,SUCCESS
PY00627,BK00627,2026-06-17T00:13:00.000+05:30,DEBIT CARD,10500.0,FAILED
PY00628,BK00628,2026-05-13T00:00:00.000+05:30,WALLET,10500.0,SUCCESS
PY00629,BK00629,2026-06-27T04:05:00.000+05:30,WALLET,17500.0,SUCCESS
PY00630,BK00630,2026-07-01T12:03:00.000+05:30,UPI,4200.0,SUCCESS
PY00631,BK00631,2026-05-06T01:13:00.000+05:30,DEBIT CARD,4200.0,SUCCESS
PY00632,BK00632,2026-08-17T01:34:00.000+05:30,CREDIT CARD,17500.0,SUCCESS
PY00633,BK00633,2026-06-11T00:09:00.000+05:30,DEBIT CARD,5600.0,SUCCESS
PY00634,BK00634,2026-08-13T05:18:00.000+05:30,UPI,12500.0,SUCCESS
PY00635,BK00635,2026-05-19T12:44:00.000+05:30,NET BANKING,5600.0,SUCCESS
PY00636,BK00636,2026-05-12T13:37:00.000+05:30,UPI,8900.0,SUCCESS
PY00637,BK00637,2026-06-19T06:09:00.000+05:30,UPI,10500.0,SUCCESS
PY00638,BK00638,2026-06-05T00:36:00.000+05:30,CREDIT CARD,8900.0,SUCCESS
PY00639,BK00639,2026-04-26T23:15:00.000+05:30,NET BANKING,8900.0,SUCCESS
PY00640,BK00640,2026-07-24T01:11:00.000+05:30,NET BANKING,4200.0,SUCCESS
PY00641,BK00641,2026-04-27T08:33:00.000+05:30,NET BANKING,10500.0,SUCCESS
PY00642,BK00642,2026-07-24T12:47:00.000+05:30,DEBIT CARD,3500.0,SUCCESS
PY00643,BK00643,2026-08-11T11:22:00.000+05:30,DEBIT CARD,7200.0,SUCCESS
PY00644,BK00644,2026-05-23T13:59:00.000+05:30,UPI,14800.0,SUCCESS
PY00645,BK00645,2026-07-31T16:07:00.000+05:30,WALLET,22000.0,SUCCESS
PY00646,BK00646,2026-05-29T09:45:00.000+05:30,UPI,3500.0,FAILED
PY00647,BK00647,2026-06-03T01:52:00.000+05:30,CREDIT CARD,4200.0,SUCCESS
PY00648,BK00648,2026-05-01T14:21:00.000+05:30,UPI,7200.0,SUCCESS
PY00649,BK00649,2026-08-03T05:59:00.000+05:30,WALLET,12500.0,SUCCESS
PY00650,BK00650,2026-07-19T11:06:00.000+05:30,DEBIT CARD,3500.0,SUCCESS
PY00651,BK00651,2026-07-07T13:30:00.000+05:30,NET BANKING,3500.0,SUCCESS
PY00652,BK00652,2026-07-29T03:24:00.000+05:30,WALLET,5600.0,SUCCESS
PY00653,BK00653,2026-08-05T05:17:00.000+05:30,CREDIT CARD,12500.0,SUCCESS
PY00654,BK00654,2026-06-03T05:49:00.000+05:30,NET BANKING,12500.0,SUCCESS
PY00655,BK00655,2026-08-03T22:54:00.000+05:30,DEBIT CARD,4200.0,SUCCESS
PY00656,BK00656,2026-05-09T09:08:00.000+05:30,WALLET,14800.0,SUCCESS
PY00657,BK00657,2026-06-12T09:05:00.000+05:30,WALLET,4200.0,SUCCESS
PY00658,BK00658,2026-04-18T11:40:00.000+05:30,UPI,12500.0,SUCCESS
PY00659,BK00659,2026-05-15T13:17:00.000+05:30,NET BANKING,14800.0,SUCCESS
PY00660,BK00660,2026-08-01T14:44:00.000+05:30,WALLET,10500.0,SUCCESS
PY00661,BK00661,2026-07-18T13:36:00.000+05:30,DEBIT CARD,7200.0,SUCCESS
PY00662,BK00662,2026-05-20T06:28:00.000+05:30,NET BANKING,17500.0,SUCCESS
PY00663,BK00663,2026-06-28T21:05:00.000+05:30,CREDIT CARD,7200.0,SUCCESS
PY00664,BK00664,2026-07-20T03:04:00.000+05:30,UPI,22000.0,SUCCESS
PY00665,BK00665,2026-08-01T00:03:00.000+05:30,CREDIT CARD,10500.0,SUCCESS
PY00666,BK00666,2026-05-11T20:51:00.000+05:30,WALLET,5600.0,SUCCESS
PY00667,BK00667,2026-08-10T23:51:00.000+05:30,UPI,3500.0,SUCCESS
PY00668,BK00668,2026-06-14T20:22:00.000+05:30,DEBIT CARD,3500.0,SUCCESS
PY00669,BK00669,2026-04-16T10:37:00.000+05:30,WALLET,8900.0,SUCCESS
PY00670,BK00670,2026-06-29T18:07:00.000+05:30,UPI,12500.0,SUCCESS
PY00671,BK00671,2026-06-23T16:25:00.000+05:30,NET BANKING,17500.0,SUCCESS
PY00672,BK00672,2026-06-28T17:06:00.000+05:30,NET BANKING,3500.0,SUCCESS
PY00673,BK00673,2026-06-11T01:48:00.000+05:30,WALLET,10500.0,SUCCESS
PY00674,BK00674,2026-07-03T14:23:00.000+05:30,DEBIT CARD,12500.0,SUCCESS
PY00675,BK00675,2026-07-22T13:07:00.000+05:30,WALLET,10500.0,SUCCESS
PY00676,BK00676,2026-08-03T02:35:00.000+05:30,NET BANKING,8900.0,SUCCESS
PY00677,BK00677,2026-05-23T23:56:00.000+05:30,UPI,4200.0,SUCCESS
PY00678,BK00678,2026-05-25T17:05:00.000+05:30,UPI,4200.0,SUCCESS
PY00679,BK00679,2026-08-17T16:07:00.000+05:30,UPI,10500.0,SUCCESS
PY00680,BK00680,2026-05-30T02:01:00.000+05:30,CREDIT CARD,12500.0,SUCCESS
PY00681,BK00681,2026-05-11T00:59:00.000+05:30,NET BANKING,7200.0,SUCCESS
PY00682,BK00682,2026-05-09T03:02:00.000+05:30,WALLET,14800.0,SUCCESS
PY00683,BK00683,2026-06-16T13:39:00.000+05:30,UPI,14800.0,SUCCESS
PY00684,BK00684,2026-05-13T04:35:00.000+05:30,NET BANKING,8900.0,SUCCESS
PY00685,BK00685,2026-05-25T01:26:00.000+05:30,WALLET,22000.0,SUCCESS
PY00686,BK00686,2026-07-23T01:54:00.000+05:30,UPI,3500.0,SUCCESS
PY00687,BK00687,2026-05-05T11:32:00.000+05:30,DEBIT CARD,14800.0,SUCCESS
PY00688,BK00688,2026-04-30T10:14:00.000+05:30,WALLET,10500.0,SUCCESS
PY00689,BK00689,2026-04-25T03:01:00.000+05:30,UPI,14800.0,SUCCESS
PY00690,BK00690,2026-06-05T00:56:00.000+05:30,WALLET,12500.0,FAILED
PY00691,BK00691,2026-05-26T02:56:00.000+05:30,DEBIT CARD,8900.0,SUCCESS
PY00692,BK00692,2026-06-11T08:00:00.000+05:30,DEBIT CARD,17500.0,SUCCESS
PY00693,BK00693,2026-04-29T14:56:00.000+05:30,DEBIT CARD,4200.0,SUCCESS
PY00694,BK00694,2026-04-28T13:36:00.000+05:30,CREDIT CARD,5600.0,SUCCESS
PY00695,BK00695,2026-07-30T23:31:00.000+05:30,CREDIT CARD,14800.0,SUCCESS
PY00696,BK00696,2026-05-17T23:15:00.000+05:30,DEBIT CARD,8900.0,SUCCESS
PY00697,BK00697,2026-05-08T12:09:00.000+05:30,CREDIT CARD,14800.0,SUCCESS
PY00698,BK00698,2026-04-10T03:55:00.000+05:30,WALLET,14800.0,SUCCESS
PY00699,BK00699,2026-06-18T03:14:00.000+05:30,CREDIT CARD,8900.0,SUCCESS
PY00700,BK00700,2026-04-25T09:22:00.000+05:30,UPI,22000.0,SUCCESS
PY00701,BK00701,2026-05-23T06:22:00.000+05:30,WALLET,4200.0,FAILED
PY00702,BK00702,2026-07-08T06:14:00.000+05:30,CREDIT CARD,7200.0,SUCCESS
PY00703,BK00703,2026-05-25T17:16:00.000+05:30,UPI,3500.0,SUCCESS
PY00704,BK00704,2026-04-12T05:54:00.000+05:30,WALLET,22000.0,SUCCESS
PY00705,BK00705,2026-06-17T06:11:00.000+05:30,DEBIT CARD,10500.0,REFUNDED
PY00706,BK00706,2026-07-09T12:49:00.000+05:30,WALLET,7200.0,SUCCESS
PY00707,BK00707,2026-05-12T01:18:00.000+05:30,UPI,5600.0,SUCCESS
PY00708,BK00708,2026-07-14T12:37:00.000+05:30,CREDIT CARD,7200.0,SUCCESS
PY00709,BK00709,2026-05-20T17:52:00.000+05:30,WALLET,7200.0,SUCCESS
PY00710,BK00710,2026-06-08T15:25:00.000+05:30,WALLET,12500.0,SUCCESS
PY00711,BK00711,2026-06-03T08:42:00.000+05:30,NET BANKING,4200.0,SUCCESS
PY00712,BK00712,2026-07-13T02:16:00.000+05:30,UPI,5600.0,SUCCESS
PY00713,BK00713,2026-06-19T01:52:00.000+05:30,DEBIT CARD,14800.0,SUCCESS
PY00714,BK00714,2026-06-28T06:47:00.000+05:30,NET BANKING,8900.0,SUCCESS
PY00715,BK00715,2026-05-21T01:09:00.000+05:30,DEBIT CARD,3500.0,REFUNDED
PY00716,BK00716,2026-06-13T20:03:00.000+05:30,WALLET,17500.0,SUCCESS
PY00717,BK00717,2026-05-21T22:28:00.000+05:30,CREDIT CARD,14800.0,SUCCESS
PY00718,BK00718,2026-04-28T03:03:00.000+05:30,UPI,12500.0,SUCCESS
PY00719,BK00719,2026-08-05T20:53:00.000+05:30,NET BANKING,10500.0,SUCCESS
PY00720,BK00720,2026-05-05T04:41:00.000+05:30,UPI,22000.0,SUCCESS
PY00721,BK00721,2026-08-17T17:30:00.000+05:30,UPI,4200.0,SUCCESS
PY00722,BK00722,2026-06-21T13:33:00.000+05:30,WALLET,7200.0,SUCCESS
PY00723,BK00723,2026-06-09T16:20:00.000+05:30,WALLET,12500.0,SUCCESS
PY00724,BK00724,2026-04-27T22:02:00.000+05:30,CREDIT CARD,10500.0,SUCCESS
PY00725,BK00725,2026-06-09T13:11:00.000+05:30,NET BANKING,17500.0,FAILED
PY00726,BK00726,2026-07-22T05:25:00.000+05:30,NET BANKING,17500.0,SUCCESS
PY00727,BK00727,2026-05-04T17:03:00.000+05:30,WALLET,4200.0,SUCCESS
PY00728,BK00728,2026-05-27T18:18:00.000+05:30,CREDIT CARD,4200.0,SUCCESS
PY00729,BK00729,2026-06-27T16:54:00.000+05:30,WALLET,14800.0,SUCCESS
PY00730,BK00730,2026-05-18T19:39:00.000+05:30,NET BANKING,8900.0,SUCCESS
PY00731,BK00731,2026-06-12T02:54:00.000+05:30,NET BANKING,22000.0,SUCCESS
PY00732,BK00732,2026-05-15T02:02:00.000+05:30,DEBIT CARD,3500.0,SUCCESS
PY00733,BK00733,2026-06-17T10:57:00.000+05:30,WALLET,4200.0,SUCCESS
PY00734,BK00734,2026-07-06T14:39:00.000+05:30,UPI,7200.0,SUCCESS
PY00735,BK00735,2026-06-22T09:58:00.000+05:30,WALLET,22000.0,SUCCESS
PY00736,BK00736,2026-06-03T23:41:00.000+05:30,DEBIT CARD,22000.0,SUCCESS
PY00737,BK00737,2026-06-12T04:45:00.000+05:30,CREDIT CARD,12500.0,SUCCESS
PY00738,BK00738,2026-06-03T03:49:00.000+05:30,NET BANKING,10500.0,SUCCESS
PY00739,BK00739,2026-08-04T21:41:00.000+05:30,DEBIT CARD,4200.0,SUCCESS
PY00740,BK00740,2026-08-02T02:15:00.000+05:30,NET BANKING,22000.0,SUCCESS
PY00741,BK00741,2026-08-14T01:50:00.000+05:30,UPI,4200.0,SUCCESS
PY00742,BK00742,2026-07-15T21:22:00.000+05:30,NET BANKING,8900.0,SUCCESS
PY00743,BK00743,2026-08-22T01:26:00.000+05:30,WALLET,12500.0,SUCCESS
PY00744,BK00744,2026-05-10T16:40:00.000+05:30,CREDIT CARD,4200.0,FAILED
PY00745,BK00745,2026-05-24T06:13:00.000+05:30,NET BANKING,3500.0,REFUNDED
PY00746,BK00746,2026-05-13T00:11:00.000+05:30,UPI,7200.0,SUCCESS
PY00747,BK00747,2026-05-18T01:32:00.000+05:30,UPI,14800.0,FAILED
PY00748,BK00748,2026-08-25T01:06:00.000+05:30,DEBIT CARD,5600.0,SUCCESS
PY00749,BK00749,2026-06-15T16:52:00.000+05:30,CREDIT CARD,4200.0,SUCCESS
PY00750,BK00750,2026-06-28T20:32:00.000+05:30,WALLET,10500.0,SUCCESS
PY00751,BK00751,2026-05-14T16:31:00.000+05:30,DEBIT CARD,12500.0,SUCCESS
PY00752,BK00752,2026-07-21T16:32:00.000+05:30,NET BANKING,5600.0,SUCCESS
PY00753,BK00753,2026-07-02T23:45:00.000+05:30,DEBIT CARD,7200.0,SUCCESS
PY00754,BK00754,2026-04-14T09:58:00.000+05:30,DEBIT CARD,3500.0,SUCCESS
PY00755,BK00755,2026-05-13T17:17:00.000+05:30,DEBIT CARD,4200.0,SUCCESS
PY00756,BK00756,2026-07-16T10:08:00.000+05:30,WALLET,8900.0,SUCCESS
PY00757,BK00757,2026-07-04T13:03:00.000+05:30,CREDIT CARD,4200.0,SUCCESS
PY00758,BK00758,2026-06-05T13:54:00.000+05:30,UPI,22000.0,SUCCESS
PY00759,BK00759,2026-07-27T08:33:00.000+05:30,NET BANKING,7200.0,REFUNDED
PY00760,BK00760,2026-08-01T04:57:00.000+05:30,WALLET,5600.0,SUCCESS
PY00761,BK00761,2026-05-07T05:04:00.000+05:30,DEBIT CARD,22000.0,SUCCESS
PY00762,BK00762,2026-06-04T07:52:00.000+05:30,DEBIT CARD,5600.0,SUCCESS
PY00763,BK00763,2026-06-28T05:09:00.000+05:30,WALLET,14800.0,SUCCESS
PY00764,BK00764,2026-05-17T00:19:00.000+05:30,DEBIT CARD,4200.0,SUCCESS
PY00765,BK00765,2026-05-18T18:48:00.000+05:30,DEBIT CARD,10500.0,SUCCESS
PY00766,BK00766,2026-06-14T21:07:00.000+05:30,WALLET,10500.0,SUCCESS
PY00767,BK00767,2026-08-02T17:49:00.000+05:30,CREDIT CARD,14800.0,SUCCESS
PY00768,BK00768,2026-08-10T10:13:00.000+05:30,NET BANKING,7200.0,SUCCESS
PY00769,BK00769,2026-07-25T08:02:00.000+05:30,CREDIT CARD,5600.0,SUCCESS
PY00770,BK00770,2026-07-13T16:50:00.000+05:30,NET BANKING,4200.0,SUCCESS
PY00771,BK00771,2026-04-14T02:40:00.000+05:30,UPI,22000.0,SUCCESS
PY00772,BK00772,2026-07-11T03:26:00.000+05:30,NET BANKING,7200.0,SUCCESS
PY00773,BK00773,2026-06-14T02:39:00.000+05:30,UPI,10500.0,SUCCESS
PY00774,BK00774,2026-06-17T00:00:00.000+05:30,UPI,22000.0,SUCCESS
PY00775,BK00775,2026-05-22T21:14:00.000+05:30,NET BANKING,17500.0,SUCCESS
PY00776,BK00776,2026-07-30T11:14:00.000+05:30,UPI,17500.0,SUCCESS
PY00777,BK00777,2026-06-02T12:17:00.000+05:30,UPI,5600.0,SUCCESS
PY00778,BK00778,2026-07-12T00:14:00.000+05:30,NET BANKING,12500.0,SUCCESS
PY00779,BK00779,2026-06-05T02:34:00.000+05:30,UPI,17500.0,SUCCESS
PY00780,BK00780,2026-08-01T10:06:00.000+05:30,CREDIT CARD,12500.0,SUCCESS
PY00781,BK00781,2026-05-01T22:54:00.000+05:30,CREDIT CARD,4200.0,SUCCESS
PY00782,BK00782,2026-08-11T06:36:00.000+05:30,NET BANKING,22000.0,SUCCESS
PY00783,BK00783,2026-07-12T03:58:00.000+05:30,DEBIT CARD,3500.0,SUCCESS
PY00784,BK00784,2026-07-16T21:27:00.000+05:30,NET BANKING,4200.0,SUCCESS
PY00785,BK00785,2026-04-19T00:38:00.000+05:30,CREDIT CARD,8900.0,SUCCESS
PY00786,BK00786,2026-05-09T20:36:00.000+05:30,DEBIT CARD,8900.0,SUCCESS
PY00787,BK00787,2026-07-07T06:04:00.000+05:30,DEBIT CARD,4200.0,SUCCESS
PY00788,BK00788,2026-06-03T19:25:00.000+05:30,CREDIT CARD,7200.0,FAILED
PY00789,BK00789,2026-07-29T23:20:00.000+05:30,WALLET,14800.0,SUCCESS
PY00790,BK00790,2026-06-19T11:45:00.000+05:30,UPI,10500.0,REFUNDED
PY00791,BK00791,2026-08-05T19:03:00.000+05:30,WALLET,5600.0,SUCCESS
PY00792,BK00792,2026-05-28T03:18:00.000+05:30,CREDIT CARD,7200.0,SUCCESS
PY00793,BK00793,2026-05-02T03:14:00.000+05:30,WALLET,3500.0,SUCCESS
PY00794,BK00794,2026-04-14T22:39:00.000+05:30,CREDIT CARD,14800.0,SUCCESS
PY00795,BK00795,2026-06-17T02:07:00.000+05:30,NET BANKING,3500.0,SUCCESS
PY00796,BK00796,2026-08-12T08:59:00.000+05:30,NET BANKING,17500.0,FAILED
PY00797,BK00797,2026-05-08T07:38:00.000+05:30,NET BANKING,22000.0,SUCCESS
PY00798,BK00798,2026-07-10T18:27:00.000+05:30,UPI,7200.0,SUCCESS
PY00799,BK00799,2026-05-17T23:03:00.000+05:30,UPI,12500.0,FAILED
PY00800,BK00800,2026-05-10T15:33:00.000+05:30,UPI,3500.0,SUCCESS
PY00801,BK00801,2026-06-20T07:42:00.000+05:30,DEBIT CARD,14800.0,SUCCESS
PY00802,BK00802,2026-05-03T16:08:00.000+05:30,DEBIT CARD,5600.0,SUCCESS
PY00803,BK00803,2026-06-17T18:01:00.000+05:30,WALLET,3500.0,SUCCESS
PY00804,BK00804,2026-04-26T15:01:00.000+05:30,CREDIT CARD,7200.0,SUCCESS
PY00805,BK00805,2026-05-11T00:13:00.000+05:30,CREDIT CARD,8900.0,SUCCESS
PY00806,BK00806,2026-07-10T09:37:00.000+05:30,UPI,5600.0,SUCCESS
PY00807,BK00807,2026-07-03T12:59:00.000+05:30,NET BANKING,22000.0,REFUNDED
PY00808,BK00808,2026-07-27T09:03:00.000+05:30,UPI,10500.0,SUCCESS
PY00809,BK00809,2026-07-18T06:59:00.000+05:30,NET BANKING,7200.0,SUCCESS
PY00810,BK00810,2026-05-29T21:48:00.000+05:30,WALLET,5600.0,SUCCESS
PY00811,BK00811,2026-07-25T02:05:00.000+05:30,UPI,5600.0,SUCCESS
PY00812,BK00812,2026-05-17T00:48:00.000+05:30,UPI,17500.0,SUCCESS
PY00813,BK00813,2026-08-11T08:34:00.000+05:30,DEBIT CARD,14800.0,SUCCESS
PY00814,BK00814,2026-04-24T12:22:00.000+05:30,DEBIT CARD,7200.0,SUCCESS
PY00815,BK00815,2026-05-18T13:38:00.000+05:30,UPI,12500.0,SUCCESS
PY00816,BK00816,2026-07-23T03:51:00.000+05:30,WALLET,22000.0,SUCCESS
PY00817,BK00817,2026-06-06T03:00:00.000+05:30,UPI,8900.0,SUCCESS
PY00818,BK00818,2026-08-03T05:58:00.000+05:30,DEBIT CARD,8900.0,SUCCESS
PY00819,BK00819,2026-08-10T02:39:00.000+05:30,UPI,3500.0,REFUNDED
PY00820,BK00820,2026-05-25T16:28:00.000+05:30,CREDIT CARD,22000.0,SUCCESS
PY00821,BK00821,2026-04-29T18:04:00.000+05:30,WALLET,17500.0,SUCCESS
PY00822,BK00822,2026-05-04T13:05:00.000+05:30,NET BANKING,12500.0,SUCCESS
PY00823,BK00823,2026-06-11T21:34:00.000+05:30,CREDIT CARD,22000.0,SUCCESS
PY00824,BK00824,2026-07-22T14:24:00.000+05:30,UPI,17500.0,SUCCESS
PY00825,BK00825,2026-07-31T16:40:00.000+05:30,CREDIT CARD,8900.0,SUCCESS
PY00826,BK00826,2026-04-08T21:00:00.000+05:30,WALLET,14800.0,SUCCESS
PY00827,BK00827,2026-06-04T00:41:00.000+05:30,DEBIT CARD,7200.0,SUCCESS
PY00828,BK00828,2026-05-25T20:24:00.000+05:30,WALLET,10500.0,SUCCESS
PY00829,BK00829,2026-05-16T22:03:00.000+05:30,CREDIT CARD,22000.0,SUCCESS
PY00830,BK00830,2026-08-07T01:44:00.000+05:30,DEBIT CARD,17500.0,SUCCESS
PY00831,BK00831,2026-05-05T16:00:00.000+05:30,UPI,10500.0,SUCCESS
PY00832,BK00832,2026-05-25T19:56:00.000+05:30,DEBIT CARD,3500.0,SUCCESS
PY00833,BK00833,2026-07-12T14:47:00.000+05:30,NET BANKING,10500.0,SUCCESS
PY00834,BK00834,2026-07-11T05:32:00.000+05:30,CREDIT CARD,22000.0,FAILED
PY00835,BK00835,2026-06-08T18:08:00.000+05:30,UPI,3500.0,SUCCESS
PY00836,BK00836,2026-08-10T00:23:00.000+05:30,NET BANKING,8900.0,SUCCESS
PY00837,BK00837,2026-04-07T15:05:00.000+05:30,NET BANKING,10500.0,SUCCESS
PY00838,BK00838,2026-04-15T03:02:00.000+05:30,WALLET,17500.0,SUCCESS
PY00839,BK00839,2026-06-17T12:39:00.000+05:30,NET BANKING,4200.0,SUCCESS
PY00840,BK00840,2026-05-16T06:21:00.000+05:30,WALLET,7200.0,SUCCESS
PY00841,BK00841,2026-08-23T19:19:00.000+05:30,NET BANKING,17500.0,SUCCESS
PY00842,BK00842,2026-07-30T03:43:00.000+05:30,CREDIT CARD,5600.0,REFUNDED
PY00843,BK00843,2026-07-06T08:41:00.000+05:30,DEBIT CARD,14800.0,SUCCESS
PY00844,BK00844,2026-07-10T22:28:00.000+05:30,CREDIT CARD,22000.0,SUCCESS
PY00845,BK00845,2026-05-10T10:39:00.000+05:30,NET BANKING,10500.0,SUCCESS
PY00846,BK00846,2026-07-18T21:28:00.000+05:30,DEBIT CARD,3500.0,SUCCESS
PY00847,BK00847,2026-08-18T03:07:00.000+05:30,CREDIT CARD,10500.0,SUCCESS
PY00848,BK00848,2026-06-30T06:50:00.000+05:30,WALLET,10500.0,FAILED
PY00849,BK00849,2026-05-16T00:16:00.000+05:30,NET BANKING,4200.0,SUCCESS
PY00850,BK00850,2026-07-01T01:00:00.000+05:30,CREDIT CARD,17500.0,SUCCESS
PY00851,BK00851,2026-06-21T08:29:00.000+05:30,NET BANKING,5600.0,SUCCESS
PY00852,BK00852,2026-06-24T04:15:00.000+05:30,UPI,5600.0,SUCCESS
PY00853,BK00853,2026-05-12T21:09:00.000+05:30,WALLET,10500.0,FAILED
PY00854,BK00854,2026-06-13T04:07:00.000+05:30,NET BANKING,10500.0,SUCCESS
PY00855,BK00855,2026-07-05T23:34:00.000+05:30,UPI,5600.0,REFUNDED
PY00856,BK00856,2026-07-19T09:11:00.000+05:30,WALLET,14800.0,SUCCESS
PY00857,BK00857,2026-05-06T19:55:00.000+05:30,WALLET,3500.0,SUCCESS
PY00858,BK00858,2026-07-05T21:16:00.000+05:30,CREDIT CARD,7200.0,SUCCESS
PY00859,BK00859,2026-06-22T09:42:00.000+05:30,UPI,5600.0,REFUNDED
PY00860,BK00860,2026-04-27T03:22:00.000+05:30,WALLET,12500.0,SUCCESS
PY00861,BK00861,2026-08-01T22:16:00.000+05:30,DEBIT CARD,17500.0,SUCCESS
PY00862,BK00862,2026-06-26T02:12:00.000+05:30,CREDIT CARD,8900.0,SUCCESS
PY00863,BK00863,2026-08-08T01:42:00.000+05:30,UPI,14800.0,SUCCESS
PY00864,BK00864,2026-07-01T19:55:00.000+05:30,WALLET,5600.0,SUCCESS
PY00865,BK00865,2026-06-29T16:20:00.000+05:30,NET BANKING,7200.0,SUCCESS
PY00866,BK00866,2026-08-09T23:24:00.000+05:30,CREDIT CARD,22000.0,FAILED
PY00867,BK00867,2026-04-10T08:18:00.000+05:30,CREDIT CARD,5600.0,SUCCESS
PY00868,BK00868,2026-07-29T13:47:00.000+05:30,NET BANKING,14800.0,SUCCESS
PY00869,BK00869,2026-07-26T09:12:00.000+05:30,WALLET,7200.0,SUCCESS
PY00870,BK00870,2026-05-03T12:52:00.000+05:30,DEBIT CARD,12500.0,SUCCESS
PY00871,BK00871,2026-04-17T23:55:00.000+05:30,CREDIT CARD,4200.0,SUCCESS
PY00872,BK00872,2026-08-11T21:16:00.000+05:30,NET BANKING,14800.0,SUCCESS
PY00873,BK00873,2026-07-20T08:09:00.000+05:30,DEBIT CARD,5600.0,SUCCESS
PY00874,BK00874,2026-07-20T15:25:00.000+05:30,WALLET,7200.0,SUCCESS
PY00875,BK00875,2026-07-09T18:01:00.000+05:30,NET BANKING,4200.0,SUCCESS
PY00876,BK00876,2026-08-22T20:06:00.000+05:30,NET BANKING,22000.0,SUCCESS
PY00877,BK00877,2026-05-23T08:25:00.000+05:30,WALLET,4200.0,SUCCESS
PY00878,BK00878,2026-08-19T21:24:00.000+05:30,NET BANKING,12500.0,SUCCESS
PY00879,BK00879,2026-07-29T06:55:00.000+05:30,NET BANKING,8900.0,SUCCESS
PY00880,BK00880,2026-06-27T22:07:00.000+05:30,UPI,10500.0,SUCCESS
PY00881,BK00881,2026-08-07T00:29:00.000+05:30,UPI,10500.0,SUCCESS
PY00882,BK00882,2026-06-11T05:38:00.000+05:30,DEBIT CARD,17500.0,SUCCESS
PY00883,BK00883,2026-04-30T17:22:00.000+05:30,CREDIT CARD,10500.0,SUCCESS
PY00884,BK00884,2026-05-20T21:48:00.000+05:30,CREDIT CARD,5600.0,SUCCESS
PY00885,BK00885,2026-07-13T06:12:00.000+05:30,WALLET,3500.0,SUCCESS
PY00886,BK00886,2026-07-25T12:07:00.000+05:30,DEBIT CARD,14800.0,SUCCESS
PY00887,BK00887,2026-05-16T13:08:00.000+05:30,NET BANKING,10500.0,SUCCESS
PY00888,BK00888,2026-06-02T03:25:00.000+05:30,UPI,14800.0,SUCCESS
PY00889,BK00889,2026-05-13T17:52:00.000+05:30,DEBIT CARD,14800.0,REFUNDED
PY00890,BK00890,2026-08-02T19:52:00.000+05:30,UPI,4200.0,SUCCESS
PY00891,BK00891,2026-05-25T14:39:00.000+05:30,DEBIT CARD,5600.0,SUCCESS
PY00892,BK00892,2026-06-23T08:36:00.000+05:30,DEBIT CARD,10500.0,SUCCESS
PY00893,BK00893,2026-07-16T02:10:00.000+05:30,DEBIT CARD,8900.0,FAILED
PY00894,BK00894,2026-06-10T00:25:00.000+05:30,DEBIT CARD,3500.0,SUCCESS
PY00895,BK00895,2026-07-09T02:00:00.000+05:30,WALLET,17500.0,SUCCESS
PY00896,BK00896,2026-07-22T04:10:00.000+05:30,DEBIT CARD,3500.0,FAILED
PY00897,BK00897,2026-07-01T14:32:00.000+05:30,UPI,5600.0,SUCCESS
PY00898,BK00898,2026-07-24T04:49:00.000+05:30,UPI,3500.0,SUCCESS
PY00899,BK00899,2026-07-19T01:08:00.000+05:30,NET BANKING,3500.0,SUCCESS
PY00900,BK00900,2026-07-19T21:42:00.000+05:30,CREDIT CARD,17500.0,SUCCESS
PY00901,BK00901,2026-05-25T08:59:00.000+05:30,UPI,14800.0,SUCCESS
PY00902,BK00902,2026-05-29T07:20:00.000+05:30,WALLET,7200.0,SUCCESS
PY00903,BK00903,2026-05-10T12:59:00.000+05:30,NET BANKING,4200.0,SUCCESS
PY00904,BK00904,2026-07-04T08:28:00.000+05:30,UPI,8900.0,SUCCESS
PY00905,BK00905,2026-04-19T05:38:00.000+05:30,DEBIT CARD,7200.0,FAILED
PY00906,BK00906,2026-05-13T00:59:00.000+05:30,WALLET,8900.0,SUCCESS
PY00907,BK00907,2026-07-22T23:43:00.000+05:30,DEBIT CARD,12500.0,SUCCESS
PY00908,BK00908,2026-08-06T06:31:00.000+05:30,DEBIT CARD,4200.0,FAILED
PY00909,BK00909,2026-06-18T11:41:00.000+05:30,CREDIT CARD,10500.0,SUCCESS
PY00910,BK00910,2026-06-25T05:38:00.000+05:30,CREDIT CARD,14800.0,SUCCESS
PY00911,BK00911,2026-08-05T04:02:00.000+05:30,NET BANKING,8900.0,SUCCESS
PY00912,BK00912,2026-05-01T13:34:00.000+05:30,CREDIT CARD,14800.0,SUCCESS
PY00913,BK00913,2026-05-11T21:03:00.000+05:30,CREDIT CARD,17500.0,SUCCESS
PY00914,BK00914,2026-06-14T08:12:00.000+05:30,WALLET,8900.0,SUCCESS
PY00915,BK00915,2026-06-08T01:02:00.000+05:30,NET BANKING,8900.0,SUCCESS
PY00916,BK00916,2026-04-25T03:14:00.000+05:30,DEBIT CARD,3500.0,SUCCESS
PY00917,BK00917,2026-07-05T13:52:00.000+05:30,UPI,4200.0,SUCCESS
PY00918,BK00918,2026-04-15T23:26:00.000+05:30,UPI,8900.0,SUCCESS
PY00919,BK00919,2026-05-06T10:51:00.000+05:30,WALLET,8900.0,SUCCESS
PY00920,BK00920,2026-06-20T14:34:00.000+05:30,DEBIT CARD,3500.0,SUCCESS
PY00921,BK00921,2026-04-24T06:49:00.000+05:30,CREDIT CARD,7200.0,SUCCESS
PY00922,BK00922,2026-07-12T21:04:00.000+05:30,UPI,17500.0,SUCCESS
PY00923,BK00923,2026-06-18T09:40:00.000+05:30,CREDIT CARD,22000.0,SUCCESS
PY00924,BK00924,2026-05-15T05:57:00.000+05:30,UPI,22000.0,SUCCESS
PY00925,BK00925,2026-07-25T13:08:00.000+05:30,DEBIT CARD,4200.0,SUCCESS
PY00926,BK00926,2026-05-27T20:08:00.000+05:30,DEBIT CARD,4200.0,SUCCESS
PY00927,BK00927,2026-07-02T15:02:00.000+05:30,NET BANKING,10500.0,SUCCESS
PY00928,BK00928,2026-08-05T01:37:00.000+05:30,DEBIT CARD,7200.0,SUCCESS
PY00929,BK00929,2026-05-26T19:52:00.000+05:30,WALLET,7200.0,SUCCESS
PY00930,BK00930,2026-06-06T08:13:00.000+05:30,UPI,10500.0,SUCCESS
PY00931,BK00931,2026-08-14T12:06:00.000+05:30,CREDIT CARD,17500.0,SUCCESS
PY00932,BK00932,2026-07-25T18:23:00.000+05:30,WALLET,17500.0,SUCCESS
PY00933,BK00933,2026-06-13T10:33:00.000+05:30,CREDIT CARD,14800.0,SUCCESS
PY00934,BK00934,2026-07-10T04:18:00.000+05:30,WALLET,12500.0,SUCCESS
PY00935,BK00935,2026-08-03T21:21:00.000+05:30,UPI,4200.0,SUCCESS
PY00936,BK00936,2026-06-03T07:27:00.000+05:30,CREDIT CARD,17500.0,SUCCESS
PY00937,BK00937,2026-07-13T06:03:00.000+05:30,WALLET,8900.0,SUCCESS
PY00938,BK00938,2026-05-21T09:42:00.000+05:30,DEBIT CARD,3500.0,SUCCESS
PY00939,BK00939,2026-06-09T21:58:00.000+05:30,DEBIT CARD,5600.0,SUCCESS
PY00940,BK00940,2026-07-22T08:07:00.000+05:30,CREDIT CARD,5600.0,FAILED
PY00941,BK00941,2026-07-13T20:29:00.000+05:30,DEBIT CARD,8900.0,SUCCESS
PY00942,BK00942,2026-06-06T21:03:00.000+05:30,DEBIT CARD,5600.0,SUCCESS
PY00943,BK00943,2026-05-11T08:07:00.000+05:30,WALLET,8900.0,SUCCESS
PY00944,BK00944,2026-07-11T08:14:00.000+05:30,WALLET,14800.0,FAILED
PY00945,BK00945,2026-05-21T20:56:00.000+05:30,DEBIT CARD,7200.0,SUCCESS
PY00946,BK00946,2026-04-15T22:46:00.000+05:30,NET BANKING,14800.0,FAILED
PY00947,BK00947,2026-04-21T02:21:00.000+05:30,WALLET,22000.0,SUCCESS
PY00948,BK00948,2026-06-30T00:37:00.000+05:30,WALLET,4200.0,SUCCESS
PY00949,BK00949,2026-08-09T00:29:00.000+05:30,CREDIT CARD,5600.0,SUCCESS
PY00950,BK00950,2026-07-31T21:32:00.000+05:30,UPI,22000.0,REFUNDED
PY00951,BK00951,2026-07-25T17:31:00.000+05:30,DEBIT CARD,4200.0,SUCCESS
PY00952,BK00952,2026-07-13T23:03:00.000+05:30,UPI,7200.0,SUCCESS
PY00953,BK00953,2026-04-20T11:35:00.000+05:30,CREDIT CARD,8900.0,SUCCESS
PY00954,BK00954,2026-06-01T04:57:00.000+05:30,UPI,8900.0,SUCCESS
PY00955,BK00955,2026-06-02T16:07:00.000+05:30,WALLET,12500.0,REFUNDED
PY00956,BK00956,2026-07-02T04:30:00.000+05:30,WALLET,8900.0,SUCCESS
PY00957,BK00957,2026-05-24T10:12:00.000+05:30,CREDIT CARD,8900.0,SUCCESS
PY00958,BK00958,2026-04-21T04:21:00.000+05:30,WALLET,8900.0,SUCCESS
PY00959,BK00959,2026-07-11T08:45:00.000+05:30,DEBIT CARD,8900.0,SUCCESS
PY00960,BK00960,2026-05-10T03:40:00.000+05:30,NET BANKING,12500.0,SUCCESS
PY00961,BK00961,2026-06-29T23:59:00.000+05:30,CREDIT CARD,5600.0,FAILED
PY00962,BK00962,2026-06-05T12:47:00.000+05:30,DEBIT CARD,3500.0,SUCCESS
PY00963,BK00963,2026-05-08T02:41:00.000+05:30,UPI,17500.0,SUCCESS
PY00964,BK00964,2026-07-20T13:08:00.000+05:30,DEBIT CARD,7200.0,SUCCESS
PY00965,BK00965,2026-05-17T04:52:00.000+05:30,DEBIT CARD,12500.0,SUCCESS
PY00966,BK00966,2026-04-15T21:11:00.000+05:30,UPI,7200.0,FAILED
PY00967,BK00967,2026-07-16T12:41:00.000+05:30,NET BANKING,3500.0,SUCCESS
PY00968,BK00968,2026-08-02T23:29:00.000+05:30,CREDIT CARD,5600.0,SUCCESS
PY00969,BK00969,2026-07-06T21:16:00.000+05:30,DEBIT CARD,8900.0,SUCCESS
PY00970,BK00970,2026-04-10T15:54:00.000+05:30,UPI,12500.0,SUCCESS
PY00971,BK00971,2026-06-15T23:46:00.000+05:30,CREDIT CARD,17500.0,REFUNDED
PY00972,BK00972,2026-06-23T20:39:00.000+05:30,WALLET,12500.0,SUCCESS
PY00973,BK00973,2026-06-06T22:31:00.000+05:30,CREDIT CARD,12500.0,SUCCESS
PY00974,BK00974,2026-07-22T03:30:00.000+05:30,DEBIT CARD,7200.0,SUCCESS
PY00975,BK00975,2026-06-19T18:01:00.000+05:30,DEBIT CARD,5600.0,SUCCESS
PY00976,BK00976,2026-08-15T18:32:00.000+05:30,UPI,4200.0,SUCCESS
PY00977,BK00977,2026-06-28T00:42:00.000+05:30,UPI,17500.0,SUCCESS
PY00978,BK00978,2026-05-14T08:58:00.000+05:30,CREDIT CARD,5600.0,SUCCESS
PY00979,BK00979,2026-07-23T01:34:00.000+05:30,DEBIT CARD,12500.0,SUCCESS
PY00980,BK00980,2026-05-27T06:06:00.000+05:30,NET BANKING,22000.0,SUCCESS
PY00981,BK00981,2026-06-22T06:18:00.000+05:30,NET BANKING,4200.0,SUCCESS
PY00982,BK00982,2026-05-25T10:05:00.000+05:30,CREDIT CARD,12500.0,SUCCESS
PY00983,BK00983,2026-04-28T06:44:00.000+05:30,DEBIT CARD,12500.0,FAILED
PY00984,BK00984,2026-07-02T19:08:00.000+05:30,CREDIT CARD,17500.0,REFUNDED
PY00985,BK00985,2026-06-16T06:29:00.000+05:30,UPI,22000.0,SUCCESS
PY00986,BK00986,2026-05-14T15:45:00.000+05:30,NET BANKING,4200.0,SUCCESS
PY00987,BK00987,2026-07-05T07:44:00.000+05:30,WALLET,7200.0,SUCCESS
PY00988,BK00988,2026-05-02T19:07:00.000+05:30,WALLET,17500.0,SUCCESS
PY00989,BK00989,2026-05-06T13:01:00.000+05:30,CREDIT CARD,12500.0,SUCCESS
PY00990,BK00990,2026-08-10T17:13:00.000+05:30,UPI,22000.0,SUCCESS
PY00991,BK00991,2026-06-01T01:02:00.000+05:30,UPI,5600.0,SUCCESS
PY00992,BK00992,2026-06-19T02:07:00.000+05:30,WALLET,7200.0,SUCCESS
PY00993,BK00993,2026-06-24T01:12:00.000+05:30,WALLET,5600.0,SUCCESS
PY00994,BK00994,2026-07-29T02:39:00.000+05:30,WALLET,7200.0,SUCCESS
PY00995,BK00995,2026-05-08T12:17:00.000+05:30,DEBIT CARD,4200.0,SUCCESS
PY00996,BK00996,2026-05-19T01:15:00.000+05:30,UPI,12500.0,SUCCESS
PY00997,BK00997,2026-06-28T16:22:00.000+05:30,NET BANKING,3500.0,SUCCESS
PY00998,BK00998,2026-07-24T06:59:00.000+05:30,WALLET,17500.0,SUCCESS
PY00999,BK00999,2026-06-05T23:48:00.000+05:30,WALLET,12500.0,SUCCESS
PY01000,BK01000,2026-05-04T10:46:00.000+05:30,WALLET,7200.0,SUCCESS
PY01001,BK01001,2026-08-01T04:24:00.000+05:30,CREDIT CARD,5600.0,SUCCESS
PY01002,BK01002,2026-05-28T23:59:00.000+05:30,UPI,7200.0,SUCCESS
PY01003,BK01003,2026-05-30T05:31:00.000+05:30,NET BANKING,10500.0,SUCCESS
PY01004,BK01004,2026-05-02T03:13:00.000+05:30,UPI,17500.0,SUCCESS
PY01005,BK01005,2026-05-08T21:48:00.000+05:30,NET BANKING,14800.0,SUCCESS
PY01006,BK01006,2026-07-02T18:54:00.000+05:30,CREDIT CARD,14800.0,SUCCESS
PY01007,BK01007,2026-06-12T01:08:00.000+05:30,UPI,8900.0,SUCCESS
PY01008,BK01008,2026-05-28T12:35:00.000+05:30,WALLET,22000.0,SUCCESS
PY01009,BK01009,2026-05-23T14:43:00.000+05:30,UPI,17500.0,SUCCESS
PY01010,BK01010,2026-07-08T23:18:00.000+05:30,NET BANKING,4200.0,SUCCESS
PY01011,BK01011,2026-06-25T12:59:00.000+05:30,DEBIT CARD,4200.0,SUCCESS
PY01012,BK01012,2026-04-24T01:07:00.000+05:30,UPI,7200.0,SUCCESS
PY01013,BK01013,2026-06-17T01:10:00.000+05:30,DEBIT CARD,4200.0,SUCCESS
PY01014,BK01014,2026-06-15T01:04:00.000+05:30,CREDIT CARD,12500.0,SUCCESS
PY01015,BK01015,2026-07-25T00:15:00.000+05:30,UPI,10500.0,SUCCESS
PY01016,BK01016,2026-05-20T00:46:00.000+05:30,UPI,8900.0,SUCCESS
PY01017,BK01017,2026-06-24T18:34:00.000+05:30,CREDIT CARD,22000.0,SUCCESS
PY01018,BK01018,2026-06-25T00:37:00.000+05:30,CREDIT CARD,12500.0,SUCCESS
PY01019,BK01019,2026-07-12T05:53:00.000+05:30,NET BANKING,22000.0,SUCCESS
PY01020,BK01020,2026-07-19T11:29:00.000+05:30,UPI,4200.0,SUCCESS
PY01021,BK01021,2026-08-07T16:55:00.000+05:30,UPI,8900.0,SUCCESS
PY01022,BK01022,2026-06-22T14:14:00.000+05:30,UPI,17500.0,REFUNDED
PY01023,BK01023,2026-05-24T19:20:00.000+05:30,CREDIT CARD,5600.0,SUCCESS
PY01024,BK01024,2026-06-10T11:38:00.000+05:30,UPI,12500.0,SUCCESS
PY01025,BK01025,2026-06-25T01:41:00.000+05:30,UPI,10500.0,SUCCESS
PY01026,BK01026,2026-05-30T16:12:00.000+05:30,DEBIT CARD,17500.0,SUCCESS
PY01027,BK01027,2026-08-02T06:20:00.000+05:30,CREDIT CARD,7200.0,SUCCESS
PY01028,BK01028,2026-07-30T16:49:00.000+05:30,WALLET,5600.0,FAILED
PY01029,BK01029,2026-07-11T00:52:00.000+05:30,DEBIT CARD,7200.0,SUCCESS
PY01030,BK01030,2026-05-28T16:46:00.000+05:30,WALLET,10500.0,SUCCESS
PY01031,BK01031,2026-04-18T12:33:00.000+05:30,WALLET,22000.0,SUCCESS
PY01032,BK01032,2026-05-10T08:43:00.000+05:30,WALLET,3500.0,FAILED
PY01033,BK01033,2026-06-29T18:18:00.000+05:30,WALLET,12500.0,SUCCESS
PY01034,BK01034,2026-08-08T12:17:00.000+05:30,NET BANKING,12500.0,SUCCESS
PY01035,BK01035,2026-06-20T07:44:00.000+05:30,DEBIT CARD,4200.0,FAILED
PY01036,BK01036,2026-07-28T11:44:00.000+05:30,CREDIT CARD,17500.0,SUCCESS
PY01037,BK01037,2026-07-20T04:05:00.000+05:30,UPI,4200.0,FAILED
PY01038,BK01038,2026-07-24T13:38:00.000+05:30,DEBIT CARD,8900.0,SUCCESS
PY01039,BK01039,2026-07-18T15:17:00.000+05:30,NET BANKING,14800.0,SUCCESS
PY01040,BK01040,2026-07-31T21:23:00.000+05:30,CREDIT CARD,8900.0,SUCCESS
PY01041,BK01041,2026-05-29T02:32:00.000+05:30,NET BANKING,14800.0,SUCCESS
PY01042,BK01042,2026-04-30T22:33:00.000+05:30,DEBIT CARD,7200.0,REFUNDED
PY01043,BK01043,2026-04-21T03:36:00.000+05:30,UPI,4200.0,SUCCESS
PY01044,BK01044,2026-06-27T21:30:00.000+05:30,UPI,5600.0,SUCCESS
PY01045,BK01045,2026-06-29T07:40:00.000+05:30,NET BANKING,10500.0,SUCCESS
PY01046,BK01046,2026-04-26T04:25:00.000+05:30,DEBIT CARD,14800.0,SUCCESS
PY01047,BK01047,2026-07-09T01:50:00.000+05:30,NET BANKING,3500.0,SUCCESS
PY01048,BK01048,2026-05-10T04:09:00.000+05:30,WALLET,7200.0,SUCCESS
PY01049,BK01049,2026-07-19T03:21:00.000+05:30,WALLET,8900.0,SUCCESS
PY01050,BK01050,2026-08-07T12:28:00.000+05:30,CREDIT CARD,5600.0,SUCCESS
PY01051,BK01051,2026-05-15T20:46:00.000+05:30,CREDIT CARD,22000.0,SUCCESS
PY01052,BK01052,2026-07-16T16:27:00.000+05:30,DEBIT CARD,10500.0,SUCCESS
PY01053,BK01053,2026-05-10T01:16:00.000+05:30,UPI,17500.0,FAILED
PY01054,BK01054,2026-05-04T08:29:00.000+05:30,DEBIT CARD,17500.0,REFUNDED
PY01055,BK01055,2026-06-10T21:29:00.000+05:30,UPI,3500.0,SUCCESS
PY01056,BK01056,2026-07-08T09:53:00.000+05:30,NET BANKING,10500.0,SUCCESS
PY01057,BK01057,2026-08-02T00:18:00.000+05:30,UPI,7200.0,REFUNDED
PY01058,BK01058,2026-06-05T11:15:00.000+05:30,NET BANKING,10500.0,SUCCESS
PY01059,BK01059,2026-06-26T02:29:00.000+05:30,UPI,10500.0,SUCCESS
PY01060,BK01060,2026-06-10T10:58:00.000+05:30,CREDIT CARD,3500.0,SUCCESS
PY01061,BK01061,2026-07-24T08:22:00.000+05:30,DEBIT CARD,12500.0,SUCCESS
PY01062,BK01062,2026-06-16T16:33:00.000+05:30,CREDIT CARD,10500.0,SUCCESS
PY01063,BK01063,2026-07-07T03:08:00.000+05:30,CREDIT CARD,7200.0,SUCCESS
PY01064,BK01064,2026-07-21T01:34:00.000+05:30,CREDIT CARD,7200.0,SUCCESS
PY01065,BK01065,2026-05-06T17:22:00.000+05:30,WALLET,22000.0,SUCCESS
PY01066,BK01066,2026-07-30T23:54:00.000+05:30,UPI,5600.0,SUCCESS
PY01067,BK01067,2026-05-01T08:06:00.000+05:30,WALLET,12500.0,SUCCESS
PY01068,BK01068,2026-05-19T23:32:00.000+05:30,CREDIT CARD,17500.0,FAILED
PY01069,BK01069,2026-06-27T01:47:00.000+05:30,NET BANKING,4200.0,SUCCESS
PY01070,BK01070,2026-07-30T12:34:00.000+05:30,UPI,4200.0,SUCCESS
PY01071,BK01071,2026-05-11T02:07:00.000+05:30,CREDIT CARD,17500.0,SUCCESS
PY01072,BK01072,2026-08-02T12:57:00.000+05:30,DEBIT CARD,8900.0,FAILED
PY01073,BK01073,2026-04-22T20:45:00.000+05:30,UPI,17500.0,FAILED
PY01074,BK01074,2026-05-25T20:32:00.000+05:30,NET BANKING,7200.0,SUCCESS
PY01075,BK01075,2026-06-30T13:54:00.000+05:30,NET BANKING,8900.0,SUCCESS
PY01076,BK01076,2026-06-26T19:16:00.000+05:30,NET BANKING,7200.0,FAILED
PY01077,BK01077,2026-05-25T13:14:00.000+05:30,DEBIT CARD,17500.0,SUCCESS
PY01078,BK01078,2026-07-06T21:07:00.000+05:30,DEBIT CARD,10500.0,SUCCESS
PY01079,BK01079,2026-04-22T21:22:00.000+05:30,CREDIT CARD,10500.0,SUCCESS
PY01080,BK01080,2026-04-12T10:11:00.000+05:30,CREDIT CARD,5600.0,SUCCESS
PY01081,BK01081,2026-08-04T17:25:00.000+05:30,UPI,17500.0,FAILED
PY01082,BK01082,2026-08-04T01:17:00.000+05:30,CREDIT CARD,22000.0,SUCCESS
PY01083,BK01083,2026-08-12T13:30:00.000+05:30,CREDIT CARD,3500.0,SUCCESS
PY01084,BK01084,2026-07-19T18:44:00.000+05:30,DEBIT CARD,4200.0,REFUNDED
PY01085,BK01085,2026-07-05T09:10:00.000+05:30,CREDIT CARD,5600.0,REFUNDED
PY01086,BK01086,2026-06-15T04:26:00.000+05:30,UPI,17500.0,SUCCESS
PY01087,BK01087,2026-04-11T20:56:00.000+05:30,CREDIT CARD,10500.0,SUCCESS
PY01088,BK01088,2026-05-06T07:00:00.000+05:30,CREDIT CARD,10500.0,SUCCESS
PY01089,BK01089,2026-06-30T14:00:00.000+05:30,DEBIT CARD,14800.0,SUCCESS
PY01090,BK01090,2026-06-20T05:35:00.000+05:30,CREDIT CARD,8900.0,SUCCESS
PY01091,BK01091,2026-04-19T13:54:00.000+05:30,DEBIT CARD,4200.0,SUCCESS
PY01092,BK01092,2026-07-22T06:20:00.000+05:30,WALLET,12500.0,SUCCESS
PY01093,BK01093,2026-05-03T01:27:00.000+05:30,CREDIT CARD,22000.0,SUCCESS
PY01094,BK01094,2026-06-24T08:33:00.000+05:30,CREDIT CARD,7200.0,SUCCESS
PY01095,BK01095,2026-06-29T04:18:00.000+05:30,NET BANKING,14800.0,SUCCESS
PY01096,BK01096,2026-06-10T13:54:00.000+05:30,CREDIT CARD,22000.0,FAILED
PY01097,BK01097,2026-07-19T19:59:00.000+05:30,CREDIT CARD,17500.0,SUCCESS
PY01098,BK01098,2026-05-24T00:08:00.000+05:30,NET BANKING,10500.0,SUCCESS
PY01099,BK01099,2026-06-24T13:14:00.000+05:30,DEBIT CARD,14800.0,FAILED
PY01100,BK01100,2026-07-31T06:51:00.000+05:30,NET BANKING,7200.0,SUCCESS
PY01101,BK01101,2026-08-03T18:50:00.000+05:30,WALLET,22000.0,SUCCESS
PY01102,BK01102,2026-06-06T03:13:00.000+05:30,DEBIT CARD,5600.0,SUCCESS
PY01103,BK01103,2026-04-27T07:13:00.000+05:30,UPI,8900.0,SUCCESS
PY01104,BK01104,2026-06-04T11:35:00.000+05:30,NET BANKING,10500.0,SUCCESS
PY01105,BK01105,2026-06-07T04:03:00.000+05:30,UPI,3500.0,SUCCESS
PY01106,BK01106,2026-08-06T17:31:00.000+05:30,UPI,8900.0,FAILED
PY01107,BK01107,2026-04-19T14:20:00.000+05:30,WALLET,10500.0,SUCCESS
PY01108,BK01108,2026-05-09T00:32:00.000+05:30,UPI,3500.0,SUCCESS
PY01109,BK01109,2026-06-02T08:53:00.000+05:30,NET BANKING,22000.0,SUCCESS
PY01110,BK01110,2026-06-29T20:47:00.000+05:30,DEBIT CARD,4200.0,SUCCESS
PY01111,BK01111,2026-05-19T17:08:00.000+05:30,NET BANKING,14800.0,SUCCESS
PY01112,BK01112,2026-08-11T08:22:00.000+05:30,WALLET,17500.0,SUCCESS
PY01113,BK01113,2026-04-25T15:51:00.000+05:30,WALLET,12500.0,SUCCESS
PY01114,BK01114,2026-04-15T09:47:00.000+05:30,UPI,8900.0,SUCCESS
PY01115,BK01115,2026-05-09T08:55:00.000+05:30,CREDIT CARD,14800.0,SUCCESS
PY01116,BK01116,2026-06-07T14:54:00.000+05:30,DEBIT CARD,17500.0,SUCCESS
PY01117,BK01117,2026-05-26T01:24:00.000+05:30,WALLET,8900.0,SUCCESS
PY01118,BK01118,2026-06-25T02:55:00.000+05:30,NET BANKING,3500.0,SUCCESS
PY01119,BK01119,2026-08-18T06:41:00.000+05:30,CREDIT CARD,10500.0,SUCCESS
PY01120,BK01120,2026-05-15T01:40:00.000+05:30,WALLET,8900.0,SUCCESS
PY01121,BK01121,2026-05-02T14:04:00.000+05:30,CREDIT CARD,3500.0,SUCCESS
PY01122,BK01122,2026-06-03T11:29:00.000+05:30,WALLET,10500.0,SUCCESS
PY01123,BK01123,2026-06-10T12:24:00.000+05:30,DEBIT CARD,7200.0,SUCCESS
PY01124,BK01124,2026-06-26T14:44:00.000+05:30,UPI,12500.0,SUCCESS
PY01125,BK01125,2026-04-20T19:25:00.000+05:30,NET BANKING,5600.0,SUCCESS
PY01126,BK01126,2026-05-21T13:12:00.000+05:30,DEBIT CARD,3500.0,SUCCESS
PY01127,BK01127,2026-06-08T13:37:00.000+05:30,WALLET,7200.0,SUCCESS
PY01128,BK01128,2026-05-02T04:36:00.000+05:30,DEBIT CARD,7200.0,SUCCESS
PY01129,BK01129,2026-07-12T13:10:00.000+05:30,DEBIT CARD,14800.0,SUCCESS
PY01130,BK01130,2026-05-08T10:26:00.000+05:30,UPI,14800.0,SUCCESS
PY01131,BK01131,2026-06-30T01:40:00.000+05:30,NET BANKING,12500.0,SUCCESS
PY01132,BK01132,2026-07-21T09:42:00.000+05:30,NET BANKING,8900.0,SUCCESS
PY01133,BK01133,2026-06-05T04:24:00.000+05:30,UPI,8900.0,SUCCESS
PY01134,BK01134,2026-07-12T02:57:00.000+05:30,DEBIT CARD,10500.0,SUCCESS
PY01135,BK01135,2026-07-25T17:13:00.000+05:30,DEBIT CARD,22000.0,REFUNDED
PY01136,BK01136,2026-05-23T04:20:00.000+05:30,UPI,14800.0,SUCCESS
PY01137,BK01137,2026-04-22T10:37:00.000+05:30,UPI,14800.0,SUCCESS
PY01138,BK01138,2026-05-18T23:17:00.000+05:30,WALLET,22000.0,SUCCESS
PY01139,BK01139,2026-05-24T23:13:00.000+05:30,DEBIT CARD,14800.0,SUCCESS
PY01140,BK01140,2026-08-16T15:36:00.000+05:30,UPI,10500.0,SUCCESS
PY01141,BK01141,2026-07-15T17:31:00.000+05:30,DEBIT CARD,4200.0,SUCCESS
PY01142,BK01142,2026-06-29T16:52:00.000+05:30,NET BANKING,3500.0,REFUNDED
PY01143,BK01143,2026-06-25T10:55:00.000+05:30,DEBIT CARD,4200.0,SUCCESS
PY01144,BK01144,2026-04-18T11:50:00.000+05:30,WALLET,3500.0,SUCCESS
PY01145,BK01145,2026-05-17T03:37:00.000+05:30,WALLET,4200.0,SUCCESS
PY01146,BK01146,2026-08-22T12:33:00.000+05:30,CREDIT CARD,12500.0,SUCCESS
PY01147,BK01147,2026-08-06T06:39:00.000+05:30,WALLET,17500.0,REFUNDED
PY01148,BK01148,2026-07-27T09:55:00.000+05:30,DEBIT CARD,17500.0,SUCCESS
PY01149,BK01149,2026-04-24T08:47:00.000+05:30,UPI,5600.0,REFUNDED
PY01150,BK01150,2026-06-13T02:51:00.000+05:30,DEBIT CARD,10500.0,SUCCESS
PY01151,BK01151,2026-07-31T03:45:00.000+05:30,DEBIT CARD,12500.0,SUCCESS
PY01152,BK01152,2026-05-11T09:57:00.000+05:30,DEBIT CARD,8900.0,SUCCESS
PY01153,BK01153,2026-08-06T03:14:00.000+05:30,DEBIT CARD,7200.0,SUCCESS
PY01154,BK01154,2026-05-17T23:17:00.000+05:30,DEBIT CARD,4200.0,SUCCESS
PY01155,BK01155,2026-07-26T22:46:00.000+05:30,WALLET,8900.0,SUCCESS
PY01156,BK01156,2026-06-17T06:34:00.000+05:30,WALLET,4200.0,SUCCESS
PY01157,BK01157,2026-07-24T19:11:00.000+05:30,UPI,7200.0,SUCCESS
PY01158,BK01158,2026-05-29T17:30:00.000+05:30,WALLET,22000.0,SUCCESS
PY01159,BK01159,2026-06-24T12:26:00.000+05:30,UPI,8900.0,SUCCESS
PY01160,BK01160,2026-07-02T09:08:00.000+05:30,DEBIT CARD,7200.0,FAILED
PY01161,BK01161,2026-04-21T18:16:00.000+05:30,NET BANKING,22000.0,SUCCESS
PY01162,BK01162,2026-07-12T12:52:00.000+05:30,CREDIT CARD,14800.0,SUCCESS
PY01163,BK01163,2026-04-28T07:59:00.000+05:30,NET BANKING,12500.0,SUCCESS
PY01164,BK01164,2026-04-17T06:38:00.000+05:30,DEBIT CARD,4200.0,SUCCESS
PY01165,BK01165,2026-06-28T09:51:00.000+05:30,DEBIT CARD,5600.0,SUCCESS
PY01166,BK01166,2026-07-15T08:34:00.000+05:30,DEBIT CARD,3500.0,SUCCESS
PY01167,BK01167,2026-06-21T09:36:00.000+05:30,WALLET,12500.0,SUCCESS
PY01168,BK01168,2026-08-10T07:03:00.000+05:30,CREDIT CARD,7200.0,SUCCESS
PY01169,BK01169,2026-05-30T07:25:00.000+05:30,NET BANKING,14800.0,SUCCESS
PY01170,BK01170,2026-04-18T20:51:00.000+05:30,WALLET,3500.0,SUCCESS
PY01171,BK01171,2026-05-25T21:14:00.000+05:30,WALLET,14800.0,SUCCESS
PY01172,BK01172,2026-07-15T03:21:00.000+05:30,WALLET,14800.0,SUCCESS
PY01173,BK01173,2026-06-13T13:54:00.000+05:30,NET BANKING,7200.0,SUCCESS
PY01174,BK01174,2026-05-04T10:19:00.000+05:30,CREDIT CARD,4200.0,SUCCESS
PY01175,BK01175,2026-06-06T14:06:00.000+05:30,UPI,7200.0,SUCCESS
PY01176,BK01176,2026-05-07T03:13:00.000+05:30,DEBIT CARD,17500.0,SUCCESS
PY01177,BK01177,2026-06-17T18:28:00.000+05:30,NET BANKING,12500.0,SUCCESS
PY01178,BK01178,2026-07-05T02:09:00.000+05:30,NET BANKING,8900.0,SUCCESS
PY01179,BK01179,2026-06-19T23:54:00.000+05:30,UPI,10500.0,SUCCESS
PY01180,BK01180,2026-04-10T21:53:00.000+05:30,DEBIT CARD,10500.0,SUCCESS
PY01181,BK01181,2026-05-17T11:47:00.000+05:30,UPI,3500.0,SUCCESS
PY01182,BK01182,2026-05-26T09:09:00.000+05:30,UPI,8900.0,SUCCESS
PY01183,BK01183,2026-05-09T09:51:00.000+05:30,CREDIT CARD,10500.0,REFUNDED
PY01184,BK01184,2026-07-31T17:01:00.000+05:30,NET BANKING,7200.0,SUCCESS
PY01185,BK01185,2026-05-21T14:04:00.000+05:30,NET BANKING,12500.0,SUCCESS
PY01186,BK01186,2026-04-27T07:52:00.000+05:30,CREDIT CARD,10500.0,REFUNDED
PY01187,BK01187,2026-07-28T12:38:00.000+05:30,WALLET,7200.0,SUCCESS
PY01188,BK01188,2026-07-29T07:59:00.000+05:30,NET BANKING,4200.0,SUCCESS
PY01189,BK01189,2026-07-02T06:16:00.000+05:30,NET BANKING,17500.0,SUCCESS
PY01190,BK01190,2026-05-27T18:59:00.000+05:30,UPI,14800.0,SUCCESS
PY01191,BK01191,2026-05-28T18:29:00.000+05:30,UPI,12500.0,SUCCESS
PY01192,BK01192,2026-07-02T11:02:00.000+05:30,NET BANKING,17500.0,SUCCESS
PY01193,BK01193,2026-05-17T13:04:00.000+05:30,CREDIT CARD,17500.0,SUCCESS
PY01194,BK01194,2026-06-05T06:57:00.000+05:30,UPI,22000.0,SUCCESS
PY01195,BK01195,2026-04-28T09:07:00.000+05:30,UPI,17500.0,SUCCESS
PY01196,BK01196,2026-08-04T23:36:00.000+05:30,UPI,4200.0,SUCCESS
PY01197,BK01197,2026-06-17T05:08:00.000+05:30,WALLET,22000.0,SUCCESS
PY01198,BK01198,2026-06-19T03:17:00.000+05:30,WALLET,10500.0,SUCCESS
PY01199,BK01199,2026-04-25T13:48:00.000+05:30,CREDIT CARD,7200.0,SUCCESS
PY01200,BK01200,2026-05-13T08:11:00.000+05:30,CREDIT CARD,3500.0,SUCCESS
PY01201,BK01201,2026-04-22T13:44:00.000+05:30,NET BANKING,5600.0,SUCCESS
PY01202,BK01202,2026-06-19T01:32:00.000+05:30,UPI,22000.0,SUCCESS
PY01203,BK01203,2026-07-20T08:48:00.000+05:30,UPI,5600.0,SUCCESS
PY01204,BK01204,2026-07-24T15:05:00.000+05:30,CREDIT CARD,5600.0,SUCCESS
PY01205,BK01205,2026-06-08T21:41:00.000+05:30,WALLET,14800.0,SUCCESS
PY01206,BK01206,2026-06-07T23:57:00.000+05:30,UPI,3500.0,SUCCESS
PY01207,BK01207,2026-05-17T08:50:00.000+05:30,UPI,5600.0,SUCCESS
PY01208,BK01208,2026-04-14T03:16:00.000+05:30,NET BANKING,22000.0,SUCCESS
PY01209,BK01209,2026-05-08T13:00:00.000+05:30,NET BANKING,4200.0,SUCCESS
PY01210,BK01210,2026-07-11T12:39:00.000+05:30,NET BANKING,14800.0,SUCCESS
PY01211,BK01211,2026-06-01T17:58:00.000+05:30,CREDIT CARD,4200.0,SUCCESS
PY01212,BK01212,2026-08-08T05:07:00.000+05:30,NET BANKING,7200.0,SUCCESS
PY01213,BK01213,2026-05-22T00:47:00.000+05:30,UPI,3500.0,SUCCESS
PY01214,BK01214,2026-04-23T20:58:00.000+05:30,DEBIT CARD,7200.0,SUCCESS
PY01215,BK01215,2026-05-17T17:32:00.000+05:30,NET BANKING,17500.0,SUCCESS
PY01216,BK01216,2026-07-15T14:34:00.000+05:30,NET BANKING,4200.0,SUCCESS
PY01217,BK01217,2026-05-31T02:50:00.000+05:30,NET BANKING,10500.0,SUCCESS
PY01218,BK01218,2026-07-29T07:49:00.000+05:30,UPI,7200.0,SUCCESS
PY01219,BK01219,2026-06-28T02:06:00.000+05:30,DEBIT CARD,7200.0,SUCCESS
PY01220,BK01220,2026-07-24T23:37:00.000+05:30,UPI,12500.0,SUCCESS
PY01221,BK01221,2026-05-27T04:50:00.000+05:30,DEBIT CARD,3500.0,REFUNDED
PY01222,BK01222,2026-05-23T15:26:00.000+05:30,CREDIT CARD,3500.0,SUCCESS
PY01223,BK01223,2026-06-28T08:23:00.000+05:30,DEBIT CARD,22000.0,SUCCESS
PY01224,BK01224,2026-07-19T22:15:00.000+05:30,NET BANKING,4200.0,SUCCESS
PY01225,BK01225,2026-08-02T15:09:00.000+05:30,WALLET,8900.0,REFUNDED
PY01226,BK01226,2026-07-31T03:36:00.000+05:30,WALLET,3500.0,SUCCESS
PY01227,BK01227,2026-04-30T19:20:00.000+05:30,WALLET,5600.0,FAILED
PY01228,BK01228,2026-04-25T10:34:00.000+05:30,WALLET,8900.0,SUCCESS
PY01229,BK01229,2026-05-12T06:10:00.000+05:30,WALLET,12500.0,SUCCESS
PY01230,BK01230,2026-04-21T20:20:00.000+05:30,WALLET,5600.0,SUCCESS
PY01231,BK01231,2026-07-07T06:15:00.000+05:30,WALLET,14800.0,SUCCESS
PY01232,BK01232,2026-05-20T09:14:00.000+05:30,CREDIT CARD,7200.0,SUCCESS
PY01233,BK01233,2026-06-23T07:49:00.000+05:30,NET BANKING,3500.0,SUCCESS
PY01234,BK01234,2026-08-04T15:32:00.000+05:30,UPI,7200.0,SUCCESS
PY01235,BK01235,2026-07-02T09:19:00.000+05:30,NET BANKING,17500.0,SUCCESS
PY01236,BK01236,2026-05-15T16:40:00.000+05:30,DEBIT CARD,10500.0,SUCCESS
PY01237,BK01237,2026-07-14T01:38:00.000+05:30,CREDIT CARD,3500.0,SUCCESS
PY01238,BK01238,2026-05-09T22:04:00.000+05:30,DEBIT CARD,4200.0,SUCCESS
PY01239,BK01239,2026-06-01T13:33:00.000+05:30,UPI,3500.0,SUCCESS
PY01240,BK01240,2026-04-17T06:35:00.000+05:30,DEBIT CARD,7200.0,SUCCESS
PY01241,BK01241,2026-07-22T23:27:00.000+05:30,UPI,7200.0,SUCCESS
PY01242,BK01242,2026-06-23T02:51:00.000+05:30,CREDIT CARD,22000.0,SUCCESS
PY01243,BK01243,2026-06-23T08:25:00.000+05:30,UPI,5600.0,SUCCESS
PY01244,BK01244,2026-07-22T11:47:00.000+05:30,UPI,5600.0,SUCCESS
PY01245,BK01245,2026-07-09T13:44:00.000+05:30,NET BANKING,4200.0,FAILED
PY01246,BK01246,2026-07-22T01:35:00.000+05:30,CREDIT CARD,14800.0,SUCCESS
PY01247,BK01247,2026-06-04T02:18:00.000+05:30,WALLET,8900.0,SUCCESS
PY01248,BK01248,2026-06-07T09:08:00.000+05:30,UPI,17500.0,SUCCESS
PY01249,BK01249,2026-07-23T04:15:00.000+05:30,DEBIT CARD,7200.0,SUCCESS
PY01250,BK01250,2026-07-12T21:53:00.000+05:30,UPI,22000.0,SUCCESS
PY01251,BK01251,2026-04-27T07:58:00.000+05:30,UPI,17500.0,SUCCESS
PY01252,BK01252,2026-05-23T21:37:00.000+05:30,NET BANKING,3500.0,SUCCESS
PY01253,BK01253,2026-05-13T06:35:00.000+05:30,NET BANKING,5600.0,SUCCESS
PY01254,BK01254,2026-06-11T18:28:00.000+05:30,NET BANKING,14800.0,SUCCESS
PY01255,BK01255,2026-08-07T02:31:00.000+05:30,WALLET,12500.0,SUCCESS
PY01256,BK01256,2026-06-19T08:04:00.000+05:30,WALLET,14800.0,SUCCESS
PY01257,BK01257,2026-08-19T12:49:00.000+05:30,NET BANKING,12500.0,SUCCESS
PY01258,BK01258,2026-06-09T10:04:00.000+05:30,CREDIT CARD,4200.0,SUCCESS
PY01259,BK01259,2026-05-05T07:05:00.000+05:30,NET BANKING,10500.0,SUCCESS
PY01260,BK01260,2026-06-15T22:45:00.000+05:30,WALLET,8900.0,SUCCESS
PY01261,BK01261,2026-06-20T02:36:00.000+05:30,DEBIT CARD,14800.0,SUCCESS
PY01262,BK01262,2026-06-03T06:48:00.000+05:30,WALLET,22000.0,SUCCESS
PY01263,BK01263,2026-07-16T08:33:00.000+05:30,WALLET,17500.0,SUCCESS
PY01264,BK01264,2026-07-10T21:41:00.000+05:30,WALLET,22000.0,SUCCESS
PY01265,BK01265,2026-06-01T16:47:00.000+05:30,NET BANKING,14800.0,SUCCESS
PY01266,BK01266,2026-05-31T16:05:00.000+05:30,WALLET,5600.0,SUCCESS
PY01267,BK01267,2026-05-16T04:01:00.000+05:30,UPI,10500.0,SUCCESS
PY01268,BK01268,2026-05-07T20:26:00.000+05:30,CREDIT CARD,3500.0,REFUNDED
PY01269,BK01269,2026-06-08T03:46:00.000+05:30,NET BANKING,5600.0,SUCCESS
PY01270,BK01270,2026-05-04T21:24:00.000+05:30,WALLET,22000.0,SUCCESS
PY01271,BK01271,2026-06-21T08:31:00.000+05:30,UPI,12500.0,SUCCESS
PY01272,BK01272,2026-07-31T08:47:00.000+05:30,DEBIT CARD,3500.0,SUCCESS
PY01273,BK01273,2026-05-10T08:25:00.000+05:30,WALLET,3500.0,SUCCESS
PY01274,BK01274,2026-06-25T12:43:00.000+05:30,DEBIT CARD,10500.0,SUCCESS
PY01275,BK01275,2026-07-16T02:22:00.000+05:30,UPI,10500.0,SUCCESS
PY01276,BK01276,2026-05-25T17:39:00.000+05:30,NET BANKING,7200.0,SUCCESS
PY01277,BK01277,2026-08-10T06:22:00.000+05:30,DEBIT CARD,22000.0,SUCCESS
PY01278,BK01278,2026-07-11T03:32:00.000+05:30,UPI,22000.0,SUCCESS
PY01279,BK01279,2026-06-27T22:52:00.000+05:30,WALLET,7200.0,SUCCESS
PY01280,BK01280,2026-07-31T07:41:00.000+05:30,NET BANKING,14800.0,SUCCESS
PY01281,BK01281,2026-07-29T03:09:00.000+05:30,CREDIT CARD,5600.0,SUCCESS
PY01282,BK01282,2026-07-22T22:14:00.000+05:30,UPI,14800.0,SUCCESS
PY01283,BK01283,2026-06-22T13:11:00.000+05:30,NET BANKING,8900.0,SUCCESS
PY01284,BK01284,2026-06-02T12:30:00.000+05:30,WALLET,4200.0,SUCCESS
PY01285,BK01285,2026-06-13T03:35:00.000+05:30,WALLET,7200.0,SUCCESS
PY01286,BK01286,2026-08-01T23:54:00.000+05:30,WALLET,8900.0,SUCCESS
PY01287,BK01287,2026-07-12T22:28:00.000+05:30,NET BANKING,8900.0,SUCCESS
PY01288,BK01288,2026-06-30T09:42:00.000+05:30,NET BANKING,22000.0,SUCCESS
PY01289,BK01289,2026-06-12T00:14:00.000+05:30,DEBIT CARD,22000.0,SUCCESS
PY01290,BK01290,2026-05-20T16:52:00.000+05:30,WALLET,12500.0,SUCCESS
PY01291,BK01291,2026-06-20T10:24:00.000+05:30,NET BANKING,7200.0,SUCCESS
PY01292,BK01292,2026-05-25T02:49:00.000+05:30,WALLET,17500.0,SUCCESS
PY01293,BK01293,2026-06-08T05:23:00.000+05:30,DEBIT CARD,7200.0,FAILED
PY01294,BK01294,2026-06-29T11:01:00.000+05:30,UPI,8900.0,REFUNDED
PY01295,BK01295,2026-06-19T06:15:00.000+05:30,CREDIT CARD,7200.0,SUCCESS
PY01296,BK01296,2026-05-16T03:35:00.000+05:30,UPI,4200.0,FAILED
PY01297,BK01297,2026-08-12T12:45:00.000+05:30,UPI,4200.0,SUCCESS
PY01298,BK01298,2026-07-28T01:49:00.000+05:30,UPI,5600.0,SUCCESS
PY01299,BK01299,2026-05-20T04:50:00.000+05:30,CREDIT CARD,17500.0,SUCCESS
PY01300,BK01300,2026-06-17T20:23:00.000+05:30,DEBIT CARD,7200.0,SUCCESS
PY01301,BK01301,2026-06-18T21:45:00.000+05:30,CREDIT CARD,22000.0,SUCCESS
PY01302,BK01302,2026-06-13T17:19:00.000+05:30,DEBIT CARD,8900.0,REFUNDED
PY01303,BK01303,2026-06-09T23:56:00.000+05:30,WALLET,22000.0,SUCCESS
PY01304,BK01304,2026-04-06T10:02:00.000+05:30,DEBIT CARD,4200.0,SUCCESS
PY01305,BK01305,2026-06-23T12:45:00.000+05:30,CREDIT CARD,14800.0,SUCCESS
PY01306,BK01306,2026-07-15T11:09:00.000+05:30,DEBIT CARD,10500.0,SUCCESS
PY01307,BK01307,2026-07-25T11:47:00.000+05:30,NET BANKING,14800.0,SUCCESS
PY01308,BK01308,2026-07-23T15:54:00.000+05:30,DEBIT CARD,5600.0,SUCCESS
PY01309,BK01309,2026-08-18T10:54:00.000+05:30,NET BANKING,3500.0,SUCCESS
PY01310,BK01310,2026-07-23T01:40:00.000+05:30,WALLET,14800.0,SUCCESS
PY01311,BK01311,2026-07-06T08:25:00.000+05:30,WALLET,17500.0,SUCCESS
PY01312,BK01312,2026-05-31T03:07:00.000+05:30,DEBIT CARD,3500.0,SUCCESS
PY01313,BK01313,2026-06-07T01:54:00.000+05:30,CREDIT CARD,14800.0,SUCCESS
PY01314,BK01314,2026-06-15T00:49:00.000+05:30,WALLET,4200.0,REFUNDED
PY01315,BK01315,2026-07-28T22:24:00.000+05:30,NET BANKING,8900.0,SUCCESS
PY01316,BK01316,2026-05-05T07:14:00.000+05:30,DEBIT CARD,14800.0,SUCCESS
PY01317,BK01317,2026-06-04T10:39:00.000+05:30,DEBIT CARD,10500.0,SUCCESS
PY01318,BK01318,2026-08-05T02:47:00.000+05:30,NET BANKING,7200.0,SUCCESS
PY01319,BK01319,2026-06-25T21:43:00.000+05:30,DEBIT CARD,10500.0,FAILED
PY01320,BK01320,2026-05-05T20:05:00.000+05:30,WALLET,8900.0,REFUNDED
PY01321,BK01321,2026-04-09T21:09:00.000+05:30,WALLET,17500.0,SUCCESS
PY01322,BK01322,2026-05-06T03:08:00.000+05:30,DEBIT CARD,5600.0,SUCCESS
PY01323,BK01323,2026-08-12T10:00:00.000+05:30,UPI,4200.0,SUCCESS
PY01324,BK01324,2026-06-17T03:06:00.000+05:30,UPI,8900.0,SUCCESS
PY01325,BK01325,2026-07-23T09:41:00.000+05:30,WALLET,17500.0,SUCCESS
PY01326,BK01326,2026-08-13T23:08:00.000+05:30,WALLET,22000.0,SUCCESS
PY01327,BK01327,2026-06-15T03:03:00.000+05:30,WALLET,5600.0,FAILED
PY01328,BK01328,2026-07-18T06:56:00.000+05:30,UPI,7200.0,SUCCESS
PY01329,BK01329,2026-05-31T17:00:00.000+05:30,UPI,3500.0,SUCCESS
PY01330,BK01330,2026-07-21T09:12:00.000+05:30,UPI,10500.0,SUCCESS
PY01331,BK01331,2026-05-29T21:42:00.000+05:30,DEBIT CARD,5600.0,SUCCESS
PY01332,BK01332,2026-06-23T18:02:00.000+05:30,DEBIT CARD,7200.0,SUCCESS
PY01333,BK01333,2026-04-25T00:03:00.000+05:30,CREDIT CARD,4200.0,SUCCESS
PY01334,BK01334,2026-07-08T17:58:00.000+05:30,CREDIT CARD,17500.0,FAILED
PY01335,BK01335,2026-04-30T14:02:00.000+05:30,WALLET,4200.0,SUCCESS
PY01336,BK01336,2026-07-01T12:06:00.000+05:30,NET BANKING,8900.0,SUCCESS
PY01337,BK01337,2026-07-01T22:05:00.000+05:30,DEBIT CARD,5600.0,SUCCESS
PY01338,BK01338,2026-06-25T06:35:00.000+05:30,DEBIT CARD,8900.0,SUCCESS
PY01339,BK01339,2026-05-27T22:18:00.000+05:30,WALLET,17500.0,SUCCESS
PY01340,BK01340,2026-07-03T08:23:00.000+05:30,NET BANKING,8900.0,SUCCESS
PY01341,BK01341,2026-06-16T23:22:00.000+05:30,DEBIT CARD,10500.0,SUCCESS
PY01342,BK01342,2026-04-18T00:29:00.000+05:30,CREDIT CARD,7200.0,SUCCESS
PY01343,BK01343,2026-04-10T11:39:00.000+05:30,CREDIT CARD,17500.0,SUCCESS
PY01344,BK01344,2026-08-09T06:08:00.000+05:30,DEBIT CARD,10500.0,SUCCESS
PY01345,BK01345,2026-06-13T18:37:00.000+05:30,DEBIT CARD,12500.0,SUCCESS
PY01346,BK01346,2026-08-21T13:26:00.000+05:30,WALLET,17500.0,SUCCESS
PY01347,BK01347,2026-07-02T08:42:00.000+05:30,NET BANKING,8900.0,SUCCESS
PY01348,BK01348,2026-08-12T22:50:00.000+05:30,DEBIT CARD,3500.0,REFUNDED
PY01349,BK01349,2026-06-01T02:05:00.000+05:30,WALLET,17500.0,SUCCESS
PY01350,BK01350,2026-05-02T04:43:00.000+05:30,DEBIT CARD,17500.0,SUCCESS
PY01351,BK01351,2026-05-15T00:28:00.000+05:30,WALLET,10500.0,SUCCESS
PY01352,BK01352,2026-05-17T19:57:00.000+05:30,UPI,7200.0,SUCCESS
PY01353,BK01353,2026-06-07T18:13:00.000+05:30,CREDIT CARD,10500.0,REFUNDED
PY01354,BK01354,2026-06-25T23:44:00.000+05:30,WALLET,12500.0,SUCCESS
PY01355,BK01355,2026-04-26T21:57:00.000+05:30,NET BANKING,3500.0,SUCCESS
PY01356,BK01356,2026-05-08T15:49:00.000+05:30,DEBIT CARD,4200.0,SUCCESS
PY01357,BK01357,2026-07-26T09:38:00.000+05:30,WALLET,17500.0,SUCCESS
PY01358,BK01358,2026-07-07T00:24:00.000+05:30,CREDIT CARD,12500.0,FAILED
PY01359,BK01359,2026-04-17T13:28:00.000+05:30,NET BANKING,7200.0,SUCCESS
PY01360,BK01360,2026-07-27T21:21:00.000+05:30,UPI,7200.0,FAILED
PY01361,BK01361,2026-08-09T11:43:00.000+05:30,UPI,7200.0,SUCCESS
PY01362,BK01362,2026-06-06T01:48:00.000+05:30,CREDIT CARD,10500.0,SUCCESS
PY01363,BK01363,2026-06-30T18:24:00.000+05:30,NET BANKING,14800.0,SUCCESS
PY01364,BK01364,2026-08-06T03:42:00.000+05:30,WALLET,12500.0,SUCCESS
PY01365,BK01365,2026-07-04T19:36:00.000+05:30,UPI,17500.0,SUCCESS
PY01366,BK01366,2026-06-10T09:52:00.000+05:30,CREDIT CARD,5600.0,FAILED
PY01367,BK01367,2026-07-21T00:39:00.000+05:30,DEBIT CARD,8900.0,SUCCESS
PY01368,BK01368,2026-04-25T01:13:00.000+05:30,NET BANKING,8900.0,SUCCESS
PY01369,BK01369,2026-05-25T13:02:00.000+05:30,DEBIT CARD,17500.0,SUCCESS
PY01370,BK01370,2026-05-07T10:42:00.000+05:30,WALLET,3500.0,SUCCESS
PY01371,BK01371,2026-05-04T01:35:00.000+05:30,WALLET,22000.0,SUCCESS
PY01372,BK01372,2026-05-14T13:29:00.000+05:30,CREDIT CARD,8900.0,SUCCESS
PY01373,BK01373,2026-06-10T05:55:00.000+05:30,DEBIT CARD,7200.0,REFUNDED
PY01374,BK01374,2026-05-11T03:36:00.000+05:30,NET BANKING,22000.0,SUCCESS
PY01375,BK01375,2026-06-07T16:13:00.000+05:30,UPI,4200.0,FAILED
PY01376,BK01376,2026-05-27T20:45:00.000+05:30,DEBIT CARD,5600.0,SUCCESS
PY01377,BK01377,2026-07-30T07:52:00.000+05:30,DEBIT CARD,8900.0,SUCCESS
PY01378,BK01378,2026-06-25T22:06:00.000+05:30,UPI,5600.0,SUCCESS
PY01379,BK01379,2026-06-29T06:49:00.000+05:30,UPI,4200.0,SUCCESS
PY01380,BK01380,2026-05-04T01:45:00.000+05:30,WALLET,5600.0,SUCCESS
PY01381,BK01381,2026-05-06T00:56:00.000+05:30,NET BANKING,7200.0,SUCCESS
PY01382,BK01382,2026-05-04T16:00:00.000+05:30,DEBIT CARD,8900.0,SUCCESS
PY01383,BK01383,2026-08-02T08:22:00.000+05:30,WALLET,8900.0,SUCCESS
PY01384,BK01384,2026-06-20T02:13:00.000+05:30,DEBIT CARD,5600.0,SUCCESS
PY01385,BK01385,2026-07-07T20:42:00.000+05:30,CREDIT CARD,7200.0,SUCCESS
PY01386,BK01386,2026-05-02T03:06:00.000+05:30,UPI,22000.0,SUCCESS
PY01387,BK01387,2026-04-14T21:09:00.000+05:30,WALLET,10500.0,SUCCESS
PY01388,BK01388,2026-05-16T23:58:00.000+05:30,NET BANKING,22000.0,SUCCESS
PY01389,BK01389,2026-04-15T01:50:00.000+05:30,UPI,12500.0,SUCCESS
PY01390,BK01390,2026-05-08T01:07:00.000+05:30,DEBIT CARD,4200.0,REFUNDED
PY01391,BK01391,2026-05-10T10:40:00.000+05:30,CREDIT CARD,17500.0,SUCCESS
PY01392,BK01392,2026-08-15T16:49:00.000+05:30,CREDIT CARD,10500.0,SUCCESS
PY01393,BK01393,2026-05-07T13:38:00.000+05:30,CREDIT CARD,7200.0,SUCCESS
PY01394,BK01394,2026-07-25T04:44:00.000+05:30,NET BANKING,4200.0,SUCCESS
PY01395,BK01395,2026-07-01T08:49:00.000+05:30,NET BANKING,10500.0,SUCCESS
PY01396,BK01396,2026-06-03T17:27:00.000+05:30,UPI,3500.0,SUCCESS
PY01397,BK01397,2026-05-26T13:33:00.000+05:30,NET BANKING,5600.0,SUCCESS
PY01398,BK01398,2026-08-12T18:15:00.000+05:30,WALLET,14800.0,REFUNDED
PY01399,BK01399,2026-07-27T09:24:00.000+05:30,WALLET,17500.0,SUCCESS
PY01400,BK01400,2026-06-23T03:10:00.000+05:30,CREDIT CARD,5600.0,SUCCESS
PY01401,BK01401,2026-08-08T00:15:00.000+05:30,CREDIT CARD,10500.0,SUCCESS
PY01402,BK01402,2026-06-10T16:42:00.000+05:30,NET BANKING,8900.0,FAILED
PY01403,BK01403,2026-07-10T08:05:00.000+05:30,WALLET,17500.0,FAILED
PY01404,BK01404,2026-07-08T17:20:00.000+05:30,DEBIT CARD,5600.0,SUCCESS
PY01405,BK01405,2026-08-03T15:48:00.000+05:30,NET BANKING,17500.0,SUCCESS
PY01406,BK01406,2026-04-12T15:55:00.000+05:30,CREDIT CARD,12500.0,SUCCESS
PY01407,BK01407,2026-06-14T16:13:00.000+05:30,NET BANKING,17500.0,SUCCESS
PY01408,BK01408,2026-07-26T18:14:00.000+05:30,NET BANKING,5600.0,SUCCESS
PY01409,BK01409,2026-07-24T08:19:00.000+05:30,NET BANKING,7200.0,SUCCESS
PY01410,BK01410,2026-08-10T15:40:00.000+05:30,DEBIT CARD,4200.0,SUCCESS
PY01411,BK01411,2026-08-11T12:34:00.000+05:30,CREDIT CARD,5600.0,SUCCESS
PY01412,BK01412,2026-04-23T07:43:00.000+05:30,UPI,12500.0,SUCCESS
PY01413,BK01413,2026-05-01T17:18:00.000+05:30,UPI,17500.0,SUCCESS
PY01414,BK01414,2026-08-15T02:52:00.000+05:30,WALLET,14800.0,SUCCESS
PY01415,BK01415,2026-05-17T14:04:00.000+05:30,NET BANKING,17500.0,SUCCESS
PY01416,BK01416,2026-04-11T08:57:00.000+05:30,WALLET,17500.0,SUCCESS
PY01417,BK01417,2026-05-25T11:01:00.000+05:30,UPI,3500.0,SUCCESS
PY01418,BK01418,2026-07-12T02:19:00.000+05:30,WALLET,14800.0,SUCCESS
PY01419,BK01419,2026-07-26T06:03:00.000+05:30,UPI,7200.0,SUCCESS
PY01420,BK01420,2026-07-20T06:13:00.000+05:30,DEBIT CARD,3500.0,SUCCESS
PY01421,BK01421,2026-06-03T16:14:00.000+05:30,DEBIT CARD,14800.0,FAILED
PY01422,BK01422,2026-07-04T04:27:00.000+05:30,WALLET,12500.0,REFUNDED
PY01423,BK01423,2026-06-11T17:49:00.000+05:30,NET BANKING,8900.0,SUCCESS
PY01424,BK01424,2026-05-22T01:29:00.000+05:30,DEBIT CARD,3500.0,SUCCESS
PY01425,BK01425,2026-04-27T03:40:00.000+05:30,WALLET,4200.0,SUCCESS
PY01426,BK01426,2026-07-21T21:49:00.000+05:30,WALLET,12500.0,REFUNDED
PY01427,BK01427,2026-06-22T02:46:00.000+05:30,NET BANKING,22000.0,SUCCESS
PY01428,BK01428,2026-06-24T23:45:00.000+05:30,DEBIT CARD,14800.0,SUCCESS
PY01429,BK01429,2026-08-12T20:48:00.000+05:30,WALLET,3500.0,SUCCESS
PY01430,BK01430,2026-04-10T10:24:00.000+05:30,DEBIT CARD,12500.0,SUCCESS
PY01431,BK01431,2026-08-17T22:51:00.000+05:30,DEBIT CARD,7200.0,SUCCESS
PY01432,BK01432,2026-08-02T01:16:00.000+05:30,NET BANKING,14800.0,SUCCESS
PY01433,BK01433,2026-07-20T12:46:00.000+05:30,CREDIT CARD,10500.0,SUCCESS
PY01434,BK01434,2026-07-23T05:19:00.000+05:30,WALLET,22000.0,SUCCESS
PY01435,BK01435,2026-06-08T08:25:00.000+05:30,CREDIT CARD,10500.0,SUCCESS
PY01436,BK01436,2026-05-27T03:32:00.000+05:30,CREDIT CARD,5600.0,SUCCESS
PY01437,BK01437,2026-05-13T00:11:00.000+05:30,UPI,12500.0,SUCCESS
PY01438,BK01438,2026-07-23T00:06:00.000+05:30,NET BANKING,8900.0,SUCCESS
PY01439,BK01439,2026-04-27T04:04:00.000+05:30,DEBIT CARD,22000.0,SUCCESS
PY01440,BK01440,2026-04-29T12:56:00.000+05:30,NET BANKING,12500.0,SUCCESS
PY01441,BK01441,2026-07-21T07:57:00.000+05:30,DEBIT CARD,12500.0,SUCCESS
PY01442,BK01442,2026-07-04T17:42:00.000+05:30,DEBIT CARD,17500.0,SUCCESS
PY01443,BK01443,2026-05-31T08:24:00.000+05:30,NET BANKING,3500.0,SUCCESS
PY01444,BK01444,2026-08-01T03:58:00.000+05:30,NET BANKING,10500.0,SUCCESS
PY01445,BK01445,2026-05-31T01:36:00.000+05:30,WALLET,7200.0,SUCCESS
PY01446,BK01446,2026-04-26T08:50:00.000+05:30,NET BANKING,17500.0,SUCCESS
PY01447,BK01447,2026-05-28T22:59:00.000+05:30,NET BANKING,8900.0,SUCCESS
PY01448,BK01448,2026-06-19T21:21:00.000+05:30,CREDIT CARD,5600.0,SUCCESS
PY01449,BK01449,2026-07-16T21:05:00.000+05:30,NET BANKING,12500.0,SUCCESS
PY01450,BK01450,2026-05-09T23:55:00.000+05:30,CREDIT CARD,5600.0,SUCCESS
PY01451,BK01451,2026-07-21T05:20:00.000+05:30,WALLET,22000.0,SUCCESS
PY01452,BK01452,2026-07-30T02:43:00.000+05:30,WALLET,22000.0,SUCCESS
PY01453,BK01453,2026-05-14T05:01:00.000+05:30,UPI,10500.0,SUCCESS
PY01454,BK01454,2026-07-03T16:28:00.000+05:30,CREDIT CARD,22000.0,SUCCESS
PY01455,BK01455,2026-08-09T02:27:00.000+05:30,DEBIT CARD,10500.0,SUCCESS
PY01456,BK01456,2026-06-28T09:52:00.000+05:30,WALLET,12500.0,SUCCESS
PY01457,BK01457,2026-07-02T00:05:00.000+05:30,CREDIT CARD,22000.0,SUCCESS
PY01458,BK01458,2026-08-15T06:40:00.000+05:30,DEBIT CARD,14800.0,SUCCESS
PY01459,BK01459,2026-08-15T04:29:00.000+05:30,NET BANKING,14800.0,SUCCESS
PY01460,BK01460,2026-07-20T21:15:00.000+05:30,DEBIT CARD,3500.0,SUCCESS
PY01461,BK01461,2026-07-25T20:26:00.000+05:30,DEBIT CARD,8900.0,SUCCESS
PY01462,BK01462,2026-06-16T06:46:00.000+05:30,DEBIT CARD,7200.0,SUCCESS
PY01463,BK01463,2026-04-13T07:13:00.000+05:30,CREDIT CARD,7200.0,SUCCESS
PY01464,BK01464,2026-06-03T08:02:00.000+05:30,CREDIT CARD,12500.0,SUCCESS
PY01465,BK01465,2026-07-25T01:34:00.000+05:30,NET BANKING,22000.0,REFUNDED
PY01466,BK01466,2026-06-01T16:36:00.000+05:30,CREDIT CARD,4200.0,SUCCESS
PY01467,BK01467,2026-07-07T19:38:00.000+05:30,CREDIT CARD,14800.0,SUCCESS
PY01468,BK01468,2026-07-18T01:06:00.000+05:30,NET BANKING,10500.0,SUCCESS
PY01469,BK01469,2026-08-01T09:25:00.000+05:30,NET BANKING,17500.0,SUCCESS
PY01470,BK01470,2026-06-26T21:39:00.000+05:30,CREDIT CARD,12500.0,SUCCESS
PY01471,BK01471,2026-05-15T08:25:00.000+05:30,NET BANKING,3500.0,SUCCESS
PY01472,BK01472,2026-04-16T01:30:00.000+05:30,DEBIT CARD,7200.0,SUCCESS
PY01473,BK01473,2026-07-16T00:00:00.000+05:30,NET BANKING,10500.0,SUCCESS
PY01474,BK01474,2026-08-17T12:24:00.000+05:30,CREDIT CARD,17500.0,SUCCESS
PY01475,BK01475,2026-07-09T04:00:00.000+05:30,UPI,10500.0,SUCCESS
PY01476,BK01476,2026-05-20T03:51:00.000+05:30,CREDIT CARD,4200.0,SUCCESS
PY01477,BK01477,2026-07-24T22:45:00.000+05:30,NET BANKING,5600.0,SUCCESS
PY01478,BK01478,2026-05-30T21:19:00.000+05:30,WALLET,10500.0,FAILED
PY01479,BK01479,2026-06-29T00:04:00.000+05:30,DEBIT CARD,17500.0,SUCCESS
PY01480,BK01480,2026-07-03T06:47:00.000+05:30,DEBIT CARD,3500.0,FAILED
PY01481,BK01481,2026-06-16T08:05:00.000+05:30,UPI,17500.0,SUCCESS
PY01482,BK01482,2026-05-28T10:54:00.000+05:30,DEBIT CARD,12500.0,SUCCESS
PY01483,BK01483,2026-07-08T23:55:00.000+05:30,WALLET,10500.0,SUCCESS
PY01484,BK01484,2026-05-13T01:43:00.000+05:30,NET BANKING,10500.0,SUCCESS
PY01485,BK01485,2026-05-11T12:46:00.000+05:30,UPI,22000.0,SUCCESS
PY01486,BK01486,2026-06-30T06:10:00.000+05:30,UPI,8900.0,REFUNDED
PY01487,BK01487,2026-05-11T04:08:00.000+05:30,NET BANKING,4200.0,SUCCESS
PY01488,BK01488,2026-04-25T20:03:00.000+05:30,CREDIT CARD,5600.0,SUCCESS
PY01489,BK01489,2026-08-12T11:49:00.000+05:30,UPI,4200.0,SUCCESS
PY01490,BK01490,2026-05-06T08:56:00.000+05:30,UPI,4200.0,FAILED
PY01491,BK01491,2026-04-19T18:59:00.000+05:30,WALLET,22000.0,SUCCESS
PY01492,BK01492,2026-07-21T17:13:00.000+05:30,DEBIT CARD,22000.0,SUCCESS
PY01493,BK01493,2026-05-02T19:09:00.000+05:30,CREDIT CARD,14800.0,FAILED
PY01494,BK01494,2026-06-10T10:24:00.000+05:30,DEBIT CARD,10500.0,SUCCESS
PY01495,BK01495,2026-07-01T07:32:00.000+05:30,DEBIT CARD,14800.0,SUCCESS
PY01496,BK01496,2026-04-29T01:15:00.000+05:30,DEBIT CARD,8900.0,SUCCESS
PY01497,BK01497,2026-05-18T06:31:00.000+05:30,NET BANKING,14800.0,SUCCESS
PY01498,BK01498,2026-05-12T21:09:00.000+05:30,UPI,3500.0,SUCCESS
PY01499,BK01499,2026-06-13T06:42:00.000+05:30,DEBIT CARD,5600.0,SUCCESS
PY01500,BK01500,2026-07-12T00:11:00.000+05:30,WALLET,14800.0,FAILED
PY01501,BK01501,2026-05-23T19:40:00.000+05:30,DEBIT CARD,17500.0,SUCCESS
PY01502,BK01502,2026-07-08T23:21:00.000+05:30,DEBIT CARD,3500.0,SUCCESS
PY01503,BK01503,2026-05-14T07:02:00.000+05:30,UPI,8900.0,SUCCESS
PY01504,BK01504,2026-05-15T12:52:00.000+05:30,NET BANKING,22000.0,FAILED
PY01505,BK01505,2026-07-12T23:55:00.000+05:30,CREDIT CARD,12500.0,SUCCESS
PY01506,BK01506,2026-06-20T22:40:00.000+05:30,WALLET,5600.0,SUCCESS
PY01507,BK01507,2026-07-14T02:15:00.000+05:30,NET BANKING,12500.0,SUCCESS
PY01508,BK01508,2026-06-06T13:17:00.000+05:30,DEBIT CARD,7200.0,SUCCESS
PY01509,BK01509,2026-08-12T06:13:00.000+05:30,WALLET,8900.0,SUCCESS
PY01510,BK01510,2026-06-11T03:18:00.000+05:30,WALLET,3500.0,SUCCESS
PY01511,BK01511,2026-05-31T22:44:00.000+05:30,CREDIT CARD,5600.0,SUCCESS
PY01512,BK01512,2026-06-18T06:13:00.000+05:30,CREDIT CARD,12500.0,REFUNDED
PY01513,BK01513,2026-08-08T09:52:00.000+05:30,NET BANKING,3500.0,SUCCESS
PY01514,BK01514,2026-07-30T17:37:00.000+05:30,WALLET,7200.0,SUCCESS
PY01515,BK01515,2026-08-01T10:21:00.000+05:30,DEBIT CARD,3500.0,SUCCESS
PY01516,BK01516,2026-06-03T20:32:00.000+05:30,WALLET,8900.0,SUCCESS
PY01517,BK01517,2026-06-29T02:41:00.000+05:30,NET BANKING,12500.0,SUCCESS
PY01518,BK01518,2026-07-17T13:22:00.000+05:30,NET BANKING,7200.0,SUCCESS
PY01519,BK01519,2026-06-11T03:29:00.000+05:30,NET BANKING,17500.0,SUCCESS
PY01520,BK01520,2026-06-11T03:08:00.000+05:30,CREDIT CARD,5600.0,SUCCESS
PY01521,BK01521,2026-05-01T17:34:00.000+05:30,CREDIT CARD,5600.0,SUCCESS
PY01522,BK01522,2026-05-29T13:01:00.000+05:30,NET BANKING,3500.0,SUCCESS
PY01523,BK01523,2026-06-28T17:23:00.000+05:30,DEBIT CARD,14800.0,SUCCESS
PY01524,BK01524,2026-05-29T01:21:00.000+05:30,CREDIT CARD,22000.0,SUCCESS
PY01525,BK01525,2026-06-28T12:36:00.000+05:30,CREDIT CARD,4200.0,SUCCESS
PY01526,BK01526,2026-08-17T08:24:00.000+05:30,CREDIT CARD,17500.0,FAILED
PY01527,BK01527,2026-06-16T00:02:00.000+05:30,DEBIT CARD,14800.0,REFUNDED
PY01528,BK01528,2026-06-05T01:58:00.000+05:30,UPI,12500.0,SUCCESS
PY01529,BK01529,2026-04-18T08:31:00.000+05:30,UPI,5600.0,SUCCESS
PY01530,BK01530,2026-08-16T21:18:00.000+05:30,DEBIT CARD,14800.0,SUCCESS
PY01531,BK01531,2026-08-09T01:01:00.000+05:30,WALLET,10500.0,FAILED
PY01532,BK01532,2026-08-07T02:39:00.000+05:30,NET BANKING,4200.0,SUCCESS
PY01533,BK01533,2026-06-15T20:28:00.000+05:30,CREDIT CARD,7200.0,SUCCESS
PY01534,BK01534,2026-06-10T06:19:00.000+05:30,DEBIT CARD,22000.0,SUCCESS
PY01535,BK01535,2026-08-01T07:39:00.000+05:30,DEBIT CARD,5600.0,SUCCESS
PY01536,BK01536,2026-06-25T16:55:00.000+05:30,WALLET,8900.0,REFUNDED
PY01537,BK01537,2026-07-06T11:51:00.000+05:30,CREDIT CARD,4200.0,FAILED
PY01538,BK01538,2026-06-25T12:31:00.000+05:30,NET BANKING,14800.0,SUCCESS
PY01539,BK01539,2026-04-22T21:23:00.000+05:30,DEBIT CARD,22000.0,SUCCESS
PY01540,BK01540,2026-08-02T21:30:00.000+05:30,DEBIT CARD,14800.0,FAILED
PY01541,BK01541,2026-05-05T06:43:00.000+05:30,NET BANKING,5600.0,SUCCESS
PY01542,BK01542,2026-07-28T00:06:00.000+05:30,NET BANKING,22000.0,SUCCESS
PY01543,BK01543,2026-06-20T03:57:00.000+05:30,UPI,10500.0,FAILED
PY01544,BK01544,2026-08-11T03:33:00.000+05:30,WALLET,17500.0,SUCCESS
PY01545,BK01545,2026-04-19T05:36:00.000+05:30,CREDIT CARD,10500.0,FAILED
PY01546,BK01546,2026-06-05T05:23:00.000+05:30,UPI,4200.0,SUCCESS
PY01547,BK01547,2026-06-09T12:52:00.000+05:30,DEBIT CARD,4200.0,SUCCESS
PY01548,BK01548,2026-06-01T01:12:00.000+05:30,DEBIT CARD,3500.0,SUCCESS
PY01549,BK01549,2026-05-24T13:56:00.000+05:30,WALLET,17500.0,SUCCESS
PY01550,BK01550,2026-06-20T18:09:00.000+05:30,CREDIT CARD,10500.0,SUCCESS
PY01551,BK01551,2026-07-12T19:15:00.000+05:30,WALLET,8900.0,SUCCESS
PY01552,BK01552,2026-06-13T21:40:00.000+05:30,DEBIT CARD,22000.0,SUCCESS
PY01553,BK01553,2026-07-13T03:45:00.000+05:30,WALLET,17500.0,SUCCESS
PY01554,BK01554,2026-07-19T01:17:00.000+05:30,DEBIT CARD,5600.0,SUCCESS
PY01555,BK01555,2026-05-06T18:59:00.000+05:30,UPI,12500.0,SUCCESS
PY01556,BK01556,2026-06-14T05:38:00.000+05:30,UPI,22000.0,SUCCESS
PY01557,BK01557,2026-04-27T09:26:00.000+05:30,DEBIT CARD,10500.0,SUCCESS
PY01558,BK01558,2026-04-08T19:10:00.000+05:30,NET BANKING,7200.0,FAILED
PY01559,BK01559,2026-08-20T08:41:00.000+05:30,NET BANKING,12500.0,SUCCESS
PY01560,BK01560,2026-07-08T08:05:00.000+05:30,DEBIT CARD,22000.0,SUCCESS
PY01561,BK01561,2026-06-26T10:00:00.000+05:30,DEBIT CARD,4200.0,SUCCESS
PY01562,BK01562,2026-07-30T13:39:00.000+05:30,DEBIT CARD,5600.0,SUCCESS
PY01563,BK01563,2026-07-30T21:22:00.000+05:30,DEBIT CARD,22000.0,SUCCESS
PY01564,BK01564,2026-07-08T14:03:00.000+05:30,UPI,17500.0,SUCCESS
PY01565,BK01565,2026-04-29T00:12:00.000+05:30,CREDIT CARD,8900.0,SUCCESS
PY01566,BK01566,2026-07-31T01:35:00.000+05:30,WALLET,3500.0,SUCCESS
PY01567,BK01567,2026-06-17T15:25:00.000+05:30,NET BANKING,8900.0,SUCCESS
PY01568,BK01568,2026-07-04T19:28:00.000+05:30,WALLET,3500.0,SUCCESS
PY01569,BK01569,2026-06-15T13:53:00.000+05:30,DEBIT CARD,22000.0,SUCCESS
PY01570,BK01570,2026-06-30T22:21:00.000+05:30,WALLET,8900.0,SUCCESS
PY01571,BK01571,2026-06-27T22:19:00.000+05:30,CREDIT CARD,22000.0,SUCCESS
PY01572,BK01572,2026-05-14T09:20:00.000+05:30,NET BANKING,17500.0,REFUNDED
PY01573,BK01573,2026-08-10T16:27:00.000+05:30,CREDIT CARD,10500.0,SUCCESS
PY01574,BK01574,2026-04-22T18:52:00.000+05:30,DEBIT CARD,4200.0,FAILED
PY01575,BK01575,2026-08-12T02:45:00.000+05:30,WALLET,5600.0,SUCCESS
PY01576,BK01576,2026-08-04T14:54:00.000+05:30,UPI,4200.0,SUCCESS
PY01577,BK01577,2026-06-15T14:21:00.000+05:30,NET BANKING,12500.0,SUCCESS
PY01578,BK01578,2026-06-28T13:22:00.000+05:30,NET BANKING,22000.0,SUCCESS
PY01579,BK01579,2026-07-13T04:40:00.000+05:30,CREDIT CARD,4200.0,SUCCESS
PY01580,BK01580,2026-07-25T19:54:00.000+05:30,NET BANKING,22000.0,SUCCESS
PY01581,BK01581,2026-08-16T01:03:00.000+05:30,WALLET,17500.0,SUCCESS
PY01582,BK01582,2026-08-05T15:15:00.000+05:30,WALLET,3500.0,SUCCESS
PY01583,BK01583,2026-06-19T18:19:00.000+05:30,CREDIT CARD,5600.0,SUCCESS
PY01584,BK01584,2026-08-04T02:03:00.000+05:30,WALLET,7200.0,SUCCESS
PY01585,BK01585,2026-07-16T10:51:00.000+05:30,DEBIT CARD,12500.0,SUCCESS
PY01586,BK01586,2026-07-11T09:47:00.000+05:30,CREDIT CARD,8900.0,SUCCESS
PY01587,BK01587,2026-06-30T08:36:00.000+05:30,CREDIT CARD,22000.0,SUCCESS
PY01588,BK01588,2026-06-23T18:53:00.000+05:30,CREDIT CARD,3500.0,SUCCESS
PY01589,BK01589,2026-06-19T02:19:00.000+05:30,DEBIT CARD,14800.0,SUCCESS
PY01590,BK01590,2026-06-10T09:22:00.000+05:30,CREDIT CARD,8900.0,FAILED
PY01591,BK01591,2026-05-03T13:45:00.000+05:30,DEBIT CARD,3500.0,FAILED
PY01592,BK01592,2026-05-20T10:50:00.000+05:30,CREDIT CARD,7200.0,SUCCESS
PY01593,BK01593,2026-07-30T21:39:00.000+05:30,WALLET,4200.0,SUCCESS
PY01594,BK01594,2026-06-26T21:43:00.000+05:30,CREDIT CARD,8900.0,SUCCESS
PY01595,BK01595,2026-07-01T15:00:00.000+05:30,UPI,7200.0,SUCCESS
PY01596,BK01596,2026-06-17T23:06:00.000+05:30,UPI,22000.0,SUCCESS
PY01597,BK01597,2026-05-01T13:28:00.000+05:30,WALLET,12500.0,SUCCESS
PY01598,BK01598,2026-05-18T09:49:00.000+05:30,WALLET,8900.0,REFUNDED
PY01599,BK01599,2026-07-19T20:23:00.000+05:30,NET BANKING,22000.0,SUCCESS
PY01600,BK01600,2026-08-06T22:03:00.000+05:30,WALLET,5600.0,SUCCESS
PY01601,BK01601,2026-04-18T02:47:00.000+05:30,UPI,12500.0,SUCCESS
PY01602,BK01602,2026-05-21T20:47:00.000+05:30,NET BANKING,14800.0,REFUNDED
PY01603,BK01603,2026-07-06T02:33:00.000+05:30,UPI,22000.0,SUCCESS
PY01604,BK01604,2026-04-18T03:41:00.000+05:30,WALLET,14800.0,SUCCESS
PY01605,BK01605,2026-06-20T18:06:00.000+05:30,NET BANKING,14800.0,SUCCESS
PY01606,BK01606,2026-06-11T05:58:00.000+05:30,NET BANKING,5600.0,SUCCESS
PY01607,BK01607,2026-05-04T20:33:00.000+05:30,DEBIT CARD,10500.0,SUCCESS
PY01608,BK01608,2026-08-19T00:27:00.000+05:30,DEBIT CARD,8900.0,SUCCESS
PY01609,BK01609,2026-05-15T05:51:00.000+05:30,CREDIT CARD,10500.0,SUCCESS
PY01610,BK01610,2026-07-01T01:23:00.000+05:30,NET BANKING,3500.0,SUCCESS
PY01611,BK01611,2026-06-29T04:35:00.000+05:30,NET BANKING,14800.0,SUCCESS
PY01612,BK01612,2026-06-27T09:15:00.000+05:30,WALLET,22000.0,SUCCESS
PY01613,BK01613,2026-08-06T03:05:00.000+05:30,WALLET,5600.0,SUCCESS
PY01614,BK01614,2026-05-18T06:54:00.000+05:30,CREDIT CARD,7200.0,SUCCESS
PY01615,BK01615,2026-05-18T09:02:00.000+05:30,UPI,3500.0,SUCCESS
PY01616,BK01616,2026-05-24T04:28:00.000+05:30,WALLET,8900.0,FAILED
PY01617,BK01617,2026-07-11T18:28:00.000+05:30,UPI,5600.0,SUCCESS
PY01618,BK01618,2026-07-23T05:29:00.000+05:30,UPI,12500.0,SUCCESS
PY01619,BK01619,2026-07-31T23:55:00.000+05:30,WALLET,8900.0,SUCCESS
PY01620,BK01620,2026-07-29T12:24:00.000+05:30,DEBIT CARD,12500.0,SUCCESS
PY01621,BK01621,2026-07-30T14:07:00.000+05:30,NET BANKING,12500.0,SUCCESS
PY01622,BK01622,2026-05-10T23:18:00.000+05:30,NET BANKING,3500.0,SUCCESS
PY01623,BK01623,2026-05-19T08:59:00.000+05:30,WALLET,8900.0,SUCCESS
PY01624,BK01624,2026-05-11T04:03:00.000+05:30,DEBIT CARD,10500.0,SUCCESS
PY01625,BK01625,2026-04-22T12:02:00.000+05:30,DEBIT CARD,8900.0,SUCCESS
PY01626,BK01626,2026-05-05T04:23:00.000+05:30,DEBIT CARD,7200.0,REFUNDED
PY01627,BK01627,2026-06-27T11:07:00.000+05:30,DEBIT CARD,5600.0,SUCCESS
PY01628,BK01628,2026-06-14T13:19:00.000+05:30,CREDIT CARD,8900.0,SUCCESS
PY01629,BK01629,2026-08-21T18:48:00.000+05:30,WALLET,7200.0,FAILED
PY01630,BK01630,2026-06-01T12:55:00.000+05:30,UPI,17500.0,SUCCESS
PY01631,BK01631,2026-05-08T01:55:00.000+05:30,WALLET,10500.0,SUCCESS
PY01632,BK01632,2026-04-18T18:04:00.000+05:30,DEBIT CARD,5600.0,SUCCESS
PY01633,BK01633,2026-08-15T03:27:00.000+05:30,UPI,4200.0,SUCCESS
PY01634,BK01634,2026-04-15T13:45:00.000+05:30,UPI,4200.0,SUCCESS
PY01635,BK01635,2026-08-09T08:15:00.000+05:30,NET BANKING,5600.0,SUCCESS
PY01636,BK01636,2026-07-24T21:24:00.000+05:30,NET BANKING,10500.0,SUCCESS
PY01637,BK01637,2026-05-15T00:21:00.000+05:30,CREDIT CARD,7200.0,FAILED
PY01638,BK01638,2026-08-17T05:32:00.000+05:30,NET BANKING,22000.0,SUCCESS
PY01639,BK01639,2026-06-10T08:34:00.000+05:30,WALLET,8900.0,SUCCESS
PY01640,BK01640,2026-06-06T02:49:00.000+05:30,UPI,12500.0,SUCCESS
PY01641,BK01641,2026-06-09T07:10:00.000+05:30,CREDIT CARD,5600.0,REFUNDED
PY01642,BK01642,2026-07-29T05:09:00.000+05:30,DEBIT CARD,5600.0,REFUNDED
PY01643,BK01643,2026-06-05T00:30:00.000+05:30,DEBIT CARD,3500.0,SUCCESS
PY01644,BK01644,2026-07-19T20:41:00.000+05:30,DEBIT CARD,4200.0,SUCCESS
PY01645,BK01645,2026-06-15T19:23:00.000+05:30,DEBIT CARD,17500.0,SUCCESS
PY01646,BK01646,2026-05-14T08:53:00.000+05:30,NET BANKING,5600.0,SUCCESS
PY01647,BK01647,2026-06-10T21:42:00.000+05:30,WALLET,3500.0,SUCCESS
PY01648,BK01648,2026-06-22T00:47:00.000+05:30,WALLET,14800.0,REFUNDED
PY01649,BK01649,2026-06-19T17:17:00.000+05:30,DEBIT CARD,10500.0,SUCCESS
PY01650,BK01650,2026-05-07T13:51:00.000+05:30,DEBIT CARD,14800.0,SUCCESS
PY01651,BK01651,2026-07-29T08:46:00.000+05:30,NET BANKING,14800.0,SUCCESS
PY01652,BK01652,2026-05-14T12:35:00.000+05:30,NET BANKING,12500.0,SUCCESS
PY01653,BK01653,2026-08-15T03:29:00.000+05:30,NET BANKING,12500.0,SUCCESS
PY01654,BK01654,2026-07-30T23:59:00.000+05:30,NET BANKING,8900.0,SUCCESS
PY01655,BK01655,2026-06-03T05:37:00.000+05:30,CREDIT CARD,7200.0,SUCCESS
PY01656,BK01656,2026-07-07T05:33:00.000+05:30,DEBIT CARD,14800.0,SUCCESS
PY01657,BK01657,2026-08-26T18:06:00.000+05:30,NET BANKING,17500.0,SUCCESS
PY01658,BK01658,2026-06-18T04:05:00.000+05:30,NET BANKING,5600.0,FAILED
PY01659,BK01659,2026-07-12T21:50:00.000+05:30,WALLET,4200.0,SUCCESS
PY01660,BK01660,2026-06-22T10:04:00.000+05:30,DEBIT CARD,8900.0,SUCCESS
PY01661,BK01661,2026-06-07T19:25:00.000+05:30,CREDIT CARD,22000.0,SUCCESS
PY01662,BK01662,2026-08-03T10:07:00.000+05:30,NET BANKING,12500.0,SUCCESS
PY01663,BK01663,2026-06-30T07:02:00.000+05:30,DEBIT CARD,7200.0,SUCCESS
PY01664,BK01664,2026-05-20T03:28:00.000+05:30,DEBIT CARD,10500.0,SUCCESS
PY01665,BK01665,2026-08-04T12:58:00.000+05:30,CREDIT CARD,10500.0,SUCCESS
PY01666,BK01666,2026-05-23T13:29:00.000+05:30,WALLET,10500.0,SUCCESS
PY01667,BK01667,2026-06-19T14:24:00.000+05:30,DEBIT CARD,3500.0,SUCCESS
PY01668,BK01668,2026-05-26T05:22:00.000+05:30,CREDIT CARD,8900.0,REFUNDED
PY01669,BK01669,2026-05-13T03:24:00.000+05:30,NET BANKING,14800.0,SUCCESS
PY01670,BK01670,2026-06-16T03:45:00.000+05:30,UPI,17500.0,SUCCESS
PY01671,BK01671,2026-05-15T03:25:00.000+05:30,UPI,8900.0,SUCCESS
PY01672,BK01672,2026-08-14T10:51:00.000+05:30,CREDIT CARD,5600.0,SUCCESS
PY01673,BK01673,2026-08-15T07:36:00.000+05:30,UPI,12500.0,SUCCESS
PY01674,BK01674,2026-06-01T13:01:00.000+05:30,CREDIT CARD,10500.0,SUCCESS
PY01675,BK01675,2026-05-30T11:37:00.000+05:30,CREDIT CARD,12500.0,SUCCESS
PY01676,BK01676,2026-08-02T02:38:00.000+05:30,CREDIT CARD,4200.0,SUCCESS
PY01677,BK01677,2026-05-28T20:27:00.000+05:30,NET BANKING,4200.0,SUCCESS
PY01678,BK01678,2026-06-11T00:06:00.000+05:30,NET BANKING,5600.0,SUCCESS
PY01679,BK01679,2026-05-31T04:12:00.000+05:30,DEBIT CARD,14800.0,SUCCESS
PY01680,BK01680,2026-04-29T21:40:00.000+05:30,WALLET,14800.0,SUCCESS
PY01681,BK01681,2026-06-01T13:37:00.000+05:30,DEBIT CARD,10500.0,SUCCESS
PY01682,BK01682,2026-04-15T03:15:00.000+05:30,WALLET,22000.0,SUCCESS
PY01683,BK01683,2026-07-26T03:07:00.000+05:30,DEBIT CARD,5600.0,SUCCESS
PY01684,BK01684,2026-04-28T19:36:00.000+05:30,WALLET,17500.0,SUCCESS
PY01685,BK01685,2026-08-05T01:48:00.000+05:30,DEBIT CARD,14800.0,REFUNDED
PY01686,BK01686,2026-06-18T02:42:00.000+05:30,UPI,4200.0,REFUNDED
PY01687,BK01687,2026-07-02T14:59:00.000+05:30,NET BANKING,7200.0,SUCCESS
PY01688,BK01688,2026-06-15T10:12:00.000+05:30,UPI,5600.0,SUCCESS
PY01689,BK01689,2026-08-10T23:49:00.000+05:30,UPI,3500.0,SUCCESS
PY01690,BK01690,2026-06-25T02:11:00.000+05:30,CREDIT CARD,7200.0,SUCCESS
PY01691,BK01691,2026-04-24T05:41:00.000+05:30,DEBIT CARD,8900.0,SUCCESS
PY01692,BK01692,2026-05-23T20:33:00.000+05:30,WALLET,10500.0,SUCCESS
PY01693,BK01693,2026-07-12T10:32:00.000+05:30,CREDIT CARD,8900.0,SUCCESS
PY01694,BK01694,2026-06-02T05:11:00.000+05:30,WALLET,5600.0,SUCCESS
PY01695,BK01695,2026-05-08T00:23:00.000+05:30,NET BANKING,17500.0,SUCCESS
PY01696,BK01696,2026-07-31T04:40:00.000+05:30,NET BANKING,4200.0,SUCCESS
PY01697,BK01697,2026-06-23T02:34:00.000+05:30,DEBIT CARD,22000.0,SUCCESS
PY01698,BK01698,2026-06-21T00:26:00.000+05:30,CREDIT CARD,3500.0,SUCCESS
PY01699,BK01699,2026-07-04T03:32:00.000+05:30,NET BANKING,7200.0,SUCCESS
PY01700,BK01700,2026-04-24T00:42:00.000+05:30,DEBIT CARD,12500.0,SUCCESS
PY01701,BK01701,2026-04-23T21:06:00.000+05:30,NET BANKING,12500.0,SUCCESS
PY01702,BK01702,2026-07-30T03:50:00.000+05:30,CREDIT CARD,4200.0,SUCCESS
PY01703,BK01703,2026-06-11T01:18:00.000+05:30,WALLET,22000.0,SUCCESS
PY01704,BK01704,2026-07-01T21:47:00.000+05:30,DEBIT CARD,10500.0,SUCCESS
PY01705,BK01705,2026-07-09T07:49:00.000+05:30,CREDIT CARD,4200.0,SUCCESS
PY01706,BK01706,2026-06-12T19:30:00.000+05:30,NET BANKING,10500.0,SUCCESS
PY01707,BK01707,2026-04-29T22:39:00.000+05:30,UPI,5600.0,SUCCESS
PY01708,BK01708,2026-07-29T03:03:00.000+05:30,WALLET,17500.0,SUCCESS
PY01709,BK01709,2026-08-06T07:48:00.000+05:30,WALLET,3500.0,SUCCESS
PY01710,BK01710,2026-07-09T17:22:00.000+05:30,DEBIT CARD,8900.0,SUCCESS
PY01711,BK01711,2026-07-08T09:34:00.000+05:30,DEBIT CARD,12500.0,SUCCESS
PY01712,BK01712,2026-06-30T10:19:00.000+05:30,UPI,12500.0,REFUNDED
PY01713,BK01713,2026-04-12T14:11:00.000+05:30,DEBIT CARD,17500.0,SUCCESS
PY01714,BK01714,2026-06-10T23:13:00.000+05:30,NET BANKING,22000.0,SUCCESS
PY01715,BK01715,2026-07-18T15:46:00.000+05:30,CREDIT CARD,8900.0,SUCCESS
PY01716,BK01716,2026-06-28T13:40:00.000+05:30,DEBIT CARD,12500.0,SUCCESS
PY01717,BK01717,2026-06-12T07:04:00.000+05:30,DEBIT CARD,7200.0,SUCCESS
PY01718,BK01718,2026-07-17T15:01:00.000+05:30,UPI,7200.0,FAILED
PY01719,BK01719,2026-06-28T03:52:00.000+05:30,NET BANKING,8900.0,SUCCESS
PY01720,BK01720,2026-08-14T20:46:00.000+05:30,UPI,14800.0,SUCCESS
PY01721,BK01721,2026-07-13T17:30:00.000+05:30,NET BANKING,4200.0,SUCCESS
PY01722,BK01722,2026-07-24T21:31:00.000+05:30,NET BANKING,8900.0,SUCCESS
PY01723,BK01723,2026-06-15T16:33:00.000+05:30,UPI,3500.0,SUCCESS
PY01724,BK01724,2026-06-02T15:10:00.000+05:30,WALLET,4200.0,REFUNDED
PY01725,BK01725,2026-06-27T21:44:00.000+05:30,UPI,7200.0,SUCCESS
PY01726,BK01726,2026-06-30T00:28:00.000+05:30,WALLET,22000.0,SUCCESS
PY01727,BK01727,2026-04-30T12:35:00.000+05:30,DEBIT CARD,5600.0,REFUNDED
PY01728,BK01728,2026-08-20T22:33:00.000+05:30,WALLET,14800.0,SUCCESS
PY01729,BK01729,2026-08-05T14:15:00.000+05:30,NET BANKING,4200.0,SUCCESS
PY01730,BK01730,2026-06-25T23:18:00.000+05:30,WALLET,8900.0,SUCCESS
PY01731,BK01731,2026-08-10T21:16:00.000+05:30,UPI,14800.0,SUCCESS
PY01732,BK01732,2026-06-23T06:34:00.000+05:30,NET BANKING,14800.0,SUCCESS
PY01733,BK01733,2026-07-25T05:29:00.000+05:30,DEBIT CARD,10500.0,SUCCESS
PY01734,BK01734,2026-06-20T22:35:00.000+05:30,CREDIT CARD,4200.0,SUCCESS
PY01735,BK01735,2026-07-11T18:46:00.000+05:30,NET BANKING,8900.0,SUCCESS
PY01736,BK01736,2026-06-27T21:21:00.000+05:30,WALLET,22000.0,SUCCESS
PY01737,BK01737,2026-07-28T11:57:00.000+05:30,CREDIT CARD,3500.0,FAILED
PY01738,BK01738,2026-06-26T01:53:00.000+05:30,DEBIT CARD,5600.0,SUCCESS
PY01739,BK01739,2026-05-09T08:42:00.000+05:30,UPI,17500.0,SUCCESS
PY01740,BK01740,2026-06-18T09:19:00.000+05:30,CREDIT CARD,8900.0,SUCCESS
PY01741,BK01741,2026-07-18T08:45:00.000+05:30,DEBIT CARD,5600.0,SUCCESS
PY01742,BK01742,2026-06-13T08:17:00.000+05:30,CREDIT CARD,12500.0,FAILED
PY01743,BK01743,2026-08-08T04:10:00.000+05:30,UPI,7200.0,SUCCESS
PY01744,BK01744,2026-07-09T16:58:00.000+05:30,UPI,7200.0,SUCCESS
PY01745,BK01745,2026-07-26T01:26:00.000+05:30,UPI,22000.0,SUCCESS
PY01746,BK01746,2026-05-10T07:44:00.000+05:30,NET BANKING,14800.0,SUCCESS
PY01747,BK01747,2026-07-01T12:34:00.000+05:30,CREDIT CARD,4200.0,SUCCESS
PY01748,BK01748,2026-07-29T02:05:00.000+05:30,NET BANKING,22000.0,SUCCESS
PY01749,BK01749,2026-06-04T04:33:00.000+05:30,DEBIT CARD,3500.0,SUCCESS
PY01750,BK01750,2026-05-15T00:28:00.000+05:30,WALLET,4200.0,SUCCESS
PY01751,BK01751,2026-07-23T06:52:00.000+05:30,UPI,22000.0,SUCCESS
PY01752,BK01752,2026-06-15T07:56:00.000+05:30,WALLET,3500.0,SUCCESS
PY01753,BK01753,2026-06-03T01:53:00.000+05:30,CREDIT CARD,17500.0,SUCCESS
PY01754,BK01754,2026-06-28T06:44:00.000+05:30,DEBIT CARD,17500.0,SUCCESS
PY01755,BK01755,2026-06-04T23:41:00.000+05:30,CREDIT CARD,7200.0,FAILED
PY01756,BK01756,2026-07-25T11:47:00.000+05:30,NET BANKING,8900.0,SUCCESS
PY01757,BK01757,2026-07-19T13:20:00.000+05:30,UPI,8900.0,SUCCESS
PY01758,BK01758,2026-05-30T01:49:00.000+05:30,NET BANKING,4200.0,SUCCESS
PY01759,BK01759,2026-04-30T08:04:00.000+05:30,NET BANKING,3500.0,SUCCESS
PY01760,BK01760,2026-08-23T16:05:00.000+05:30,DEBIT CARD,5600.0,SUCCESS
PY01761,BK01761,2026-06-18T10:03:00.000+05:30,WALLET,8900.0,SUCCESS
PY01762,BK01762,2026-05-24T02:56:00.000+05:30,UPI,22000.0,REFUNDED
PY01763,BK01763,2026-06-21T17:58:00.000+05:30,NET BANKING,17500.0,SUCCESS
PY01764,BK01764,2026-06-05T00:29:00.000+05:30,CREDIT CARD,10500.0,SUCCESS
PY01765,BK01765,2026-08-04T18:45:00.000+05:30,DEBIT CARD,12500.0,REFUNDED
PY01766,BK01766,2026-06-16T00:43:00.000+05:30,WALLET,12500.0,SUCCESS
PY01767,BK01767,2026-07-24T09:29:00.000+05:30,WALLET,5600.0,SUCCESS
PY01768,BK01768,2026-06-23T16:47:00.000+05:30,NET BANKING,8900.0,SUCCESS
PY01769,BK01769,2026-05-09T07:59:00.000+05:30,CREDIT CARD,10500.0,SUCCESS
PY01770,BK01770,2026-08-10T00:13:00.000+05:30,CREDIT CARD,10500.0,SUCCESS
PY01771,BK01771,2026-07-11T09:59:00.000+05:30,NET BANKING,4200.0,SUCCESS
PY01772,BK01772,2026-05-09T02:52:00.000+05:30,NET BANKING,3500.0,SUCCESS
PY01773,BK01773,2026-05-17T07:17:00.000+05:30,CREDIT CARD,3500.0,SUCCESS
PY01774,BK01774,2026-08-22T13:20:00.000+05:30,CREDIT CARD,4200.0,SUCCESS
PY01775,BK01775,2026-05-05T21:20:00.000+05:30,UPI,4200.0,SUCCESS
PY01776,BK01776,2026-05-24T20:59:00.000+05:30,UPI,17500.0,SUCCESS
PY01777,BK01777,2026-05-21T08:45:00.000+05:30,CREDIT CARD,4200.0,SUCCESS
PY01778,BK01778,2026-07-28T13:52:00.000+05:30,DEBIT CARD,3500.0,SUCCESS
PY01779,BK01779,2026-07-12T00:24:00.000+05:30,NET BANKING,17500.0,SUCCESS
PY01780,BK01780,2026-07-03T00:43:00.000+05:30,UPI,17500.0,SUCCESS
PY01781,BK01781,2026-05-13T03:57:00.000+05:30,NET BANKING,4200.0,SUCCESS
PY01782,BK01782,2026-07-16T07:48:00.000+05:30,CREDIT CARD,4200.0,SUCCESS
PY01783,BK01783,2026-08-09T21:50:00.000+05:30,NET BANKING,8900.0,SUCCESS
PY01784,BK01784,2026-07-28T03:03:00.000+05:30,WALLET,14800.0,SUCCESS
PY01785,BK01785,2026-07-12T05:12:00.000+05:30,WALLET,8900.0,SUCCESS
PY01786,BK01786,2026-04-22T07:07:00.000+05:30,NET BANKING,5600.0,SUCCESS
PY01787,BK01787,2026-07-04T11:51:00.000+05:30,UPI,22000.0,SUCCESS
PY01788,BK01788,2026-06-17T18:24:00.000+05:30,WALLET,7200.0,SUCCESS
PY01789,BK01789,2026-06-26T01:59:00.000+05:30,WALLET,22000.0,SUCCESS
PY01790,BK01790,2026-04-27T13:39:00.000+05:30,NET BANKING,3500.0,SUCCESS
PY01791,BK01791,2026-06-29T06:16:00.000+05:30,WALLET,17500.0,SUCCESS
PY01792,BK01792,2026-07-12T23:46:00.000+05:30,DEBIT CARD,10500.0,SUCCESS
PY01793,BK01793,2026-06-22T13:42:00.000+05:30,DEBIT CARD,22000.0,SUCCESS
PY01794,BK01794,2026-05-02T07:09:00.000+05:30,CREDIT CARD,22000.0,SUCCESS
PY01795,BK01795,2026-07-29T02:16:00.000+05:30,WALLET,8900.0,SUCCESS
PY01796,BK01796,2026-07-06T17:56:00.000+05:30,WALLET,3500.0,SUCCESS
PY01797,BK01797,2026-06-19T00:20:00.000+05:30,DEBIT CARD,10500.0,SUCCESS
PY01798,BK01798,2026-07-21T05:46:00.000+05:30,UPI,17500.0,SUCCESS
PY01799,BK01799,2026-05-19T22:45:00.000+05:30,UPI,14800.0,SUCCESS
PY01800,BK01800,2026-07-16T15:57:00.000+05:30,CREDIT CARD,5600.0,SUCCESS
PY01801,BK01801,2026-04-27T23:08:00.000+05:30,DEBIT CARD,7200.0,SUCCESS
PY01802,BK01802,2026-05-11T01:47:00.000+05:30,UPI,12500.0,SUCCESS
PY01803,BK01803,2026-08-06T06:50:00.000+05:30,NET BANKING,22000.0,SUCCESS
PY01804,BK01804,2026-08-12T16:22:00.000+05:30,DEBIT CARD,3500.0,SUCCESS
PY01805,BK01805,2026-05-14T15:28:00.000+05:30,CREDIT CARD,5600.0,SUCCESS
PY01806,BK01806,2026-07-30T18:58:00.000+05:30,DEBIT CARD,22000.0,SUCCESS
PY01807,BK01807,2026-07-17T03:39:00.000+05:30,NET BANKING,17500.0,SUCCESS
PY01808,BK01808,2026-08-08T16:22:00.000+05:30,UPI,17500.0,SUCCESS
PY01809,BK01809,2026-08-07T06:44:00.000+05:30,UPI,17500.0,SUCCESS
PY01810,BK01810,2026-05-23T20:11:00.000+05:30,DEBIT CARD,4200.0,SUCCESS
PY01811,BK01811,2026-07-19T13:08:00.000+05:30,NET BANKING,17500.0,SUCCESS
PY01812,BK01812,2026-07-25T09:28:00.000+05:30,NET BANKING,3500.0,SUCCESS
PY01813,BK01813,2026-08-07T05:24:00.000+05:30,DEBIT CARD,7200.0,SUCCESS
PY01814,BK01814,2026-04-29T23:10:00.000+05:30,WALLET,4200.0,SUCCESS
PY01815,BK01815,2026-07-30T22:04:00.000+05:30,WALLET,17500.0,SUCCESS
PY01816,BK01816,2026-07-05T04:38:00.000+05:30,CREDIT CARD,7200.0,SUCCESS
PY01817,BK01817,2026-05-15T01:15:00.000+05:30,WALLET,14800.0,SUCCESS
PY01818,BK01818,2026-06-22T04:16:00.000+05:30,WALLET,22000.0,SUCCESS
PY01819,BK01819,2026-07-25T13:22:00.000+05:30,WALLET,10500.0,SUCCESS
PY01820,BK01820,2026-06-03T16:49:00.000+05:30,DEBIT CARD,4200.0,REFUNDED
PY01821,BK01821,2026-06-09T00:07:00.000+05:30,CREDIT CARD,14800.0,SUCCESS
PY01822,BK01822,2026-05-13T20:50:00.000+05:30,CREDIT CARD,7200.0,SUCCESS
PY01823,BK01823,2026-04-30T21:38:00.000+05:30,UPI,8900.0,SUCCESS
PY01824,BK01824,2026-07-15T06:13:00.000+05:30,DEBIT CARD,7200.0,SUCCESS
PY01825,BK01825,2026-07-06T18:04:00.000+05:30,CREDIT CARD,4200.0,SUCCESS
PY01826,BK01826,2026-07-19T12:40:00.000+05:30,CREDIT CARD,7200.0,SUCCESS
PY01827,BK01827,2026-05-27T20:00:00.000+05:30,CREDIT CARD,22000.0,REFUNDED
PY01828,BK01828,2026-04-16T21:14:00.000+05:30,CREDIT CARD,12500.0,SUCCESS
PY01829,BK01829,2026-07-01T08:58:00.000+05:30,WALLET,3500.0,SUCCESS
PY01830,BK01830,2026-08-22T01:52:00.000+05:30,DEBIT CARD,10500.0,SUCCESS
PY01831,BK01831,2026-05-06T11:22:00.000+05:30,UPI,22000.0,SUCCESS
PY01832,BK01832,2026-05-23T02:57:00.000+05:30,UPI,8900.0,SUCCESS
PY01833,BK01833,2026-07-17T21:50:00.000+05:30,DEBIT CARD,10500.0,SUCCESS
PY01834,BK01834,2026-07-24T02:15:00.000+05:30,NET BANKING,4200.0,SUCCESS
PY01835,BK01835,2026-05-18T00:25:00.000+05:30,DEBIT CARD,7200.0,SUCCESS
PY01836,BK01836,2026-05-11T11:38:00.000+05:30,UPI,4200.0,FAILED
PY01837,BK01837,2026-06-24T21:09:00.000+05:30,DEBIT CARD,17500.0,SUCCESS
PY01838,BK01838,2026-06-14T10:59:00.000+05:30,UPI,8900.0,SUCCESS
PY01839,BK01839,2026-06-06T12:57:00.000+05:30,WALLET,17500.0,SUCCESS
PY01840,BK01840,2026-08-14T20:28:00.000+05:30,CREDIT CARD,14800.0,SUCCESS
PY01841,BK01841,2026-08-04T18:52:00.000+05:30,UPI,5600.0,SUCCESS
PY01842,BK01842,2026-05-18T11:22:00.000+05:30,CREDIT CARD,5600.0,SUCCESS
PY01843,BK01843,2026-08-11T13:55:00.000+05:30,WALLET,14800.0,SUCCESS
PY01844,BK01844,2026-06-21T21:55:00.000+05:30,NET BANKING,5600.0,SUCCESS
PY01845,BK01845,2026-06-21T02:00:00.000+05:30,DEBIT CARD,22000.0,SUCCESS
PY01846,BK01846,2026-06-28T20:58:00.000+05:30,CREDIT CARD,10500.0,SUCCESS
PY01847,BK01847,2026-04-29T17:27:00.000+05:30,DEBIT CARD,12500.0,SUCCESS
PY01848,BK01848,2026-06-21T00:08:00.000+05:30,CREDIT CARD,3500.0,SUCCESS
PY01849,BK01849,2026-07-12T00:59:00.000+05:30,CREDIT CARD,22000.0,SUCCESS
PY01850,BK01850,2026-07-14T05:56:00.000+05:30,WALLET,7200.0,SUCCESS
PY01851,BK01851,2026-04-15T13:24:00.000+05:30,NET BANKING,22000.0,SUCCESS
PY01852,BK01852,2026-05-08T21:09:00.000+05:30,NET BANKING,3500.0,SUCCESS
PY01853,BK01853,2026-06-18T12:53:00.000+05:30,DEBIT CARD,3500.0,SUCCESS
PY01854,BK01854,2026-06-13T18:15:00.000+05:30,NET BANKING,17500.0,SUCCESS
PY01855,BK01855,2026-05-29T10:46:00.000+05:30,DEBIT CARD,5600.0,SUCCESS
PY01856,BK01856,2026-07-03T00:19:00.000+05:30,CREDIT CARD,14800.0,SUCCESS
PY01857,BK01857,2026-04-29T21:52:00.000+05:30,CREDIT CARD,7200.0,SUCCESS
PY01858,BK01858,2026-08-07T23:19:00.000+05:30,UPI,4200.0,SUCCESS
PY01859,BK01859,2026-04-16T14:08:00.000+05:30,NET BANKING,7200.0,SUCCESS
PY01860,BK01860,2026-05-01T16:41:00.000+05:30,DEBIT CARD,5600.0,SUCCESS
PY01861,BK01861,2026-08-04T18:22:00.000+05:30,UPI,22000.0,SUCCESS
PY01862,BK01862,2026-06-25T23:56:00.000+05:30,NET BANKING,7200.0,REFUNDED
PY01863,BK01863,2026-06-08T20:40:00.000+05:30,UPI,3500.0,REFUNDED
PY01864,BK01864,2026-06-23T04:11:00.000+05:30,NET BANKING,7200.0,SUCCESS
PY01865,BK01865,2026-05-02T06:33:00.000+05:30,NET BANKING,3500.0,SUCCESS
PY01866,BK01866,2026-08-14T18:28:00.000+05:30,DEBIT CARD,4200.0,FAILED
PY01867,BK01867,2026-05-17T10:50:00.000+05:30,NET BANKING,14800.0,SUCCESS
PY01868,BK01868,2026-06-01T16:07:00.000+05:30,DEBIT CARD,10500.0,REFUNDED
PY01869,BK01869,2026-05-13T08:33:00.000+05:30,UPI,8900.0,SUCCESS
PY01870,BK01870,2026-08-16T09:34:00.000+05:30,DEBIT CARD,8900.0,REFUNDED
PY01871,BK01871,2026-06-29T07:59:00.000+05:30,NET BANKING,17500.0,SUCCESS
PY01872,BK01872,2026-05-09T01:49:00.000+05:30,WALLET,3500.0,SUCCESS
PY01873,BK01873,2026-04-23T18:53:00.000+05:30,DEBIT CARD,7200.0,SUCCESS
PY01874,BK01874,2026-07-18T20:42:00.000+05:30,WALLET,7200.0,SUCCESS
PY01875,BK01875,2026-08-16T09:02:00.000+05:30,NET BANKING,5600.0,SUCCESS
PY01876,BK01876,2026-06-02T08:24:00.000+05:30,DEBIT CARD,4200.0,SUCCESS
PY01877,BK01877,2026-06-03T19:34:00.000+05:30,CREDIT CARD,14800.0,SUCCESS
PY01878,BK01878,2026-05-15T12:58:00.000+05:30,WALLET,3500.0,SUCCESS
PY01879,BK01879,2026-07-19T02:29:00.000+05:30,WALLET,5600.0,SUCCESS
PY01880,BK01880,2026-05-10T13:49:00.000+05:30,DEBIT CARD,5600.0,SUCCESS
PY01881,BK01881,2026-07-22T07:11:00.000+05:30,DEBIT CARD,4200.0,SUCCESS
PY01882,BK01882,2026-04-18T07:57:00.000+05:30,DEBIT CARD,5600.0,SUCCESS
PY01883,BK01883,2026-06-26T20:03:00.000+05:30,CREDIT CARD,22000.0,SUCCESS
PY01884,BK01884,2026-06-30T13:55:00.000+05:30,WALLET,5600.0,SUCCESS
PY01885,BK01885,2026-07-26T22:18:00.000+05:30,DEBIT CARD,5600.0,SUCCESS
PY01886,BK01886,2026-05-05T20:54:00.000+05:30,DEBIT CARD,3500.0,SUCCESS
PY01887,BK01887,2026-05-08T22:43:00.000+05:30,WALLET,5600.0,SUCCESS
PY01888,BK01888,2026-08-17T11:20:00.000+05:30,WALLET,17500.0,SUCCESS
PY01889,BK01889,2026-06-17T00:52:00.000+05:30,DEBIT CARD,3500.0,SUCCESS
PY01890,BK01890,2026-07-10T23:27:00.000+05:30,UPI,3500.0,SUCCESS
PY01891,BK01891,2026-07-30T21:06:00.000+05:30,WALLET,12500.0,SUCCESS
PY01892,BK01892,2026-04-30T14:45:00.000+05:30,DEBIT CARD,3500.0,SUCCESS
PY01893,BK01893,2026-05-19T19:22:00.000+05:30,WALLET,5600.0,SUCCESS
PY01894,BK01894,2026-06-06T05:16:00.000+05:30,UPI,12500.0,SUCCESS
PY01895,BK01895,2026-05-01T02:04:00.000+05:30,WALLET,3500.0,SUCCESS
PY01896,BK01896,2026-05-02T03:33:00.000+05:30,UPI,8900.0,SUCCESS
PY01897,BK01897,2026-07-10T13:36:00.000+05:30,WALLET,7200.0,SUCCESS
PY01898,BK01898,2026-07-23T07:23:00.000+05:30,WALLET,7200.0,SUCCESS
PY01899,BK01899,2026-05-28T02:02:00.000+05:30,WALLET,10500.0,SUCCESS
PY01900,BK01900,2026-07-09T04:43:00.000+05:30,UPI,10500.0,SUCCESS
PY01901,BK01901,2026-05-12T02:47:00.000+05:30,NET BANKING,12500.0,SUCCESS
PY01902,BK01902,2026-07-08T11:38:00.000+05:30,UPI,7200.0,REFUNDED
PY01903,BK01903,2026-05-27T06:35:00.000+05:30,NET BANKING,14800.0,SUCCESS
PY01904,BK01904,2026-05-20T05:33:00.000+05:30,WALLET,14800.0,SUCCESS
PY01905,BK01905,2026-07-31T09:26:00.000+05:30,UPI,10500.0,SUCCESS
PY01906,BK01906,2026-05-31T16:33:00.000+05:30,CREDIT CARD,7200.0,SUCCESS
PY01907,BK01907,2026-08-09T08:15:00.000+05:30,DEBIT CARD,12500.0,SUCCESS
PY01908,BK01908,2026-04-17T02:40:00.000+05:30,CREDIT CARD,8900.0,SUCCESS
PY01909,BK01909,2026-04-20T15:49:00.000+05:30,UPI,12500.0,SUCCESS
PY01910,BK01910,2026-06-07T20:54:00.000+05:30,CREDIT CARD,8900.0,SUCCESS
PY01911,BK01911,2026-06-19T08:27:00.000+05:30,DEBIT CARD,10500.0,REFUNDED
PY01912,BK01912,2026-07-08T02:20:00.000+05:30,DEBIT CARD,14800.0,SUCCESS
PY01913,BK01913,2026-04-10T01:35:00.000+05:30,DEBIT CARD,10500.0,SUCCESS
PY01914,BK01914,2026-04-06T23:11:00.000+05:30,CREDIT CARD,5600.0,SUCCESS
PY01915,BK01915,2026-05-31T20:38:00.000+05:30,DEBIT CARD,14800.0,SUCCESS
PY01916,BK01916,2026-06-20T09:54:00.000+05:30,WALLET,5600.0,SUCCESS
PY01917,BK01917,2026-05-24T00:23:00.000+05:30,CREDIT CARD,7200.0,SUCCESS
PY01918,BK01918,2026-06-17T05:29:00.000+05:30,WALLET,8900.0,SUCCESS
PY01919,BK01919,2026-08-08T07:02:00.000+05:30,WALLET,7200.0,SUCCESS
PY01920,BK01920,2026-05-12T13:31:00.000+05:30,CREDIT CARD,3500.0,SUCCESS
PY01921,BK01921,2026-05-15T13:40:00.000+05:30,NET BANKING,12500.0,SUCCESS
PY01922,BK01922,2026-07-19T12:27:00.000+05:30,UPI,8900.0,SUCCESS
PY01923,BK01923,2026-07-14T00:38:00.000+05:30,DEBIT CARD,14800.0,SUCCESS
PY01924,BK01924,2026-05-13T15:12:00.000+05:30,NET BANKING,3500.0,SUCCESS
PY01925,BK01925,2026-07-07T23:43:00.000+05:30,NET BANKING,4200.0,SUCCESS
PY01926,BK01926,2026-06-30T03:01:00.000+05:30,WALLET,5600.0,SUCCESS
PY01927,BK01927,2026-07-20T07:57:00.000+05:30,WALLET,12500.0,SUCCESS
PY01928,BK01928,2026-08-20T20:53:00.000+05:30,CREDIT CARD,5600.0,SUCCESS
PY01929,BK01929,2026-06-11T08:47:00.000+05:30,DEBIT CARD,8900.0,SUCCESS
PY01930,BK01930,2026-07-16T23:28:00.000+05:30,WALLET,14800.0,SUCCESS
PY01931,BK01931,2026-05-10T03:15:00.000+05:30,WALLET,17500.0,SUCCESS
PY01932,BK01932,2026-05-27T09:48:00.000+05:30,CREDIT CARD,8900.0,SUCCESS
PY01933,BK01933,2026-07-17T18:35:00.000+05:30,WALLET,5600.0,SUCCESS
PY01934,BK01934,2026-07-19T03:00:00.000+05:30,UPI,5600.0,SUCCESS
PY01935,BK01935,2026-04-29T01:21:00.000+05:30,NET BANKING,22000.0,SUCCESS
PY01936,BK01936,2026-05-11T08:15:00.000+05:30,DEBIT CARD,17500.0,SUCCESS
PY01937,BK01937,2026-06-16T01:17:00.000+05:30,CREDIT CARD,5600.0,REFUNDED
PY01938,BK01938,2026-06-09T22:00:00.000+05:30,NET BANKING,8900.0,SUCCESS
PY01939,BK01939,2026-05-05T00:40:00.000+05:30,CREDIT CARD,5600.0,SUCCESS
PY01940,BK01940,2026-05-17T08:07:00.000+05:30,UPI,3500.0,SUCCESS
PY01941,BK01941,2026-05-19T22:41:00.000+05:30,NET BANKING,17500.0,SUCCESS
PY01942,BK01942,2026-06-29T00:52:00.000+05:30,UPI,4200.0,SUCCESS
PY01943,BK01943,2026-05-27T08:20:00.000+05:30,CREDIT CARD,4200.0,SUCCESS
PY01944,BK01944,2026-07-05T15:27:00.000+05:30,UPI,7200.0,SUCCESS
PY01945,BK01945,2026-06-01T00:19:00.000+05:30,NET BANKING,5600.0,SUCCESS
PY01946,BK01946,2026-08-09T03:39:00.000+05:30,WALLET,5600.0,SUCCESS
PY01947,BK01947,2026-07-05T01:10:00.000+05:30,DEBIT CARD,22000.0,SUCCESS
PY01948,BK01948,2026-06-14T00:13:00.000+05:30,UPI,17500.0,REFUNDED
PY01949,BK01949,2026-04-23T18:45:00.000+05:30,WALLET,8900.0,SUCCESS
PY01950,BK01950,2026-06-20T05:39:00.000+05:30,NET BANKING,5600.0,SUCCESS
PY01951,BK01951,2026-05-20T14:04:00.000+05:30,CREDIT CARD,3500.0,SUCCESS
PY01952,BK01952,2026-08-08T18:09:00.000+05:30,NET BANKING,12500.0,REFUNDED
PY01953,BK01953,2026-04-24T02:31:00.000+05:30,DEBIT CARD,5600.0,SUCCESS
PY01954,BK01954,2026-07-15T12:54:00.000+05:30,WALLET,12500.0,SUCCESS
PY01955,BK01955,2026-07-14T21:33:00.000+05:30,CREDIT CARD,8900.0,SUCCESS
PY01956,BK01956,2026-07-05T22:10:00.000+05:30,NET BANKING,3500.0,SUCCESS
PY01957,BK01957,2026-06-06T12:33:00.000+05:30,DEBIT CARD,3500.0,SUCCESS
PY01958,BK01958,2026-04-28T10:54:00.000+05:30,UPI,7200.0,REFUNDED
PY01959,BK01959,2026-04-23T02:38:00.000+05:30,WALLET,12500.0,SUCCESS
PY01960,BK01960,2026-08-27T17:59:00.000+05:30,CREDIT CARD,3500.0,SUCCESS
PY01961,BK01961,2026-06-19T15:04:00.000+05:30,CREDIT CARD,14800.0,SUCCESS
PY01962,BK01962,2026-05-06T22:10:00.000+05:30,CREDIT CARD,8900.0,SUCCESS
PY01963,BK01963,2026-04-28T14:53:00.000+05:30,NET BANKING,17500.0,SUCCESS
PY01964,BK01964,2026-08-20T21:23:00.000+05:30,CREDIT CARD,7200.0,SUCCESS
PY01965,BK01965,2026-06-02T12:58:00.000+05:30,CREDIT CARD,7200.0,SUCCESS
PY01966,BK01966,2026-08-04T02:11:00.000+05:30,WALLET,7200.0,SUCCESS
PY01967,BK01967,2026-05-21T02:11:00.000+05:30,CREDIT CARD,22000.0,SUCCESS
PY01968,BK01968,2026-07-13T23:37:00.000+05:30,CREDIT CARD,5600.0,SUCCESS
PY01969,BK01969,2026-07-03T09:04:00.000+05:30,NET BANKING,12500.0,SUCCESS
PY01970,BK01970,2026-04-08T15:53:00.000+05:30,UPI,8900.0,SUCCESS
PY01971,BK01971,2026-05-30T00:13:00.000+05:30,NET BANKING,8900.0,SUCCESS
PY01972,BK01972,2026-07-09T02:58:00.000+05:30,CREDIT CARD,8900.0,SUCCESS
PY01973,BK01973,2026-06-06T11:11:00.000+05:30,CREDIT CARD,8900.0,SUCCESS
PY01974,BK01974,2026-05-15T05:15:00.000+05:30,CREDIT CARD,7200.0,SUCCESS
PY01975,BK01975,2026-05-03T18:39:00.000+05:30,CREDIT CARD,12500.0,SUCCESS
PY01976,BK01976,2026-08-09T20:07:00.000+05:30,NET BANKING,7200.0,SUCCESS
PY01977,BK01977,2026-08-22T18:35:00.000+05:30,UPI,17500.0,SUCCESS
PY01978,BK01978,2026-06-30T15:18:00.000+05:30,DEBIT CARD,5600.0,SUCCESS
PY01979,BK01979,2026-07-19T02:52:00.000+05:30,DEBIT CARD,7200.0,SUCCESS
PY01980,BK01980,2026-08-12T06:42:00.000+05:30,WALLET,5600.0,SUCCESS
PY01981,BK01981,2026-06-19T06:17:00.000+05:30,NET BANKING,7200.0,SUCCESS
PY01982,BK01982,2026-08-22T17:25:00.000+05:30,UPI,22000.0,SUCCESS
PY01983,BK01983,2026-06-05T00:52:00.000+05:30,DEBIT CARD,5600.0,SUCCESS
PY01984,BK01984,2026-06-06T19:01:00.000+05:30,UPI,10500.0,SUCCESS
PY01985,BK01985,2026-04-21T13:33:00.000+05:30,UPI,10500.0,FAILED
PY01986,BK01986,2026-06-14T02:19:00.000+05:30,DEBIT CARD,12500.0,SUCCESS
PY01987,BK01987,2026-06-02T23:18:00.000+05:30,WALLET,7200.0,SUCCESS
PY01988,BK01988,2026-06-12T20:40:00.000+05:30,UPI,7200.0,SUCCESS
PY01989,BK01989,2026-06-04T08:02:00.000+05:30,CREDIT CARD,10500.0,SUCCESS
PY01990,BK01990,2026-08-15T12:52:00.000+05:30,WALLET,14800.0,SUCCESS
PY01991,BK01991,2026-06-14T12:14:00.000+05:30,NET BANKING,14800.0,SUCCESS
PY01992,BK01992,2026-07-24T21:39:00.000+05:30,NET BANKING,4200.0,SUCCESS
PY01993,BK01993,2026-04-27T13:54:00.000+05:30,UPI,3500.0,SUCCESS
PY01994,BK01994,2026-05-20T04:07:00.000+05:30,NET BANKING,10500.0,SUCCESS
PY01995,BK01995,2026-05-21T11:11:00.000+05:30,DEBIT CARD,10500.0,SUCCESS
PY01996,BK01996,2026-07-13T07:57:00.000+05:30,UPI,7200.0,SUCCESS
PY01997,BK01997,2026-04-29T03:42:00.000+05:30,DEBIT CARD,3500.0,SUCCESS
PY01998,BK01998,2026-06-01T17:48:00.000+05:30,NET BANKING,17500.0,SUCCESS
PY01999,BK01999,2026-04-14T16:37:00.000+05:30,NET BANKING,10500.0,SUCCESS
PY02000,BK02000,2026-07-27T03:43:00.000+05:30,NET BANKING,22000.0,SUCCESS
PY02001,BK02001,2026-06-20T15:42:00.000+05:30,CREDIT CARD,12500.0,SUCCESS
PY02002,BK02002,2026-05-21T13:24:00.000+05:30,NET BANKING,4200.0,SUCCESS
PY02003,BK02003,2026-06-27T11:08:00.000+05:30,CREDIT CARD,5600.0,FAILED
PY02004,BK02004,2026-06-04T11:46:00.000+05:30,CREDIT CARD,10500.0,SUCCESS
PY02005,BK02005,2026-07-15T10:10:00.000+05:30,WALLET,4200.0,SUCCESS
PY02006,BK02006,2026-07-25T19:09:00.000+05:30,WALLET,22000.0,SUCCESS
PY02007,BK02007,2026-05-23T01:55:00.000+05:30,CREDIT CARD,7200.0,SUCCESS
PY02008,BK02008,2026-07-28T00:38:00.000+05:30,CREDIT CARD,17500.0,SUCCESS
PY02009,BK02009,2026-06-22T12:22:00.000+05:30,CREDIT CARD,4200.0,SUCCESS
PY02010,BK02010,2026-05-19T08:27:00.000+05:30,UPI,12500.0,SUCCESS
PY02011,BK02011,2026-07-14T16:59:00.000+05:30,UPI,3500.0,SUCCESS
PY02012,BK02012,2026-07-31T15:37:00.000+05:30,DEBIT CARD,12500.0,SUCCESS
PY02013,BK02013,2026-06-22T00:37:00.000+05:30,CREDIT CARD,5600.0,SUCCESS
PY02014,BK02014,2026-06-23T11:23:00.000+05:30,CREDIT CARD,3500.0,SUCCESS
PY02015,BK02015,2026-06-10T11:21:00.000+05:30,DEBIT CARD,8900.0,SUCCESS
PY02016,BK02016,2026-08-07T09:10:00.000+05:30,WALLET,4200.0,REFUNDED
PY02017,BK02017,2026-07-09T21:53:00.000+05:30,WALLET,12500.0,SUCCESS
PY02018,BK02018,2026-08-05T22:24:00.000+05:30,CREDIT CARD,8900.0,SUCCESS
PY02019,BK02019,2026-04-18T20:06:00.000+05:30,DEBIT CARD,10500.0,SUCCESS
PY02020,BK02020,2026-05-19T10:25:00.000+05:30,NET BANKING,10500.0,SUCCESS
PY02021,BK02021,2026-05-17T23:55:00.000+05:30,DEBIT CARD,4200.0,SUCCESS
PY02022,BK02022,2026-04-30T22:02:00.000+05:30,CREDIT CARD,14800.0,SUCCESS
PY02023,BK02023,2026-06-03T05:37:00.000+05:30,NET BANKING,3500.0,FAILED
PY02024,BK02024,2026-05-04T00:18:00.000+05:30,WALLET,3500.0,SUCCESS
PY02025,BK02025,2026-07-04T05:40:00.000+05:30,NET BANKING,5600.0,SUCCESS
PY02026,BK02026,2026-04-20T13:51:00.000+05:30,DEBIT CARD,12500.0,SUCCESS
PY02027,BK02027,2026-05-06T07:49:00.000+05:30,DEBIT CARD,8900.0,SUCCESS
PY02028,BK02028,2026-05-11T23:45:00.000+05:30,WALLET,8900.0,SUCCESS
PY02029,BK02029,2026-07-14T01:14:00.000+05:30,DEBIT CARD,12500.0,SUCCESS
PY02030,BK02030,2026-07-03T19:49:00.000+05:30,WALLET,5600.0,SUCCESS
PY02031,BK02031,2026-04-16T07:23:00.000+05:30,UPI,8900.0,SUCCESS
PY02032,BK02032,2026-08-12T00:03:00.000+05:30,NET BANKING,5600.0,SUCCESS
PY02033,BK02033,2026-06-12T08:41:00.000+05:30,UPI,12500.0,SUCCESS
PY02034,BK02034,2026-07-18T05:27:00.000+05:30,DEBIT CARD,22000.0,FAILED
PY02035,BK02035,2026-06-28T20:51:00.000+05:30,NET BANKING,3500.0,SUCCESS
PY02036,BK02036,2026-08-10T03:10:00.000+05:30,CREDIT CARD,12500.0,SUCCESS
PY02037,BK02037,2026-07-17T13:39:00.000+05:30,UPI,4200.0,REFUNDED
PY02038,BK02038,2026-07-21T22:38:00.000+05:30,UPI,4200.0,REFUNDED
PY02039,BK02039,2026-08-27T01:14:00.000+05:30,NET BANKING,10500.0,SUCCESS
PY02040,BK02040,2026-04-15T05:48:00.000+05:30,DEBIT CARD,4200.0,SUCCESS
PY02041,BK02041,2026-06-21T03:22:00.000+05:30,UPI,7200.0,SUCCESS
PY02042,BK02042,2026-04-29T10:55:00.000+05:30,WALLET,10500.0,SUCCESS
PY02043,BK02043,2026-04-06T20:50:00.000+05:30,WALLET,12500.0,SUCCESS
PY02044,BK02044,2026-07-24T06:24:00.000+05:30,WALLET,4200.0,REFUNDED
PY02045,BK02045,2026-08-27T21:12:00.000+05:30,DEBIT CARD,12500.0,SUCCESS
PY02046,BK02046,2026-07-19T13:39:00.000+05:30,WALLET,3500.0,SUCCESS
PY02047,BK02047,2026-07-02T05:56:00.000+05:30,WALLET,5600.0,SUCCESS
PY02048,BK02048,2026-08-14T15:27:00.000+05:30,DEBIT CARD,8900.0,FAILED
PY02049,BK02049,2026-08-01T07:11:00.000+05:30,DEBIT CARD,8900.0,SUCCESS
PY02050,BK02050,2026-05-08T18:46:00.000+05:30,WALLET,14800.0,FAILED
PY02051,BK02051,2026-07-11T03:52:00.000+05:30,CREDIT CARD,14800.0,SUCCESS
PY02052,BK02052,2026-08-12T07:09:00.000+05:30,DEBIT CARD,5600.0,SUCCESS
PY02053,BK02053,2026-07-19T08:40:00.000+05:30,DEBIT CARD,8900.0,REFUNDED
PY02054,BK02054,2026-04-15T17:53:00.000+05:30,NET BANKING,7200.0,SUCCESS
PY02055,BK02055,2026-07-09T23:42:00.000+05:30,UPI,10500.0,SUCCESS
PY02056,BK02056,2026-07-16T09:30:00.000+05:30,NET BANKING,17500.0,SUCCESS
PY02057,BK02057,2026-05-12T14:18:00.000+05:30,DEBIT CARD,17500.0,SUCCESS
PY02058,BK02058,2026-06-17T03:37:00.000+05:30,DEBIT CARD,5600.0,SUCCESS
PY02059,BK02059,2026-06-04T15:00:00.000+05:30,CREDIT CARD,12500.0,SUCCESS
PY02060,BK02060,2026-06-13T14:09:00.000+05:30,WALLET,22000.0,REFUNDED
PY02061,BK02061,2026-07-21T04:28:00.000+05:30,CREDIT CARD,8900.0,FAILED
PY02062,BK02062,2026-05-13T19:28:00.000+05:30,NET BANKING,17500.0,SUCCESS
PY02063,BK02063,2026-06-02T16:17:00.000+05:30,WALLET,5600.0,FAILED
PY02064,BK02064,2026-05-06T08:39:00.000+05:30,UPI,22000.0,SUCCESS
PY02065,BK02065,2026-05-01T13:41:00.000+05:30,DEBIT CARD,4200.0,SUCCESS
PY02066,BK02066,2026-05-08T19:14:00.000+05:30,UPI,22000.0,SUCCESS
PY02067,BK02067,2026-05-21T12:49:00.000+05:30,NET BANKING,10500.0,REFUNDED
PY02068,BK02068,2026-07-26T22:24:00.000+05:30,DEBIT CARD,10500.0,SUCCESS
PY02069,BK02069,2026-04-10T15:26:00.000+05:30,CREDIT CARD,17500.0,SUCCESS
PY02070,BK02070,2026-05-03T15:19:00.000+05:30,WALLET,14800.0,SUCCESS
PY02071,BK02071,2026-07-09T08:52:00.000+05:30,UPI,10500.0,SUCCESS
PY02072,BK02072,2026-05-12T09:49:00.000+05:30,DEBIT CARD,5600.0,REFUNDED
PY02073,BK02073,2026-05-16T12:01:00.000+05:30,UPI,10500.0,SUCCESS
PY02074,BK02074,2026-06-21T20:23:00.000+05:30,UPI,10500.0,SUCCESS
PY02075,BK02075,2026-07-21T08:53:00.000+05:30,WALLET,12500.0,SUCCESS
PY02076,BK02076,2026-04-23T23:35:00.000+05:30,DEBIT CARD,7200.0,SUCCESS
PY02077,BK02077,2026-04-15T09:21:00.000+05:30,UPI,7200.0,SUCCESS
PY02078,BK02078,2026-07-17T06:16:00.000+05:30,UPI,7200.0,SUCCESS
PY02079,BK02079,2026-07-14T00:38:00.000+05:30,UPI,8900.0,SUCCESS
PY02080,BK02080,2026-04-22T11:11:00.000+05:30,NET BANKING,22000.0,SUCCESS
PY02081,BK02081,2026-06-03T00:38:00.000+05:30,DEBIT CARD,17500.0,SUCCESS
PY02082,BK02082,2026-05-04T06:39:00.000+05:30,DEBIT CARD,3500.0,SUCCESS
PY02083,BK02083,2026-04-22T09:09:00.000+05:30,WALLET,12500.0,SUCCESS
PY02084,BK02084,2026-05-18T01:14:00.000+05:30,WALLET,12500.0,SUCCESS
PY02085,BK02085,2026-04-15T13:19:00.000+05:30,DEBIT CARD,17500.0,SUCCESS
PY02086,BK02086,2026-07-24T15:58:00.000+05:30,CREDIT CARD,22000.0,SUCCESS
PY02087,BK02087,2026-07-21T18:13:00.000+05:30,DEBIT CARD,3500.0,SUCCESS
PY02088,BK02088,2026-06-11T03:30:00.000+05:30,DEBIT CARD,14800.0,SUCCESS
PY02089,BK02089,2026-06-13T01:07:00.000+05:30,WALLET,7200.0,SUCCESS
PY02090,BK02090,2026-07-06T01:38:00.000+05:30,DEBIT CARD,17500.0,SUCCESS
PY02091,BK02091,2026-07-16T03:06:00.000+05:30,WALLET,17500.0,SUCCESS
PY02092,BK02092,2026-05-21T12:44:00.000+05:30,UPI,4200.0,FAILED
PY02093,BK02093,2026-07-26T02:59:00.000+05:30,DEBIT CARD,5600.0,SUCCESS
PY02094,BK02094,2026-07-17T20:11:00.000+05:30,WALLET,22000.0,SUCCESS
PY02095,BK02095,2026-05-02T18:18:00.000+05:30,UPI,10500.0,SUCCESS
PY02096,BK02096,2026-08-18T10:24:00.000+05:30,CREDIT CARD,3500.0,SUCCESS
PY02097,BK02097,2026-07-11T05:16:00.000+05:30,WALLET,5600.0,SUCCESS
PY02098,BK02098,2026-06-20T14:17:00.000+05:30,NET BANKING,4200.0,SUCCESS
PY02099,BK02099,2026-07-03T13:43:00.000+05:30,UPI,12500.0,SUCCESS
PY02100,BK02100,2026-04-07T05:01:00.000+05:30,CREDIT CARD,7200.0,SUCCESS
PY02101,BK02101,2026-06-19T03:05:00.000+05:30,NET BANKING,22000.0,SUCCESS
PY02102,BK02102,2026-06-04T23:45:00.000+05:30,WALLET,8900.0,SUCCESS
PY02103,BK02103,2026-04-23T08:18:00.000+05:30,DEBIT CARD,14800.0,FAILED
PY02104,BK02104,2026-06-28T22:15:00.000+05:30,CREDIT CARD,14800.0,SUCCESS
PY02105,BK02105,2026-07-05T03:03:00.000+05:30,UPI,7200.0,SUCCESS
PY02106,BK02106,2026-07-24T03:35:00.000+05:30,DEBIT CARD,10500.0,SUCCESS
PY02107,BK02107,2026-05-20T01:32:00.000+05:30,NET BANKING,7200.0,SUCCESS
PY02108,BK02108,2026-04-13T04:27:00.000+05:30,CREDIT CARD,5600.0,SUCCESS
PY02109,BK02109,2026-05-03T10:36:00.000+05:30,UPI,5600.0,SUCCESS
PY02110,BK02110,2026-08-08T21:24:00.000+05:30,NET BANKING,8900.0,SUCCESS
PY02111,BK02111,2026-05-26T16:56:00.000+05:30,CREDIT CARD,4200.0,SUCCESS
PY02112,BK02112,2026-07-01T02:21:00.000+05:30,UPI,10500.0,SUCCESS
PY02113,BK02113,2026-06-29T00:39:00.000+05:30,UPI,17500.0,SUCCESS
PY02114,BK02114,2026-04-26T03:20:00.000+05:30,CREDIT CARD,4200.0,SUCCESS
PY02115,BK02115,2026-07-04T09:34:00.000+05:30,WALLET,12500.0,SUCCESS
PY02116,BK02116,2026-06-22T16:08:00.000+05:30,WALLET,22000.0,SUCCESS
PY02117,BK02117,2026-05-15T17:02:00.000+05:30,WALLET,8900.0,SUCCESS
PY02118,BK02118,2026-06-22T15:22:00.000+05:30,DEBIT CARD,3500.0,SUCCESS
PY02119,BK02119,2026-07-02T13:37:00.000+05:30,WALLET,12500.0,SUCCESS
PY02120,BK02120,2026-07-06T06:17:00.000+05:30,WALLET,5600.0,SUCCESS
PY02121,BK02121,2026-06-13T13:51:00.000+05:30,WALLET,8900.0,SUCCESS
PY02122,BK02122,2026-05-26T07:54:00.000+05:30,NET BANKING,7200.0,SUCCESS
PY02123,BK02123,2026-08-09T13:01:00.000+05:30,DEBIT CARD,14800.0,SUCCESS
PY02124,BK02124,2026-04-24T09:15:00.000+05:30,CREDIT CARD,5600.0,SUCCESS
PY02125,BK02125,2026-05-28T22:14:00.000+05:30,CREDIT CARD,3500.0,SUCCESS
PY02126,BK02126,2026-08-17T23:43:00.000+05:30,DEBIT CARD,8900.0,SUCCESS
PY02127,BK02127,2026-07-10T07:01:00.000+05:30,DEBIT CARD,8900.0,SUCCESS
PY02128,BK02128,2026-04-21T07:02:00.000+05:30,CREDIT CARD,7200.0,SUCCESS
PY02129,BK02129,2026-04-29T18:26:00.000+05:30,WALLET,17500.0,SUCCESS
PY02130,BK02130,2026-07-11T14:41:00.000+05:30,WALLET,7200.0,SUCCESS
PY02131,BK02131,2026-06-14T16:17:00.000+05:30,DEBIT CARD,7200.0,SUCCESS
PY02132,BK02132,2026-04-10T03:22:00.000+05:30,NET BANKING,4200.0,SUCCESS
PY02133,BK02133,2026-05-01T14:07:00.000+05:30,UPI,22000.0,SUCCESS
PY02134,BK02134,2026-07-17T21:16:00.000+05:30,UPI,10500.0,SUCCESS
PY02135,BK02135,2026-05-22T14:21:00.000+05:30,NET BANKING,10500.0,SUCCESS
PY02136,BK02136,2026-05-25T12:18:00.000+05:30,DEBIT CARD,22000.0,REFUNDED
PY02137,BK02137,2026-08-08T01:05:00.000+05:30,UPI,22000.0,SUCCESS
PY02138,BK02138,2026-05-08T23:31:00.000+05:30,CREDIT CARD,5600.0,SUCCESS
PY02139,BK02139,2026-08-20T22:56:00.000+05:30,NET BANKING,22000.0,SUCCESS
PY02140,BK02140,2026-07-01T02:53:00.000+05:30,CREDIT CARD,7200.0,SUCCESS
PY02141,BK02141,2026-07-15T10:01:00.000+05:30,DEBIT CARD,17500.0,SUCCESS
PY02142,BK02142,2026-05-01T21:02:00.000+05:30,UPI,14800.0,SUCCESS
PY02143,BK02143,2026-05-05T07:46:00.000+05:30,CREDIT CARD,22000.0,SUCCESS
PY02144,BK02144,2026-06-22T03:26:00.000+05:30,WALLET,7200.0,SUCCESS
PY02145,BK02145,2026-06-28T04:02:00.000+05:30,UPI,4200.0,SUCCESS
PY02146,BK02146,2026-05-14T06:56:00.000+05:30,WALLET,5600.0,REFUNDED
PY02147,BK02147,2026-06-16T01:47:00.000+05:30,WALLET,7200.0,SUCCESS
PY02148,BK02148,2026-08-14T20:01:00.000+05:30,DEBIT CARD,14800.0,SUCCESS
PY02149,BK02149,2026-05-30T00:34:00.000+05:30,WALLET,10500.0,SUCCESS
PY02150,BK02150,2026-04-29T02:18:00.000+05:30,NET BANKING,7200.0,SUCCESS
PY02151,BK02151,2026-08-15T05:04:00.000+05:30,CREDIT CARD,12500.0,SUCCESS
PY02152,BK02152,2026-05-26T21:16:00.000+05:30,WALLET,3500.0,SUCCESS
PY02153,BK02153,2026-05-13T11:30:00.000+05:30,DEBIT CARD,5600.0,SUCCESS
PY02154,BK02154,2026-07-12T13:28:00.000+05:30,WALLET,8900.0,FAILED
PY02155,BK02155,2026-05-08T02:05:00.000+05:30,DEBIT CARD,4200.0,SUCCESS
PY02156,BK02156,2026-08-06T17:57:00.000+05:30,DEBIT CARD,5600.0,REFUNDED
PY02157,BK02157,2026-06-20T00:50:00.000+05:30,NET BANKING,14800.0,SUCCESS
PY02158,BK02158,2026-07-23T10:40:00.000+05:30,WALLET,22000.0,SUCCESS
PY02159,BK02159,2026-08-04T17:27:00.000+05:30,DEBIT CARD,22000.0,SUCCESS
PY02160,BK02160,2026-06-07T12:40:00.000+05:30,WALLET,22000.0,SUCCESS
PY02161,BK02161,2026-06-16T11:29:00.000+05:30,WALLET,4200.0,REFUNDED
PY02162,BK02162,2026-05-29T08:13:00.000+05:30,UPI,22000.0,SUCCESS
PY02163,BK02163,2026-06-02T01:52:00.000+05:30,UPI,8900.0,SUCCESS
PY02164,BK02164,2026-05-17T14:14:00.000+05:30,WALLET,4200.0,SUCCESS
PY02165,BK02165,2026-05-24T17:35:00.000+05:30,WALLET,3500.0,FAILED
PY02166,BK02166,2026-06-02T02:42:00.000+05:30,CREDIT CARD,3500.0,SUCCESS
PY02167,BK02167,2026-06-30T11:28:00.000+05:30,NET BANKING,17500.0,SUCCESS
PY02168,BK02168,2026-07-30T08:45:00.000+05:30,WALLET,3500.0,SUCCESS
PY02169,BK02169,2026-04-30T02:46:00.000+05:30,NET BANKING,12500.0,SUCCESS
PY02170,BK02170,2026-07-06T14:08:00.000+05:30,DEBIT CARD,14800.0,SUCCESS
PY02171,BK02171,2026-07-10T09:43:00.000+05:30,CREDIT CARD,17500.0,SUCCESS
PY02172,BK02172,2026-05-27T03:15:00.000+05:30,UPI,12500.0,SUCCESS
PY02173,BK02173,2026-07-21T15:18:00.000+05:30,UPI,4200.0,SUCCESS
PY02174,BK02174,2026-08-17T23:29:00.000+05:30,CREDIT CARD,8900.0,SUCCESS
PY02175,BK02175,2026-08-19T00:14:00.000+05:30,CREDIT CARD,4200.0,SUCCESS
PY02176,BK02176,2026-05-26T23:03:00.000+05:30,WALLET,10500.0,SUCCESS
PY02177,BK02177,2026-06-28T09:11:00.000+05:30,CREDIT CARD,12500.0,SUCCESS
PY02178,BK02178,2026-05-30T01:17:00.000+05:30,DEBIT CARD,10500.0,SUCCESS
PY02179,BK02179,2026-05-27T02:39:00.000+05:30,UPI,7200.0,SUCCESS
PY02180,BK02180,2026-05-31T08:58:00.000+05:30,DEBIT CARD,8900.0,SUCCESS
PY02181,BK02181,2026-05-20T11:12:00.000+05:30,DEBIT CARD,7200.0,SUCCESS
PY02182,BK02182,2026-05-27T08:57:00.000+05:30,WALLET,17500.0,REFUNDED
PY02183,BK02183,2026-07-03T12:23:00.000+05:30,WALLET,3500.0,SUCCESS
PY02184,BK02184,2026-06-14T21:27:00.000+05:30,WALLET,8900.0,FAILED
PY02185,BK02185,2026-07-03T11:41:00.000+05:30,WALLET,3500.0,SUCCESS
PY02186,BK02186,2026-08-23T19:14:00.000+05:30,CREDIT CARD,22000.0,SUCCESS
PY02187,BK02187,2026-07-24T15:52:00.000+05:30,UPI,14800.0,SUCCESS
PY02188,BK02188,2026-06-26T15:46:00.000+05:30,CREDIT CARD,5600.0,SUCCESS
PY02189,BK02189,2026-07-05T13:10:00.000+05:30,UPI,22000.0,SUCCESS
PY02190,BK02190,2026-07-29T09:45:00.000+05:30,NET BANKING,10500.0,SUCCESS
PY02191,BK02191,2026-07-01T09:41:00.000+05:30,NET BANKING,22000.0,FAILED
PY02192,BK02192,2026-06-14T08:02:00.000+05:30,DEBIT CARD,5600.0,SUCCESS
PY02193,BK02193,2026-07-22T08:54:00.000+05:30,WALLET,5600.0,SUCCESS
PY02194,BK02194,2026-07-07T13:40:00.000+05:30,CREDIT CARD,8900.0,SUCCESS
PY02195,BK02195,2026-07-05T21:42:00.000+05:30,NET BANKING,7200.0,SUCCESS
PY02196,BK02196,2026-06-06T09:22:00.000+05:30,NET BANKING,14800.0,REFUNDED
PY02197,BK02197,2026-07-22T23:17:00.000+05:30,CREDIT CARD,8900.0,SUCCESS
PY02198,BK02198,2026-06-04T23:20:00.000+05:30,DEBIT CARD,7200.0,SUCCESS
PY02199,BK02199,2026-05-15T00:15:00.000+05:30,UPI,17500.0,SUCCESS
PY02200,BK02200,2026-08-20T06:13:00.000+05:30,NET BANKING,22000.0,SUCCESS
PY02201,BK02201,2026-05-26T04:14:00.000+05:30,WALLET,17500.0,SUCCESS
PY02202,BK02202,2026-05-23T15:49:00.000+05:30,CREDIT CARD,12500.0,SUCCESS
PY02203,BK02203,2026-05-15T03:26:00.000+05:30,UPI,3500.0,SUCCESS
PY02204,BK02204,2026-05-08T19:10:00.000+05:30,NET BANKING,14800.0,SUCCESS
PY02205,BK02205,2026-07-26T21:58:00.000+05:30,DEBIT CARD,22000.0,SUCCESS
PY02206,BK02206,2026-05-12T14:56:00.000+05:30,NET BANKING,3500.0,SUCCESS
PY02207,BK02207,2026-08-02T00:24:00.000+05:30,NET BANKING,7200.0,SUCCESS
PY02208,BK02208,2026-06-23T14:13:00.000+05:30,NET BANKING,14800.0,SUCCESS
PY02209,BK02209,2026-07-27T13:18:00.000+05:30,NET BANKING,3500.0,SUCCESS
PY02210,BK02210,2026-05-26T12:03:00.000+05:30,UPI,5600.0,SUCCESS
PY02211,BK02211,2026-06-11T04:29:00.000+05:30,CREDIT CARD,4200.0,SUCCESS
PY02212,BK02212,2026-08-03T11:32:00.000+05:30,UPI,8900.0,SUCCESS
PY02213,BK02213,2026-04-21T07:23:00.000+05:30,WALLET,22000.0,SUCCESS
PY02214,BK02214,2026-06-27T08:16:00.000+05:30,CREDIT CARD,12500.0,SUCCESS
PY02215,BK02215,2026-05-15T01:29:00.000+05:30,DEBIT CARD,8900.0,SUCCESS
PY02216,BK02216,2026-07-04T01:03:00.000+05:30,CREDIT CARD,10500.0,SUCCESS
PY02217,BK02217,2026-06-05T21:59:00.000+05:30,DEBIT CARD,5600.0,SUCCESS
PY02218,BK02218,2026-05-12T05:04:00.000+05:30,NET BANKING,8900.0,SUCCESS
PY02219,BK02219,2026-06-08T16:40:00.000+05:30,DEBIT CARD,17500.0,SUCCESS
PY02220,BK02220,2026-06-03T04:17:00.000+05:30,CREDIT CARD,7200.0,SUCCESS
PY02221,BK02221,2026-05-15T17:12:00.000+05:30,WALLET,5600.0,SUCCESS
PY02222,BK02222,2026-05-03T15:22:00.000+05:30,DEBIT CARD,12500.0,SUCCESS
PY02223,BK02223,2026-06-19T01:13:00.000+05:30,WALLET,14800.0,SUCCESS
PY02224,BK02224,2026-05-21T09:56:00.000+05:30,CREDIT CARD,5600.0,SUCCESS
PY02225,BK02225,2026-05-31T20:54:00.000+05:30,DEBIT CARD,10500.0,FAILED
PY02226,BK02226,2026-05-22T15:50:00.000+05:30,CREDIT CARD,14800.0,SUCCESS
PY02227,BK02227,2026-07-01T23:12:00.000+05:30,UPI,17500.0,SUCCESS
PY02228,BK02228,2026-05-07T11:32:00.000+05:30,WALLET,12500.0,SUCCESS
PY02229,BK02229,2026-04-21T04:51:00.000+05:30,WALLET,3500.0,SUCCESS
PY02230,BK02230,2026-08-01T07:24:00.000+05:30,NET BANKING,14800.0,SUCCESS
PY02231,BK02231,2026-06-20T09:08:00.000+05:30,CREDIT CARD,17500.0,REFUNDED
PY02232,BK02232,2026-06-05T05:02:00.000+05:30,NET BANKING,10500.0,SUCCESS
PY02233,BK02233,2026-05-29T21:07:00.000+05:30,CREDIT CARD,3500.0,SUCCESS
PY02234,BK02234,2026-05-02T04:16:00.000+05:30,UPI,3500.0,SUCCESS
PY02235,BK02235,2026-07-21T06:02:00.000+05:30,DEBIT CARD,12500.0,FAILED
PY02236,BK02236,2026-06-22T19:22:00.000+05:30,UPI,12500.0,SUCCESS
PY02237,BK02237,2026-07-07T22:46:00.000+05:30,NET BANKING,10500.0,SUCCESS
PY02238,BK02238,2026-05-16T01:37:00.000+05:30,CREDIT CARD,17500.0,SUCCESS
PY02239,BK02239,2026-05-03T22:07:00.000+05:30,DEBIT CARD,12500.0,SUCCESS
PY02240,BK02240,2026-08-12T14:41:00.000+05:30,NET BANKING,4200.0,SUCCESS
PY02241,BK02241,2026-07-29T01:39:00.000+05:30,WALLET,17500.0,FAILED
PY02242,BK02242,2026-07-02T22:25:00.000+05:30,DEBIT CARD,17500.0,SUCCESS
PY02243,BK02243,2026-04-13T02:16:00.000+05:30,WALLET,14800.0,SUCCESS
PY02244,BK02244,2026-08-13T02:27:00.000+05:30,NET BANKING,10500.0,SUCCESS
PY02245,BK02245,2026-06-26T22:58:00.000+05:30,WALLET,10500.0,SUCCESS
PY02246,BK02246,2026-05-12T09:18:00.000+05:30,CREDIT CARD,10500.0,SUCCESS
PY02247,BK02247,2026-06-25T08:58:00.000+05:30,UPI,10500.0,SUCCESS
PY02248,BK02248,2026-06-16T01:07:00.000+05:30,DEBIT CARD,22000.0,SUCCESS
PY02249,BK02249,2026-06-11T23:54:00.000+05:30,UPI,4200.0,SUCCESS
PY02250,BK02250,2026-05-24T05:30:00.000+05:30,WALLET,12500.0,SUCCESS
PY02251,BK02251,2026-06-27T14:23:00.000+05:30,UPI,17500.0,SUCCESS
PY02252,BK02252,2026-05-16T17:23:00.000+05:30,DEBIT CARD,10500.0,SUCCESS
PY02253,BK02253,2026-06-18T08:44:00.000+05:30,WALLET,8900.0,SUCCESS
PY02254,BK02254,2026-04-27T15:15:00.000+05:30,UPI,8900.0,SUCCESS
PY02255,BK02255,2026-04-29T12:55:00.000+05:30,UPI,3500.0,SUCCESS
PY02256,BK02256,2026-05-02T00:21:00.000+05:30,WALLET,3500.0,SUCCESS
PY02257,BK02257,2026-06-22T01:57:00.000+05:30,DEBIT CARD,5600.0,FAILED
PY02258,BK02258,2026-05-09T11:15:00.000+05:30,UPI,10500.0,SUCCESS
PY02259,BK02259,2026-06-22T17:47:00.000+05:30,NET BANKING,4200.0,SUCCESS
PY02260,BK02260,2026-07-21T08:36:00.000+05:30,DEBIT CARD,3500.0,SUCCESS
PY02261,BK02261,2026-06-21T22:11:00.000+05:30,NET BANKING,14800.0,SUCCESS
PY02262,BK02262,2026-04-20T02:52:00.000+05:30,UPI,17500.0,SUCCESS
PY02263,BK02263,2026-05-16T20:54:00.000+05:30,NET BANKING,10500.0,SUCCESS
PY02264,BK02264,2026-05-11T05:58:00.000+05:30,WALLET,12500.0,SUCCESS
PY02265,BK02265,2026-05-02T14:04:00.000+05:30,NET BANKING,10500.0,SUCCESS
PY02266,BK02266,2026-07-07T00:52:00.000+05:30,DEBIT CARD,5600.0,SUCCESS
PY02267,BK02267,2026-06-10T13:36:00.000+05:30,UPI,10500.0,SUCCESS
PY02268,BK02268,2026-07-17T16:15:00.000+05:30,WALLET,12500.0,SUCCESS
PY02269,BK02269,2026-07-11T04:36:00.000+05:30,CREDIT CARD,3500.0,SUCCESS
PY02270,BK02270,2026-05-18T03:23:00.000+05:30,CREDIT CARD,5600.0,SUCCESS
PY02271,BK02271,2026-08-12T02:34:00.000+05:30,UPI,12500.0,SUCCESS
PY02272,BK02272,2026-08-01T19:27:00.000+05:30,DEBIT CARD,14800.0,SUCCESS
PY02273,BK02273,2026-07-19T13:59:00.000+05:30,DEBIT CARD,22000.0,SUCCESS
PY02274,BK02274,2026-06-09T21:46:00.000+05:30,WALLET,14800.0,SUCCESS
PY02275,BK02275,2026-04-11T05:05:00.000+05:30,NET BANKING,5600.0,SUCCESS
PY02276,BK02276,2026-07-02T13:15:00.000+05:30,CREDIT CARD,3500.0,SUCCESS
PY02277,BK02277,2026-07-22T13:38:00.000+05:30,NET BANKING,10500.0,SUCCESS
PY02278,BK02278,2026-08-15T23:01:00.000+05:30,UPI,5600.0,SUCCESS
PY02279,BK02279,2026-05-09T03:22:00.000+05:30,NET BANKING,4200.0,SUCCESS
PY02280,BK02280,2026-04-27T19:52:00.000+05:30,CREDIT CARD,22000.0,SUCCESS
PY02281,BK02281,2026-04-30T14:03:00.000+05:30,NET BANKING,22000.0,SUCCESS
PY02282,BK02282,2026-07-20T04:34:00.000+05:30,UPI,12500.0,SUCCESS
PY02283,BK02283,2026-08-25T02:51:00.000+05:30,DEBIT CARD,17500.0,SUCCESS
PY02284,BK02284,2026-07-02T21:41:00.000+05:30,WALLET,8900.0,SUCCESS
PY02285,BK02285,2026-05-12T21:34:00.000+05:30,UPI,3500.0,SUCCESS
PY02286,BK02286,2026-05-11T23:06:00.000+05:30,WALLET,14800.0,SUCCESS
PY02287,BK02287,2026-06-01T02:42:00.000+05:30,WALLET,12500.0,SUCCESS
PY02288,BK02288,2026-06-18T11:33:00.000+05:30,UPI,3500.0,SUCCESS
PY02289,BK02289,2026-05-15T07:48:00.000+05:30,CREDIT CARD,4200.0,SUCCESS
PY02290,BK02290,2026-05-06T23:06:00.000+05:30,DEBIT CARD,10500.0,SUCCESS
PY02291,BK02291,2026-08-14T21:01:00.000+05:30,CREDIT CARD,14800.0,SUCCESS
PY02292,BK02292,2026-06-24T01:18:00.000+05:30,DEBIT CARD,10500.0,SUCCESS
PY02293,BK02293,2026-06-06T12:05:00.000+05:30,UPI,7200.0,SUCCESS
PY02294,BK02294,2026-06-24T16:38:00.000+05:30,DEBIT CARD,22000.0,SUCCESS
PY02295,BK02295,2026-06-22T14:10:00.000+05:30,WALLET,8900.0,SUCCESS
PY02296,BK02296,2026-07-05T01:15:00.000+05:30,CREDIT CARD,12500.0,SUCCESS
PY02297,BK02297,2026-07-28T01:38:00.000+05:30,DEBIT CARD,3500.0,FAILED
PY02298,BK02298,2026-07-22T02:18:00.000+05:30,UPI,10500.0,SUCCESS
PY02299,BK02299,2026-07-04T17:15:00.000+05:30,DEBIT CARD,17500.0,SUCCESS
PY02300,BK02300,2026-07-26T06:49:00.000+05:30,NET BANKING,3500.0,SUCCESS
PY02301,BK02301,2026-06-12T01:15:00.000+05:30,WALLET,7200.0,FAILED
PY02302,BK02302,2026-05-24T06:24:00.000+05:30,NET BANKING,17500.0,SUCCESS
PY02303,BK02303,2026-05-23T10:16:00.000+05:30,WALLET,22000.0,FAILED
PY02304,BK02304,2026-06-13T11:27:00.000+05:30,DEBIT CARD,3500.0,SUCCESS
PY02305,BK02305,2026-08-09T09:26:00.000+05:30,WALLET,7200.0,SUCCESS
PY02306,BK02306,2026-06-11T17:59:00.000+05:30,UPI,8900.0,SUCCESS
PY02307,BK02307,2026-06-17T18:27:00.000+05:30,WALLET,10500.0,REFUNDED
PY02308,BK02308,2026-06-22T01:47:00.000+05:30,CREDIT CARD,22000.0,SUCCESS
PY02309,BK02309,2026-05-03T13:19:00.000+05:30,CREDIT CARD,22000.0,SUCCESS
PY02310,BK02310,2026-05-27T04:15:00.000+05:30,NET BANKING,7200.0,SUCCESS
PY02311,BK02311,2026-07-08T00:55:00.000+05:30,DEBIT CARD,22000.0,SUCCESS
PY02312,BK02312,2026-08-05T07:05:00.000+05:30,UPI,5600.0,SUCCESS
PY02313,BK02313,2026-06-26T08:21:00.000+05:30,WALLET,22000.0,SUCCESS
PY02314,BK02314,2026-04-27T09:46:00.000+05:30,NET BANKING,12500.0,SUCCESS
PY02315,BK02315,2026-06-10T15:44:00.000+05:30,WALLET,17500.0,SUCCESS
PY02316,BK02316,2026-06-30T12:49:00.000+05:30,NET BANKING,4200.0,SUCCESS
PY02317,BK02317,2026-08-21T21:20:00.000+05:30,CREDIT CARD,7200.0,SUCCESS
PY02318,BK02318,2026-07-14T13:17:00.000+05:30,NET BANKING,17500.0,SUCCESS
PY02319,BK02319,2026-04-29T23:07:00.000+05:30,DEBIT CARD,14800.0,SUCCESS
PY02320,BK02320,2026-04-27T01:04:00.000+05:30,WALLET,5600.0,SUCCESS
PY02321,BK02321,2026-06-28T08:50:00.000+05:30,DEBIT CARD,17500.0,SUCCESS
PY02322,BK02322,2026-08-07T19:43:00.000+05:30,NET BANKING,22000.0,SUCCESS
PY02323,BK02323,2026-08-17T00:16:00.000+05:30,DEBIT CARD,3500.0,SUCCESS
PY02324,BK02324,2026-07-06T06:49:00.000+05:30,CREDIT CARD,10500.0,SUCCESS
PY02325,BK02325,2026-06-04T15:48:00.000+05:30,WALLET,14800.0,SUCCESS
PY02326,BK02326,2026-06-23T23:13:00.000+05:30,NET BANKING,3500.0,SUCCESS
PY02327,BK02327,2026-05-21T12:07:00.000+05:30,NET BANKING,12500.0,SUCCESS
PY02328,BK02328,2026-06-01T14:45:00.000+05:30,DEBIT CARD,12500.0,SUCCESS
PY02329,BK02329,2026-04-15T13:58:00.000+05:30,NET BANKING,17500.0,SUCCESS
PY02330,BK02330,2026-05-29T12:54:00.000+05:30,DEBIT CARD,12500.0,SUCCESS
PY02331,BK02331,2026-07-18T18:58:00.000+05:30,CREDIT CARD,5600.0,REFUNDED
PY02332,BK02332,2026-07-27T01:02:00.000+05:30,DEBIT CARD,4200.0,SUCCESS
PY02333,BK02333,2026-05-29T07:19:00.000+05:30,DEBIT CARD,10500.0,SUCCESS
PY02334,BK02334,2026-06-17T07:40:00.000+05:30,CREDIT CARD,4200.0,FAILED
PY02335,BK02335,2026-06-26T13:32:00.000+05:30,WALLET,22000.0,REFUNDED
PY02336,BK02336,2026-07-04T06:40:00.000+05:30,UPI,5600.0,SUCCESS
PY02337,BK02337,2026-05-13T15:22:00.000+05:30,DEBIT CARD,14800.0,SUCCESS
PY02338,BK02338,2026-05-06T00:11:00.000+05:30,CREDIT CARD,8900.0,SUCCESS
PY02339,BK02339,2026-06-01T23:12:00.000+05:30,UPI,4200.0,SUCCESS
PY02340,BK02340,2026-06-21T20:32:00.000+05:30,WALLET,5600.0,SUCCESS
PY02341,BK02341,2026-08-08T21:11:00.000+05:30,CREDIT CARD,7200.0,SUCCESS
PY02342,BK02342,2026-06-26T12:18:00.000+05:30,DEBIT CARD,5600.0,SUCCESS
PY02343,BK02343,2026-04-08T15:24:00.000+05:30,UPI,8900.0,SUCCESS
PY02344,BK02344,2026-05-13T01:27:00.000+05:30,UPI,8900.0,SUCCESS
PY02345,BK02345,2026-06-29T00:58:00.000+05:30,NET BANKING,17500.0,SUCCESS
PY02346,BK02346,2026-04-26T01:52:00.000+05:30,NET BANKING,4200.0,SUCCESS
PY02347,BK02347,2026-08-03T20:19:00.000+05:30,NET BANKING,7200.0,SUCCESS
PY02348,BK02348,2026-07-22T09:44:00.000+05:30,DEBIT CARD,8900.0,SUCCESS
PY02349,BK02349,2026-07-30T15:55:00.000+05:30,DEBIT CARD,8900.0,SUCCESS
PY02350,BK02350,2026-06-07T12:17:00.000+05:30,NET BANKING,14800.0,REFUNDED
PY02351,BK02351,2026-05-18T05:26:00.000+05:30,WALLET,8900.0,SUCCESS
PY02352,BK02352,2026-05-18T02:51:00.000+05:30,DEBIT CARD,4200.0,SUCCESS
PY02353,BK02353,2026-04-23T09:05:00.000+05:30,NET BANKING,14800.0,SUCCESS
PY02354,BK02354,2026-05-25T20:26:00.000+05:30,CREDIT CARD,5600.0,SUCCESS
PY02355,BK02355,2026-06-22T00:23:00.000+05:30,CREDIT CARD,22000.0,SUCCESS
PY02356,BK02356,2026-06-10T03:05:00.000+05:30,NET BANKING,8900.0,SUCCESS
PY02357,BK02357,2026-05-03T08:22:00.000+05:30,DEBIT CARD,17500.0,SUCCESS
PY02358,BK02358,2026-05-22T03:27:00.000+05:30,UPI,12500.0,SUCCESS
PY02359,BK02359,2026-04-04T23:25:00.000+05:30,UPI,22000.0,SUCCESS
PY02360,BK02360,2026-04-13T13:16:00.000+05:30,WALLET,10500.0,SUCCESS
PY02361,BK02361,2026-06-09T11:11:00.000+05:30,NET BANKING,22000.0,REFUNDED
PY02362,BK02362,2026-07-20T08:10:00.000+05:30,WALLET,3500.0,SUCCESS
PY02363,BK02363,2026-08-01T05:40:00.000+05:30,WALLET,7200.0,SUCCESS
PY02364,BK02364,2026-06-28T20:14:00.000+05:30,WALLET,7200.0,SUCCESS
PY02365,BK02365,2026-05-19T14:02:00.000+05:30,UPI,10500.0,SUCCESS
PY02366,BK02366,2026-07-08T06:38:00.000+05:30,UPI,8900.0,REFUNDED
PY02367,BK02367,2026-08-04T00:47:00.000+05:30,UPI,5600.0,SUCCESS
PY02368,BK02368,2026-07-12T12:44:00.000+05:30,UPI,14800.0,SUCCESS
PY02369,BK02369,2026-05-15T23:37:00.000+05:30,NET BANKING,5600.0,SUCCESS
PY02370,BK02370,2026-05-12T16:17:00.000+05:30,WALLET,3500.0,SUCCESS
PY02371,BK02371,2026-05-29T08:46:00.000+05:30,NET BANKING,10500.0,REFUNDED
PY02372,BK02372,2026-05-07T04:05:00.000+05:30,DEBIT CARD,8900.0,SUCCESS
PY02373,BK02373,2026-05-20T00:25:00.000+05:30,CREDIT CARD,7200.0,FAILED
PY02374,BK02374,2026-04-26T02:51:00.000+05:30,NET BANKING,17500.0,SUCCESS
PY02375,BK02375,2026-07-31T05:59:00.000+05:30,DEBIT CARD,10500.0,SUCCESS
PY02376,BK02376,2026-07-01T13:39:00.000+05:30,CREDIT CARD,7200.0,REFUNDED
PY02377,BK02377,2026-07-31T12:53:00.000+05:30,UPI,5600.0,SUCCESS
PY02378,BK02378,2026-05-16T11:32:00.000+05:30,UPI,12500.0,SUCCESS
PY02379,BK02379,2026-05-21T13:21:00.000+05:30,NET BANKING,8900.0,SUCCESS
PY02380,BK02380,2026-05-26T18:05:00.000+05:30,NET BANKING,8900.0,SUCCESS
PY02381,BK02381,2026-07-15T19:23:00.000+05:30,UPI,14800.0,REFUNDED
PY02382,BK02382,2026-07-11T11:39:00.000+05:30,NET BANKING,12500.0,SUCCESS
PY02383,BK02383,2026-04-29T17:52:00.000+05:30,DEBIT CARD,17500.0,SUCCESS
PY02384,BK02384,2026-06-26T05:30:00.000+05:30,CREDIT CARD,8900.0,SUCCESS
PY02385,BK02385,2026-04-24T11:32:00.000+05:30,DEBIT CARD,3500.0,SUCCESS
PY02386,BK02386,2026-05-04T06:54:00.000+05:30,NET BANKING,5600.0,REFUNDED
PY02387,BK02387,2026-05-07T12:08:00.000+05:30,WALLET,14800.0,SUCCESS
PY02388,BK02388,2026-07-24T13:42:00.000+05:30,NET BANKING,10500.0,SUCCESS
PY02389,BK02389,2026-05-02T05:42:00.000+05:30,CREDIT CARD,5600.0,SUCCESS
PY02390,BK02390,2026-05-25T02:36:00.000+05:30,WALLET,7200.0,SUCCESS
PY02391,BK02391,2026-05-19T23:56:00.000+05:30,NET BANKING,12500.0,SUCCESS
PY02392,BK02392,2026-07-14T01:38:00.000+05:30,DEBIT CARD,8900.0,SUCCESS
PY02393,BK02393,2026-07-15T08:15:00.000+05:30,WALLET,17500.0,SUCCESS
PY02394,BK02394,2026-06-21T18:03:00.000+05:30,UPI,14800.0,FAILED
PY02395,BK02395,2026-06-20T20:48:00.000+05:30,NET BANKING,17500.0,SUCCESS
PY02396,BK02396,2026-05-09T11:37:00.000+05:30,DEBIT CARD,8900.0,SUCCESS
PY02397,BK02397,2026-08-21T21:06:00.000+05:30,WALLET,22000.0,SUCCESS
PY02398,BK02398,2026-07-08T07:04:00.000+05:30,CREDIT CARD,17500.0,SUCCESS
PY02399,BK02399,2026-04-17T13:56:00.000+05:30,WALLET,7200.0,SUCCESS
PY02400,BK02400,2026-05-24T20:25:00.000+05:30,DEBIT CARD,4200.0,SUCCESS
PY02401,BK02401,2026-04-05T17:06:00.000+05:30,NET BANKING,3500.0,SUCCESS
PY02402,BK02402,2026-07-11T11:00:00.000+05:30,CREDIT CARD,4200.0,SUCCESS
PY02403,BK02403,2026-07-13T05:12:00.000+05:30,UPI,17500.0,SUCCESS
PY02404,BK02404,2026-07-10T04:30:00.000+05:30,DEBIT CARD,14800.0,SUCCESS
PY02405,BK02405,2026-06-10T23:57:00.000+05:30,WALLET,17500.0,SUCCESS
PY02406,BK02406,2026-07-26T05:50:00.000+05:30,WALLET,3500.0,REFUNDED
PY02407,BK02407,2026-06-16T14:47:00.000+05:30,WALLET,7200.0,SUCCESS
PY02408,BK02408,2026-06-18T15:04:00.000+05:30,UPI,17500.0,SUCCESS
PY02409,BK02409,2026-08-15T12:45:00.000+05:30,DEBIT CARD,8900.0,SUCCESS
PY02410,BK02410,2026-05-28T09:18:00.000+05:30,DEBIT CARD,7200.0,SUCCESS
PY02411,BK02411,2026-07-03T12:42:00.000+05:30,WALLET,5600.0,SUCCESS
PY02412,BK02412,2026-05-11T20:51:00.000+05:30,WALLET,12500.0,SUCCESS
PY02413,BK02413,2026-04-15T23:17:00.000+05:30,UPI,12500.0,FAILED
PY02414,BK02414,2026-06-03T01:11:00.000+05:30,CREDIT CARD,17500.0,SUCCESS
PY02415,BK02415,2026-05-11T13:08:00.000+05:30,WALLET,17500.0,SUCCESS
PY02416,BK02416,2026-05-23T12:36:00.000+05:30,NET BANKING,22000.0,SUCCESS
PY02417,BK02417,2026-07-06T08:12:00.000+05:30,WALLET,4200.0,SUCCESS
PY02418,BK02418,2026-06-13T02:46:00.000+05:30,WALLET,10500.0,SUCCESS
PY02419,BK02419,2026-08-07T03:13:00.000+05:30,CREDIT CARD,22000.0,SUCCESS
PY02420,BK02420,2026-05-03T13:33:00.000+05:30,UPI,8900.0,SUCCESS
PY02421,BK02421,2026-07-16T04:18:00.000+05:30,UPI,7200.0,SUCCESS
PY02422,BK02422,2026-06-11T18:16:00.000+05:30,CREDIT CARD,3500.0,SUCCESS
PY02423,BK02423,2026-05-01T05:43:00.000+05:30,WALLET,4200.0,SUCCESS
PY02424,BK02424,2026-06-18T20:54:00.000+05:30,WALLET,22000.0,SUCCESS
PY02425,BK02425,2026-05-03T04:26:00.000+05:30,UPI,10500.0,SUCCESS
PY02426,BK02426,2026-05-07T02:36:00.000+05:30,UPI,10500.0,SUCCESS
PY02427,BK02427,2026-04-24T23:08:00.000+05:30,CREDIT CARD,12500.0,SUCCESS
PY02428,BK02428,2026-05-17T02:15:00.000+05:30,UPI,5600.0,SUCCESS
PY02429,BK02429,2026-07-03T16:05:00.000+05:30,DEBIT CARD,10500.0,SUCCESS
PY02430,BK02430,2026-07-30T23:35:00.000+05:30,DEBIT CARD,7200.0,SUCCESS
PY02431,BK02431,2026-06-15T02:58:00.000+05:30,NET BANKING,12500.0,SUCCESS
PY02432,BK02432,2026-05-03T08:25:00.000+05:30,NET BANKING,22000.0,SUCCESS
PY02433,BK02433,2026-06-09T10:48:00.000+05:30,UPI,10500.0,SUCCESS
PY02434,BK02434,2026-05-24T00:44:00.000+05:30,NET BANKING,7200.0,SUCCESS
PY02435,BK02435,2026-07-30T02:46:00.000+05:30,WALLET,5600.0,SUCCESS
PY02436,BK02436,2026-07-24T01:37:00.000+05:30,CREDIT CARD,7200.0,SUCCESS
PY02437,BK02437,2026-06-07T11:24:00.000+05:30,WALLET,10500.0,SUCCESS
PY02438,BK02438,2026-05-18T02:00:00.000+05:30,CREDIT CARD,22000.0,SUCCESS
PY02439,BK02439,2026-06-03T10:04:00.000+05:30,WALLET,4200.0,SUCCESS
PY02440,BK02440,2026-05-26T22:15:00.000+05:30,NET BANKING,7200.0,SUCCESS
PY02441,BK02441,2026-07-22T07:03:00.000+05:30,CREDIT CARD,4200.0,FAILED
PY02442,BK02442,2026-06-20T23:57:00.000+05:30,NET BANKING,7200.0,SUCCESS
PY02443,BK02443,2026-06-10T00:18:00.000+05:30,UPI,12500.0,SUCCESS
PY02444,BK02444,2026-05-09T13:15:00.000+05:30,WALLET,22000.0,SUCCESS
PY02445,BK02445,2026-06-08T12:47:00.000+05:30,CREDIT CARD,4200.0,SUCCESS
PY02446,BK02446,2026-06-21T19:52:00.000+05:30,WALLET,5600.0,SUCCESS
PY02447,BK02447,2026-05-20T08:18:00.000+05:30,DEBIT CARD,7200.0,SUCCESS
PY02448,BK02448,2026-07-09T09:14:00.000+05:30,DEBIT CARD,10500.0,SUCCESS
PY02449,BK02449,2026-06-14T13:30:00.000+05:30,DEBIT CARD,12500.0,SUCCESS
PY02450,BK02450,2026-06-23T02:00:00.000+05:30,WALLET,22000.0,SUCCESS
PY02451,BK02451,2026-06-02T21:41:00.000+05:30,UPI,12500.0,SUCCESS
PY02452,BK02452,2026-04-21T21:43:00.000+05:30,DEBIT CARD,4200.0,SUCCESS
PY02453,BK02453,2026-08-27T20:42:00.000+05:30,WALLET,3500.0,SUCCESS
PY02454,BK02454,2026-08-10T01:18:00.000+05:30,WALLET,10500.0,SUCCESS
PY02455,BK02455,2026-04-16T08:34:00.000+05:30,UPI,10500.0,REFUNDED
PY02456,BK02456,2026-08-09T19:16:00.000+05:30,WALLET,5600.0,SUCCESS
PY02457,BK02457,2026-05-25T05:59:00.000+05:30,WALLET,7200.0,SUCCESS
PY02458,BK02458,2026-08-06T05:50:00.000+05:30,WALLET,17500.0,SUCCESS
PY02459,BK02459,2026-04-18T23:33:00.000+05:30,WALLET,10500.0,SUCCESS
PY02460,BK02460,2026-05-10T11:19:00.000+05:30,WALLET,17500.0,SUCCESS
PY02461,BK02461,2026-07-13T14:01:00.000+05:30,WALLET,8900.0,SUCCESS
PY02462,BK02462,2026-06-13T08:43:00.000+05:30,DEBIT CARD,12500.0,SUCCESS
PY02463,BK02463,2026-07-17T10:37:00.000+05:30,UPI,3500.0,SUCCESS
PY02464,BK02464,2026-05-10T00:08:00.000+05:30,UPI,22000.0,SUCCESS
PY02465,BK02465,2026-05-22T09:58:00.000+05:30,DEBIT CARD,8900.0,SUCCESS
PY02466,BK02466,2026-05-25T08:25:00.000+05:30,UPI,10500.0,SUCCESS
PY02467,BK02467,2026-07-23T02:50:00.000+05:30,CREDIT CARD,4200.0,REFUNDED
PY02468,BK02468,2026-07-08T19:51:00.000+05:30,CREDIT CARD,7200.0,SUCCESS
PY02469,BK02469,2026-06-03T09:25:00.000+05:30,UPI,4200.0,SUCCESS
PY02470,BK02470,2026-04-26T04:23:00.000+05:30,WALLET,4200.0,SUCCESS
PY02471,BK02471,2026-08-12T16:36:00.000+05:30,NET BANKING,17500.0,SUCCESS
PY02472,BK02472,2026-05-18T09:10:00.000+05:30,CREDIT CARD,4200.0,SUCCESS
PY02473,BK02473,2026-04-20T06:46:00.000+05:30,UPI,8900.0,SUCCESS
PY02474,BK02474,2026-06-30T14:43:00.000+05:30,DEBIT CARD,17500.0,SUCCESS
PY02475,BK02475,2026-07-27T03:44:00.000+05:30,CREDIT CARD,8900.0,SUCCESS
PY02476,BK02476,2026-06-22T14:10:00.000+05:30,NET BANKING,5600.0,SUCCESS
PY02477,BK02477,2026-06-01T18:37:00.000+05:30,WALLET,14800.0,SUCCESS
PY02478,BK02478,2026-06-08T04:28:00.000+05:30,NET BANKING,12500.0,SUCCESS
PY02479,BK02479,2026-05-13T05:59:00.000+05:30,CREDIT CARD,4200.0,SUCCESS
PY02480,BK02480,2026-07-29T07:55:00.000+05:30,NET BANKING,5600.0,SUCCESS
PY02481,BK02481,2026-05-03T02:10:00.000+05:30,DEBIT CARD,8900.0,SUCCESS
PY02482,BK02482,2026-07-24T19:10:00.000+05:30,DEBIT CARD,5600.0,SUCCESS
PY02483,BK02483,2026-06-10T00:02:00.000+05:30,CREDIT CARD,4200.0,SUCCESS
PY02484,BK02484,2026-06-27T02:33:00.000+05:30,CREDIT CARD,4200.0,SUCCESS
PY02485,BK02485,2026-08-13T10:12:00.000+05:30,DEBIT CARD,7200.0,SUCCESS
PY02486,BK02486,2026-07-14T08:46:00.000+05:30,NET BANKING,7200.0,SUCCESS
PY02487,BK02487,2026-08-17T16:44:00.000+05:30,CREDIT CARD,3500.0,SUCCESS
PY02488,BK02488,2026-07-28T10:40:00.000+05:30,NET BANKING,7200.0,SUCCESS
PY02489,BK02489,2026-07-17T10:28:00.000+05:30,WALLET,4200.0,SUCCESS
PY02490,BK02490,2026-07-31T21:47:00.000+05:30,UPI,17500.0,SUCCESS
PY02491,BK02491,2026-07-15T19:31:00.000+05:30,NET BANKING,22000.0,SUCCESS
PY02492,BK02492,2026-06-06T01:07:00.000+05:30,UPI,22000.0,FAILED
PY02493,BK02493,2026-05-09T00:49:00.000+05:30,CREDIT CARD,17500.0,SUCCESS
PY02494,BK02494,2026-05-23T01:40:00.000+05:30,WALLET,22000.0,SUCCESS
PY02495,BK02495,2026-07-31T10:51:00.000+05:30,UPI,12500.0,FAILED
PY02496,BK02496,2026-06-07T08:27:00.000+05:30,WALLET,17500.0,SUCCESS
PY02497,BK02497,2026-04-24T16:28:00.000+05:30,CREDIT CARD,3500.0,SUCCESS
PY02498,BK02498,2026-04-27T01:07:00.000+05:30,UPI,3500.0,SUCCESS
PY02499,BK02499,2026-04-27T10:00:00.000+05:30,WALLET,12500.0,SUCCESS
PY02500,BK02500,2026-05-11T20:55:00.000+05:30,CREDIT CARD,7200.0,SUCCESS
PY02501,BK02501,2026-07-04T05:44:00.000+05:30,DEBIT CARD,12500.0,SUCCESS
PY02502,BK02502,2026-05-20T02:35:00.000+05:30,DEBIT CARD,5600.0,SUCCESS
PY02503,BK02503,2026-07-09T17:38:00.000+05:30,WALLET,4200.0,SUCCESS
PY02504,BK02504,2026-06-26T20:29:00.000+05:30,UPI,4200.0,SUCCESS
PY02505,BK02505,2026-07-05T07:47:00.000+05:30,CREDIT CARD,14800.0,SUCCESS
PY02506,BK02506,2026-05-22T03:32:00.000+05:30,WALLET,3500.0,SUCCESS
PY02507,BK02507,2026-05-14T07:09:00.000+05:30,WALLET,22000.0,SUCCESS
PY02508,BK02508,2026-04-16T00:16:00.000+05:30,CREDIT CARD,17500.0,SUCCESS
PY02509,BK02509,2026-06-15T10:09:00.000+05:30,WALLET,7200.0,SUCCESS
PY02510,BK02510,2026-06-14T19:25:00.000+05:30,WALLET,12500.0,SUCCESS
PY02511,BK02511,2026-05-15T21:09:00.000+05:30,DEBIT CARD,10500.0,SUCCESS
PY02512,BK02512,2026-06-30T06:14:00.000+05:30,NET BANKING,14800.0,SUCCESS
PY02513,BK02513,2026-08-08T06:25:00.000+05:30,UPI,7200.0,SUCCESS
PY02514,BK02514,2026-04-30T16:55:00.000+05:30,DEBIT CARD,22000.0,SUCCESS
PY02515,BK02515,2026-06-11T03:29:00.000+05:30,NET BANKING,10500.0,REFUNDED
PY02516,BK02516,2026-07-12T12:23:00.000+05:30,NET BANKING,3500.0,FAILED
PY02517,BK02517,2026-06-28T00:35:00.000+05:30,CREDIT CARD,17500.0,REFUNDED
PY02518,BK02518,2026-04-24T22:36:00.000+05:30,UPI,5600.0,SUCCESS
PY02519,BK02519,2026-04-13T17:35:00.000+05:30,UPI,3500.0,FAILED
PY02520,BK02520,2026-05-17T21:27:00.000+05:30,DEBIT CARD,22000.0,SUCCESS
PY02521,BK02521,2026-05-17T21:37:00.000+05:30,NET BANKING,22000.0,SUCCESS
PY02522,BK02522,2026-06-17T09:08:00.000+05:30,CREDIT CARD,7200.0,SUCCESS
PY02523,BK02523,2026-05-06T08:24:00.000+05:30,UPI,17500.0,SUCCESS
PY02524,BK02524,2026-06-10T05:37:00.000+05:30,NET BANKING,17500.0,SUCCESS
PY02525,BK02525,2026-04-30T10:05:00.000+05:30,UPI,10500.0,SUCCESS
PY02526,BK02526,2026-07-09T03:49:00.000+05:30,DEBIT CARD,10500.0,SUCCESS
PY02527,BK02527,2026-04-21T21:28:00.000+05:30,WALLET,12500.0,SUCCESS
PY02528,BK02528,2026-06-26T03:34:00.000+05:30,CREDIT CARD,3500.0,SUCCESS
PY02529,BK02529,2026-07-06T01:24:00.000+05:30,DEBIT CARD,17500.0,SUCCESS
PY02530,BK02530,2026-06-11T06:02:00.000+05:30,CREDIT CARD,7200.0,SUCCESS
PY02531,BK02531,2026-05-23T23:41:00.000+05:30,DEBIT CARD,10500.0,SUCCESS
PY02532,BK02532,2026-05-13T04:17:00.000+05:30,UPI,10500.0,SUCCESS
PY02533,BK02533,2026-06-20T09:08:00.000+05:30,NET BANKING,7200.0,SUCCESS
PY02534,BK02534,2026-08-08T12:13:00.000+05:30,CREDIT CARD,12500.0,FAILED
PY02535,BK02535,2026-07-30T23:14:00.000+05:30,NET BANKING,4200.0,SUCCESS
PY02536,BK02536,2026-05-29T10:16:00.000+05:30,WALLET,5600.0,SUCCESS
PY02537,BK02537,2026-08-08T06:00:00.000+05:30,DEBIT CARD,12500.0,SUCCESS
PY02538,BK02538,2026-05-10T19:54:00.000+05:30,NET BANKING,14800.0,FAILED
PY02539,BK02539,2026-08-24T13:35:00.000+05:30,WALLET,17500.0,SUCCESS
PY02540,BK02540,2026-04-29T08:27:00.000+05:30,UPI,3500.0,SUCCESS
PY02541,BK02541,2026-04-15T02:26:00.000+05:30,UPI,14800.0,SUCCESS
PY02542,BK02542,2026-04-14T10:40:00.000+05:30,NET BANKING,3500.0,SUCCESS
PY02543,BK02543,2026-06-29T23:23:00.000+05:30,CREDIT CARD,7200.0,SUCCESS
PY02544,BK02544,2026-05-17T02:33:00.000+05:30,DEBIT CARD,4200.0,SUCCESS
PY02545,BK02545,2026-04-11T03:12:00.000+05:30,DEBIT CARD,10500.0,SUCCESS
PY02546,BK02546,2026-06-18T23:39:00.000+05:30,NET BANKING,12500.0,FAILED
PY02547,BK02547,2026-05-28T02:24:00.000+05:30,WALLET,12500.0,SUCCESS
PY02548,BK02548,2026-04-20T02:28:00.000+05:30,NET BANKING,3500.0,SUCCESS
PY02549,BK02549,2026-05-15T03:57:00.000+05:30,CREDIT CARD,5600.0,SUCCESS
PY02550,BK02550,2026-05-07T03:11:00.000+05:30,WALLET,14800.0,SUCCESS
PY02551,BK02551,2026-07-30T07:20:00.000+05:30,DEBIT CARD,12500.0,SUCCESS
PY02552,BK02552,2026-07-18T12:54:00.000+05:30,NET BANKING,22000.0,SUCCESS
PY02553,BK02553,2026-07-05T01:35:00.000+05:30,WALLET,3500.0,SUCCESS
PY02554,BK02554,2026-05-07T13:07:00.000+05:30,CREDIT CARD,14800.0,SUCCESS
PY02555,BK02555,2026-06-16T09:41:00.000+05:30,DEBIT CARD,12500.0,SUCCESS
PY02556,BK02556,2026-07-10T01:21:00.000+05:30,WALLET,22000.0,SUCCESS
PY02557,BK02557,2026-04-26T03:38:00.000+05:30,DEBIT CARD,10500.0,SUCCESS
PY02558,BK02558,2026-05-02T10:49:00.000+05:30,DEBIT CARD,4200.0,SUCCESS
PY02559,BK02559,2026-04-22T23:35:00.000+05:30,CREDIT CARD,3500.0,FAILED
PY02560,BK02560,2026-06-18T17:27:00.000+05:30,CREDIT CARD,12500.0,SUCCESS
PY02561,BK02561,2026-06-24T10:55:00.000+05:30,WALLET,22000.0,SUCCESS
PY02562,BK02562,2026-04-18T13:57:00.000+05:30,UPI,7200.0,FAILED
PY02563,BK02563,2026-05-18T14:07:00.000+05:30,UPI,17500.0,SUCCESS
PY02564,BK02564,2026-06-11T16:56:00.000+05:30,UPI,5600.0,FAILED
PY02565,BK02565,2026-06-22T04:40:00.000+05:30,WALLET,8900.0,SUCCESS
PY02566,BK02566,2026-06-19T13:39:00.000+05:30,UPI,10500.0,SUCCESS
PY02567,BK02567,2026-08-09T15:26:00.000+05:30,NET BANKING,12500.0,SUCCESS
PY02568,BK02568,2026-05-30T09:51:00.000+05:30,UPI,22000.0,SUCCESS
PY02569,BK02569,2026-06-04T08:16:00.000+05:30,DEBIT CARD,17500.0,SUCCESS
PY02570,BK02570,2026-05-25T04:08:00.000+05:30,CREDIT CARD,4200.0,SUCCESS
PY02571,BK02571,2026-05-19T12:22:00.000+05:30,DEBIT CARD,7200.0,SUCCESS
PY02572,BK02572,2026-07-15T13:39:00.000+05:30,NET BANKING,5600.0,SUCCESS
PY02573,BK02573,2026-05-04T08:13:00.000+05:30,UPI,22000.0,SUCCESS
PY02574,BK02574,2026-06-10T00:24:00.000+05:30,UPI,22000.0,SUCCESS
PY02575,BK02575,2026-05-15T23:51:00.000+05:30,CREDIT CARD,17500.0,SUCCESS
PY02576,BK02576,2026-05-04T13:01:00.000+05:30,UPI,22000.0,SUCCESS
PY02577,BK02577,2026-07-14T23:01:00.000+05:30,UPI,4200.0,SUCCESS
PY02578,BK02578,2026-06-24T14:29:00.000+05:30,CREDIT CARD,4200.0,SUCCESS
PY02579,BK02579,2026-06-21T03:12:00.000+05:30,CREDIT CARD,4200.0,SUCCESS
PY02580,BK02580,2026-07-30T03:27:00.000+05:30,CREDIT CARD,22000.0,SUCCESS
PY02581,BK02581,2026-07-19T16:04:00.000+05:30,UPI,8900.0,SUCCESS
PY02582,BK02582,2026-06-26T11:39:00.000+05:30,WALLET,22000.0,SUCCESS
PY02583,BK02583,2026-08-19T08:32:00.000+05:30,DEBIT CARD,3500.0,SUCCESS
PY02584,BK02584,2026-06-04T13:56:00.000+05:30,UPI,14800.0,SUCCESS
PY02585,BK02585,2026-06-14T12:22:00.000+05:30,DEBIT CARD,17500.0,SUCCESS
PY02586,BK02586,2026-05-26T07:57:00.000+05:30,CREDIT CARD,5600.0,SUCCESS
PY02587,BK02587,2026-05-10T00:16:00.000+05:30,DEBIT CARD,7200.0,SUCCESS
PY02588,BK02588,2026-06-01T07:00:00.000+05:30,WALLET,17500.0,SUCCESS
PY02589,BK02589,2026-06-09T12:53:00.000+05:30,NET BANKING,3500.0,SUCCESS
PY02590,BK02590,2026-06-12T09:09:00.000+05:30,UPI,8900.0,SUCCESS
PY02591,BK02591,2026-08-25T09:46:00.000+05:30,UPI,4200.0,SUCCESS
PY02592,BK02592,2026-07-18T16:57:00.000+05:30,NET BANKING,17500.0,SUCCESS
PY02593,BK02593,2026-06-12T20:30:00.000+05:30,DEBIT CARD,22000.0,SUCCESS
PY02594,BK02594,2026-04-25T05:22:00.000+05:30,WALLET,3500.0,SUCCESS
PY02595,BK02595,2026-06-30T10:58:00.000+05:30,CREDIT CARD,3500.0,SUCCESS
PY02596,BK02596,2026-07-30T14:13:00.000+05:30,WALLET,7200.0,SUCCESS
PY02597,BK02597,2026-06-12T12:18:00.000+05:30,DEBIT CARD,7200.0,SUCCESS
PY02598,BK02598,2026-06-01T18:19:00.000+05:30,NET BANKING,14800.0,SUCCESS
PY02599,BK02599,2026-06-29T15:55:00.000+05:30,NET BANKING,7200.0,SUCCESS
PY02600,BK02600,2026-08-06T15:41:00.000+05:30,UPI,7200.0,SUCCESS
PY02601,BK02601,2026-04-27T04:47:00.000+05:30,WALLET,22000.0,SUCCESS
PY02602,BK02602,2026-07-20T00:04:00.000+05:30,DEBIT CARD,3500.0,SUCCESS
PY02603,BK02603,2026-08-09T02:17:00.000+05:30,NET BANKING,8900.0,SUCCESS
PY02604,BK02604,2026-05-10T12:34:00.000+05:30,CREDIT CARD,17500.0,REFUNDED
PY02605,BK02605,2026-08-15T18:52:00.000+05:30,NET BANKING,10500.0,SUCCESS
PY02606,BK02606,2026-07-17T21:17:00.000+05:30,WALLET,10500.0,SUCCESS
PY02607,BK02607,2026-05-19T21:35:00.000+05:30,DEBIT CARD,3500.0,SUCCESS
PY02608,BK02608,2026-05-03T20:06:00.000+05:30,DEBIT CARD,22000.0,SUCCESS
PY02609,BK02609,2026-05-19T15:28:00.000+05:30,DEBIT CARD,22000.0,SUCCESS
PY02610,BK02610,2026-06-14T08:32:00.000+05:30,WALLET,4200.0,REFUNDED
PY02611,BK02611,2026-06-29T07:51:00.000+05:30,NET BANKING,4200.0,SUCCESS
PY02612,BK02612,2026-06-22T04:37:00.000+05:30,CREDIT CARD,5600.0,SUCCESS
PY02613,BK02613,2026-05-26T07:58:00.000+05:30,NET BANKING,3500.0,SUCCESS
PY02614,BK02614,2026-04-20T06:06:00.000+05:30,UPI,22000.0,SUCCESS
PY02615,BK02615,2026-06-12T22:36:00.000+05:30,WALLET,22000.0,SUCCESS
PY02616,BK02616,2026-06-27T03:55:00.000+05:30,NET BANKING,5600.0,SUCCESS
PY02617,BK02617,2026-07-23T10:25:00.000+05:30,CREDIT CARD,8900.0,SUCCESS
PY02618,BK02618,2026-07-12T03:07:00.000+05:30,WALLET,3500.0,SUCCESS
PY02619,BK02619,2026-07-17T11:18:00.000+05:30,WALLET,17500.0,SUCCESS
PY02620,BK02620,2026-08-22T19:32:00.000+05:30,NET BANKING,4200.0,SUCCESS
PY02621,BK02621,2026-04-21T02:02:00.000+05:30,DEBIT CARD,7200.0,SUCCESS
PY02622,BK02622,2026-07-07T14:07:00.000+05:30,WALLET,5600.0,SUCCESS
PY02623,BK02623,2026-07-09T00:44:00.000+05:30,DEBIT CARD,10500.0,SUCCESS
PY02624,BK02624,2026-07-27T23:26:00.000+05:30,DEBIT CARD,8900.0,REFUNDED
PY02625,BK02625,2026-04-07T15:48:00.000+05:30,WALLET,8900.0,FAILED
PY02626,BK02626,2026-05-25T08:01:00.000+05:30,NET BANKING,3500.0,SUCCESS
PY02627,BK02627,2026-04-07T21:12:00.000+05:30,DEBIT CARD,12500.0,SUCCESS
PY02628,BK02628,2026-08-18T10:48:00.000+05:30,CREDIT CARD,8900.0,SUCCESS
PY02629,BK02629,2026-07-12T07:57:00.000+05:30,DEBIT CARD,10500.0,SUCCESS
PY02630,BK02630,2026-05-16T04:22:00.000+05:30,DEBIT CARD,3500.0,SUCCESS
PY02631,BK02631,2026-07-23T23:38:00.000+05:30,NET BANKING,4200.0,SUCCESS
PY02632,BK02632,2026-06-19T22:58:00.000+05:30,UPI,7200.0,SUCCESS
PY02633,BK02633,2026-07-23T08:17:00.000+05:30,NET BANKING,10500.0,SUCCESS
PY02634,BK02634,2026-05-02T06:04:00.000+05:30,UPI,14800.0,SUCCESS
PY02635,BK02635,2026-05-19T11:35:00.000+05:30,DEBIT CARD,22000.0,SUCCESS
PY02636,BK02636,2026-06-11T20:29:00.000+05:30,CREDIT CARD,3500.0,SUCCESS
PY02637,BK02637,2026-06-12T04:07:00.000+05:30,NET BANKING,7200.0,SUCCESS
PY02638,BK02638,2026-05-27T11:34:00.000+05:30,WALLET,8900.0,SUCCESS
PY02639,BK02639,2026-06-11T20:41:00.000+05:30,CREDIT CARD,8900.0,SUCCESS
PY02640,BK02640,2026-08-07T02:19:00.000+05:30,UPI,17500.0,SUCCESS
PY02641,BK02641,2026-06-30T06:30:00.000+05:30,UPI,12500.0,SUCCESS
PY02642,BK02642,2026-08-15T03:30:00.000+05:30,NET BANKING,17500.0,SUCCESS
PY02643,BK02643,2026-05-26T11:28:00.000+05:30,DEBIT CARD,17500.0,SUCCESS
PY02644,BK02644,2026-07-07T00:04:00.000+05:30,CREDIT CARD,5600.0,SUCCESS
PY02645,BK02645,2026-04-14T02:43:00.000+05:30,CREDIT CARD,12500.0,SUCCESS
PY02646,BK02646,2026-05-12T08:20:00.000+05:30,WALLET,8900.0,SUCCESS
PY02647,BK02647,2026-06-24T02:49:00.000+05:30,CREDIT CARD,22000.0,SUCCESS
PY02648,BK02648,2026-05-01T20:46:00.000+05:30,UPI,8900.0,SUCCESS
PY02649,BK02649,2026-05-16T08:28:00.000+05:30,NET BANKING,12500.0,SUCCESS
PY02650,BK02650,2026-06-21T14:29:00.000+05:30,DEBIT CARD,8900.0,SUCCESS
PY02651,BK02651,2026-08-14T18:53:00.000+05:30,CREDIT CARD,12500.0,SUCCESS
PY02652,BK02652,2026-06-01T16:06:00.000+05:30,WALLET,4200.0,SUCCESS
PY02653,BK02653,2026-07-20T01:34:00.000+05:30,WALLET,22000.0,SUCCESS
PY02654,BK02654,2026-08-11T03:56:00.000+05:30,DEBIT CARD,12500.0,SUCCESS
PY02655,BK02655,2026-05-30T17:57:00.000+05:30,UPI,4200.0,SUCCESS
PY02656,BK02656,2026-06-16T04:19:00.000+05:30,CREDIT CARD,3500.0,SUCCESS
PY02657,BK02657,2026-07-05T22:03:00.000+05:30,DEBIT CARD,5600.0,SUCCESS
PY02658,BK02658,2026-07-14T10:27:00.000+05:30,CREDIT CARD,10500.0,SUCCESS
PY02659,BK02659,2026-05-19T19:05:00.000+05:30,CREDIT CARD,22000.0,SUCCESS
PY02660,BK02660,2026-08-11T04:38:00.000+05:30,WALLET,17500.0,FAILED
PY02661,BK02661,2026-04-17T22:27:00.000+05:30,CREDIT CARD,17500.0,SUCCESS
PY02662,BK02662,2026-06-10T22:22:00.000+05:30,DEBIT CARD,4200.0,SUCCESS
PY02663,BK02663,2026-08-08T11:34:00.000+05:30,UPI,22000.0,SUCCESS
PY02664,BK02664,2026-04-17T11:43:00.000+05:30,NET BANKING,4200.0,SUCCESS
PY02665,BK02665,2026-04-30T13:32:00.000+05:30,CREDIT CARD,22000.0,SUCCESS
PY02666,BK02666,2026-07-02T07:01:00.000+05:30,DEBIT CARD,17500.0,SUCCESS
PY02667,BK02667,2026-06-16T02:24:00.000+05:30,CREDIT CARD,4200.0,REFUNDED
PY02668,BK02668,2026-06-02T16:32:00.000+05:30,UPI,5600.0,SUCCESS
PY02669,BK02669,2026-05-04T02:39:00.000+05:30,DEBIT CARD,12500.0,SUCCESS
PY02670,BK02670,2026-06-05T03:05:00.000+05:30,DEBIT CARD,10500.0,SUCCESS
PY02671,BK02671,2026-05-22T19:16:00.000+05:30,DEBIT CARD,14800.0,SUCCESS
PY02672,BK02672,2026-07-24T17:27:00.000+05:30,NET BANKING,8900.0,SUCCESS
PY02673,BK02673,2026-07-10T19:20:00.000+05:30,UPI,17500.0,SUCCESS
PY02674,BK02674,2026-07-03T20:23:00.000+05:30,NET BANKING,17500.0,SUCCESS
PY02675,BK02675,2026-07-22T08:30:00.000+05:30,WALLET,7200.0,SUCCESS
PY02676,BK02676,2026-05-31T21:01:00.000+05:30,UPI,12500.0,SUCCESS
PY02677,BK02677,2026-04-24T14:10:00.000+05:30,UPI,4200.0,SUCCESS
PY02678,BK02678,2026-04-14T08:28:00.000+05:30,NET BANKING,3500.0,SUCCESS
PY02679,BK02679,2026-05-14T08:00:00.000+05:30,UPI,8900.0,SUCCESS
PY02680,BK02680,2026-04-30T21:31:00.000+05:30,UPI,8900.0,SUCCESS
PY02681,BK02681,2026-05-17T09:25:00.000+05:30,CREDIT CARD,14800.0,SUCCESS
PY02682,BK02682,2026-07-24T11:41:00.000+05:30,DEBIT CARD,4200.0,SUCCESS
PY02683,BK02683,2026-07-20T10:47:00.000+05:30,NET BANKING,17500.0,SUCCESS
PY02684,BK02684,2026-05-19T16:46:00.000+05:30,DEBIT CARD,8900.0,SUCCESS
PY02685,BK02685,2026-06-26T08:21:00.000+05:30,WALLET,22000.0,SUCCESS
PY02686,BK02686,2026-04-30T22:05:00.000+05:30,CREDIT CARD,5600.0,SUCCESS
PY02687,BK02687,2026-06-30T16:08:00.000+05:30,WALLET,12500.0,SUCCESS
PY02688,BK02688,2026-07-27T02:26:00.000+05:30,DEBIT CARD,12500.0,SUCCESS
PY02689,BK02689,2026-06-10T21:48:00.000+05:30,CREDIT CARD,5600.0,SUCCESS
PY02690,BK02690,2026-07-09T21:58:00.000+05:30,CREDIT CARD,17500.0,FAILED
PY02691,BK02691,2026-05-13T06:31:00.000+05:30,UPI,12500.0,SUCCESS
PY02692,BK02692,2026-05-26T19:10:00.000+05:30,CREDIT CARD,3500.0,SUCCESS
PY02693,BK02693,2026-04-29T00:41:00.000+05:30,DEBIT CARD,14800.0,SUCCESS
PY02694,BK02694,2026-07-28T23:41:00.000+05:30,NET BANKING,17500.0,SUCCESS
PY02695,BK02695,2026-07-06T17:37:00.000+05:30,NET BANKING,22000.0,SUCCESS
PY02696,BK02696,2026-07-15T17:23:00.000+05:30,UPI,22000.0,SUCCESS
PY02697,BK02697,2026-05-28T11:42:00.000+05:30,DEBIT CARD,4200.0,SUCCESS
PY02698,BK02698,2026-07-22T23:26:00.000+05:30,WALLET,14800.0,SUCCESS
PY02699,BK02699,2026-05-09T02:55:00.000+05:30,WALLET,12500.0,SUCCESS
PY02700,BK02700,2026-08-01T17:05:00.000+05:30,WALLET,10500.0,SUCCESS
PY02701,BK02701,2026-05-03T06:56:00.000+05:30,CREDIT CARD,4200.0,SUCCESS
PY02702,BK02702,2026-05-04T04:20:00.000+05:30,WALLET,12500.0,SUCCESS
PY02703,BK02703,2026-05-21T22:18:00.000+05:30,UPI,10500.0,SUCCESS
PY02704,BK02704,2026-07-10T00:13:00.000+05:30,NET BANKING,17500.0,SUCCESS
PY02705,BK02705,2026-04-21T08:39:00.000+05:30,CREDIT CARD,7200.0,SUCCESS
PY02706,BK02706,2026-05-27T03:51:00.000+05:30,WALLET,17500.0,SUCCESS
PY02707,BK02707,2026-06-14T11:49:00.000+05:30,CREDIT CARD,14800.0,SUCCESS
PY02708,BK02708,2026-07-04T08:38:00.000+05:30,UPI,4200.0,SUCCESS
PY02709,BK02709,2026-05-12T16:41:00.000+05:30,UPI,3500.0,SUCCESS
PY02710,BK02710,2026-06-30T14:39:00.000+05:30,DEBIT CARD,8900.0,FAILED
PY02711,BK02711,2026-05-07T09:17:00.000+05:30,UPI,5600.0,SUCCESS
PY02712,BK02712,2026-06-09T05:05:00.000+05:30,NET BANKING,4200.0,SUCCESS
PY02713,BK02713,2026-07-26T01:47:00.000+05:30,DEBIT CARD,4200.0,SUCCESS
PY02714,BK02714,2026-08-12T11:19:00.000+05:30,UPI,5600.0,SUCCESS
PY02715,BK02715,2026-04-24T15:39:00.000+05:30,WALLET,10500.0,SUCCESS
PY02716,BK02716,2026-05-17T21:48:00.000+05:30,DEBIT CARD,5600.0,SUCCESS
PY02717,BK02717,2026-06-29T03:42:00.000+05:30,NET BANKING,10500.0,SUCCESS
PY02718,BK02718,2026-06-22T03:53:00.000+05:30,NET BANKING,3500.0,SUCCESS
PY02719,BK02719,2026-06-08T17:53:00.000+05:30,DEBIT CARD,4200.0,SUCCESS
PY02720,BK02720,2026-04-11T21:19:00.000+05:30,UPI,8900.0,SUCCESS
PY02721,BK02721,2026-06-26T23:56:00.000+05:30,UPI,22000.0,SUCCESS
PY02722,BK02722,2026-05-17T01:55:00.000+05:30,NET BANKING,22000.0,SUCCESS
PY02723,BK02723,2026-07-03T01:43:00.000+05:30,UPI,10500.0,SUCCESS
PY02724,BK02724,2026-05-29T00:07:00.000+05:30,UPI,4200.0,SUCCESS
PY02725,BK02725,2026-07-22T00:00:00.000+05:30,DEBIT CARD,14800.0,SUCCESS
PY02726,BK02726,2026-06-25T01:20:00.000+05:30,NET BANKING,17500.0,REFUNDED
PY02727,BK02727,2026-06-30T18:07:00.000+05:30,DEBIT CARD,4200.0,SUCCESS
PY02728,BK02728,2026-08-08T05:08:00.000+05:30,WALLET,3500.0,SUCCESS
PY02729,BK02729,2026-04-26T01:05:00.000+05:30,WALLET,17500.0,SUCCESS
PY02730,BK02730,2026-07-01T07:35:00.000+05:30,UPI,8900.0,SUCCESS
PY02731,BK02731,2026-07-04T14:35:00.000+05:30,UPI,17500.0,SUCCESS
PY02732,BK02732,2026-04-27T02:08:00.000+05:30,NET BANKING,17500.0,SUCCESS
PY02733,BK02733,2026-05-18T20:24:00.000+05:30,WALLET,12500.0,SUCCESS
PY02734,BK02734,2026-06-24T00:48:00.000+05:30,DEBIT CARD,10500.0,SUCCESS
PY02735,BK02735,2026-07-26T07:23:00.000+05:30,CREDIT CARD,5600.0,SUCCESS
PY02736,BK02736,2026-08-15T16:01:00.000+05:30,NET BANKING,17500.0,SUCCESS
PY02737,BK02737,2026-07-19T03:46:00.000+05:30,UPI,4200.0,SUCCESS
PY02738,BK02738,2026-06-09T08:36:00.000+05:30,CREDIT CARD,7200.0,REFUNDED
PY02739,BK02739,2026-05-16T10:07:00.000+05:30,NET BANKING,10500.0,FAILED
PY02740,BK02740,2026-07-24T10:07:00.000+05:30,DEBIT CARD,14800.0,REFUNDED
PY02741,BK02741,2026-07-08T21:50:00.000+05:30,CREDIT CARD,7200.0,SUCCESS
PY02742,BK02742,2026-07-26T08:18:00.000+05:30,CREDIT CARD,10500.0,SUCCESS
PY02743,BK02743,2026-05-18T03:34:00.000+05:30,DEBIT CARD,8900.0,SUCCESS
PY02744,BK02744,2026-04-22T02:40:00.000+05:30,NET BANKING,4200.0,SUCCESS
PY02745,BK02745,2026-05-31T20:07:00.000+05:30,UPI,14800.0,SUCCESS
PY02746,BK02746,2026-07-04T02:35:00.000+05:30,WALLET,8900.0,SUCCESS
PY02747,BK02747,2026-07-08T07:38:00.000+05:30,UPI,14800.0,SUCCESS
PY02748,BK02748,2026-07-11T14:45:00.000+05:30,NET BANKING,8900.0,SUCCESS
PY02749,BK02749,2026-07-05T08:16:00.000+05:30,CREDIT CARD,7200.0,SUCCESS
PY02750,BK02750,2026-06-24T14:07:00.000+05:30,UPI,22000.0,SUCCESS
PY02751,BK02751,2026-04-23T21:05:00.000+05:30,DEBIT CARD,4200.0,SUCCESS
PY02752,BK02752,2026-04-17T19:50:00.000+05:30,DEBIT CARD,10500.0,SUCCESS
PY02753,BK02753,2026-06-06T05:21:00.000+05:30,UPI,8900.0,SUCCESS
PY02754,BK02754,2026-06-02T05:51:00.000+05:30,CREDIT CARD,4200.0,SUCCESS
PY02755,BK02755,2026-08-22T03:08:00.000+05:30,WALLET,5600.0,SUCCESS
PY02756,BK02756,2026-06-30T13:41:00.000+05:30,UPI,3500.0,SUCCESS
PY02757,BK02757,2026-05-12T06:49:00.000+05:30,NET BANKING,17500.0,SUCCESS
PY02758,BK02758,2026-05-27T03:07:00.000+05:30,UPI,5600.0,SUCCESS
PY02759,BK02759,2026-04-17T12:51:00.000+05:30,CREDIT CARD,17500.0,SUCCESS
PY02760,BK02760,2026-04-25T01:22:00.000+05:30,DEBIT CARD,22000.0,SUCCESS
PY02761,BK02761,2026-06-18T22:53:00.000+05:30,DEBIT CARD,8900.0,REFUNDED
PY02762,BK02762,2026-08-07T09:21:00.000+05:30,WALLET,3500.0,SUCCESS
PY02763,BK02763,2026-07-07T08:52:00.000+05:30,DEBIT CARD,10500.0,SUCCESS
PY02764,BK02764,2026-04-20T00:05:00.000+05:30,UPI,3500.0,SUCCESS
PY02765,BK02765,2026-05-21T23:04:00.000+05:30,CREDIT CARD,5600.0,SUCCESS
PY02766,BK02766,2026-07-27T02:08:00.000+05:30,DEBIT CARD,4200.0,SUCCESS
PY02767,BK02767,2026-04-08T00:05:00.000+05:30,CREDIT CARD,3500.0,SUCCESS
PY02768,BK02768,2026-06-16T18:21:00.000+05:30,CREDIT CARD,7200.0,SUCCESS
PY02769,BK02769,2026-05-16T12:55:00.000+05:30,WALLET,12500.0,SUCCESS
PY02770,BK02770,2026-05-25T17:05:00.000+05:30,UPI,8900.0,SUCCESS
PY02771,BK02771,2026-05-20T10:23:00.000+05:30,NET BANKING,5600.0,SUCCESS
PY02772,BK02772,2026-06-22T07:24:00.000+05:30,WALLET,22000.0,SUCCESS
PY02773,BK02773,2026-04-19T01:15:00.000+05:30,WALLET,12500.0,SUCCESS
PY02774,BK02774,2026-05-26T08:40:00.000+05:30,UPI,14800.0,SUCCESS
PY02775,BK02775,2026-06-30T22:13:00.000+05:30,WALLET,7200.0,SUCCESS
PY02776,BK02776,2026-07-12T12:48:00.000+05:30,NET BANKING,3500.0,SUCCESS
PY02777,BK02777,2026-08-09T22:04:00.000+05:30,DEBIT CARD,14800.0,SUCCESS
PY02778,BK02778,2026-07-17T07:48:00.000+05:30,NET BANKING,14800.0,SUCCESS
PY02779,BK02779,2026-04-24T13:39:00.000+05:30,NET BANKING,5600.0,SUCCESS
PY02780,BK02780,2026-08-10T15:33:00.000+05:30,CREDIT CARD,8900.0,REFUNDED
PY02781,BK02781,2026-08-04T12:34:00.000+05:30,DEBIT CARD,3500.0,REFUNDED
PY02782,BK02782,2026-07-23T06:25:00.000+05:30,NET BANKING,10500.0,SUCCESS
PY02783,BK02783,2026-07-03T04:08:00.000+05:30,CREDIT CARD,4200.0,SUCCESS
PY02784,BK02784,2026-06-01T09:13:00.000+05:30,CREDIT CARD,12500.0,SUCCESS
PY02785,BK02785,2026-04-27T04:29:00.000+05:30,CREDIT CARD,14800.0,SUCCESS
PY02786,BK02786,2026-05-19T23:53:00.000+05:30,CREDIT CARD,12500.0,SUCCESS
PY02787,BK02787,2026-08-01T18:42:00.000+05:30,WALLET,5600.0,SUCCESS
PY02788,BK02788,2026-06-29T13:50:00.000+05:30,CREDIT CARD,4200.0,SUCCESS
PY02789,BK02789,2026-04-14T14:14:00.000+05:30,NET BANKING,3500.0,SUCCESS
PY02790,BK02790,2026-04-26T21:40:00.000+05:30,NET BANKING,17500.0,SUCCESS
PY02791,BK02791,2026-05-22T15:03:00.000+05:30,UPI,10500.0,SUCCESS
PY02792,BK02792,2026-05-04T00:06:00.000+05:30,CREDIT CARD,17500.0,SUCCESS
PY02793,BK02793,2026-05-02T12:49:00.000+05:30,DEBIT CARD,7200.0,SUCCESS
PY02794,BK02794,2026-06-26T04:43:00.000+05:30,CREDIT CARD,22000.0,SUCCESS
PY02795,BK02795,2026-05-27T06:53:00.000+05:30,UPI,14800.0,SUCCESS
PY02796,BK02796,2026-04-11T09:13:00.000+05:30,WALLET,7200.0,FAILED
PY02797,BK02797,2026-06-16T09:25:00.000+05:30,DEBIT CARD,8900.0,SUCCESS
PY02798,BK02798,2026-05-01T20:50:00.000+05:30,CREDIT CARD,10500.0,SUCCESS
PY02799,BK02799,2026-07-31T06:38:00.000+05:30,NET BANKING,8900.0,SUCCESS
PY02800,BK02800,2026-05-17T07:39:00.000+05:30,NET BANKING,7200.0,SUCCESS
PY02801,BK02801,2026-06-26T19:42:00.000+05:30,CREDIT CARD,12500.0,FAILED
PY02802,BK02802,2026-07-08T08:08:00.000+05:30,DEBIT CARD,8900.0,SUCCESS
PY02803,BK02803,2026-07-29T04:49:00.000+05:30,UPI,17500.0,SUCCESS
PY02804,BK02804,2026-05-14T02:09:00.000+05:30,WALLET,3500.0,SUCCESS
PY02805,BK02805,2026-08-20T19:24:00.000+05:30,UPI,14800.0,FAILED
PY02806,BK02806,2026-06-30T05:42:00.000+05:30,DEBIT CARD,10500.0,SUCCESS
PY02807,BK02807,2026-06-04T06:15:00.000+05:30,UPI,8900.0,SUCCESS
PY02808,BK02808,2026-08-08T05:23:00.000+05:30,WALLET,8900.0,SUCCESS
PY02809,BK02809,2026-08-19T11:37:00.000+05:30,UPI,22000.0,SUCCESS
PY02810,BK02810,2026-05-05T13:28:00.000+05:30,CREDIT CARD,10500.0,SUCCESS
PY02811,BK02811,2026-05-19T16:48:00.000+05:30,CREDIT CARD,5600.0,SUCCESS
PY02812,BK02812,2026-08-09T02:41:00.000+05:30,CREDIT CARD,7200.0,SUCCESS
PY02813,BK02813,2026-07-20T14:43:00.000+05:30,WALLET,17500.0,SUCCESS
PY02814,BK02814,2026-07-07T19:21:00.000+05:30,NET BANKING,8900.0,SUCCESS
PY02815,BK02815,2026-05-15T17:08:00.000+05:30,NET BANKING,4200.0,SUCCESS
PY02816,BK02816,2026-06-29T12:25:00.000+05:30,WALLET,14800.0,SUCCESS
PY02817,BK02817,2026-06-06T01:09:00.000+05:30,UPI,3500.0,SUCCESS
PY02818,BK02818,2026-07-12T01:01:00.000+05:30,DEBIT CARD,4200.0,SUCCESS
PY02819,BK02819,2026-04-20T13:54:00.000+05:30,WALLET,22000.0,SUCCESS
PY02820,BK02820,2026-06-30T03:22:00.000+05:30,WALLET,12500.0,SUCCESS
PY02821,BK02821,2026-05-13T16:36:00.000+05:30,WALLET,17500.0,SUCCESS
PY02822,BK02822,2026-05-17T00:54:00.000+05:30,WALLET,7200.0,SUCCESS
PY02823,BK02823,2026-06-23T07:31:00.000+05:30,DEBIT CARD,3500.0,SUCCESS
PY02824,BK02824,2026-05-26T22:49:00.000+05:30,CREDIT CARD,4200.0,SUCCESS
PY02825,BK02825,2026-06-20T07:13:00.000+05:30,WALLET,17500.0,SUCCESS
PY02826,BK02826,2026-07-22T01:33:00.000+05:30,NET BANKING,14800.0,FAILED
PY02827,BK02827,2026-06-22T17:40:00.000+05:30,UPI,22000.0,SUCCESS
PY02828,BK02828,2026-04-26T00:58:00.000+05:30,UPI,12500.0,SUCCESS
PY02829,BK02829,2026-05-07T14:03:00.000+05:30,WALLET,4200.0,SUCCESS
PY02830,BK02830,2026-05-31T12:20:00.000+05:30,UPI,5600.0,SUCCESS
PY02831,BK02831,2026-04-22T20:11:00.000+05:30,CREDIT CARD,8900.0,SUCCESS
PY02832,BK02832,2026-05-26T17:30:00.000+05:30,UPI,7200.0,SUCCESS
PY02833,BK02833,2026-06-20T21:06:00.000+05:30,UPI,4200.0,SUCCESS
PY02834,BK02834,2026-07-05T18:12:00.000+05:30,WALLET,8900.0,SUCCESS
PY02835,BK02835,2026-08-11T22:10:00.000+05:30,CREDIT CARD,17500.0,SUCCESS
PY02836,BK02836,2026-08-02T13:24:00.000+05:30,DEBIT CARD,5600.0,SUCCESS
PY02837,BK02837,2026-06-16T21:15:00.000+05:30,UPI,5600.0,FAILED
PY02838,BK02838,2026-06-24T18:59:00.000+05:30,WALLET,12500.0,SUCCESS
PY02839,BK02839,2026-06-15T05:49:00.000+05:30,NET BANKING,22000.0,SUCCESS
PY02840,BK02840,2026-06-13T13:56:00.000+05:30,UPI,17500.0,SUCCESS
PY02841,BK02841,2026-04-14T21:28:00.000+05:30,UPI,4200.0,SUCCESS
PY02842,BK02842,2026-04-21T07:23:00.000+05:30,DEBIT CARD,17500.0,SUCCESS
PY02843,BK02843,2026-05-18T11:57:00.000+05:30,WALLET,14800.0,SUCCESS
PY02844,BK02844,2026-04-23T07:53:00.000+05:30,CREDIT CARD,7200.0,SUCCESS
PY02845,BK02845,2026-05-26T13:30:00.000+05:30,WALLET,4200.0,SUCCESS
PY02846,BK02846,2026-05-23T10:48:00.000+05:30,NET BANKING,8900.0,SUCCESS
PY02847,BK02847,2026-05-27T22:31:00.000+05:30,DEBIT CARD,4200.0,SUCCESS
PY02848,BK02848,2026-08-13T18:01:00.000+05:30,DEBIT CARD,12500.0,SUCCESS
PY02849,BK02849,2026-05-28T15:07:00.000+05:30,CREDIT CARD,12500.0,SUCCESS
PY02850,BK02850,2026-08-16T21:06:00.000+05:30,NET BANKING,8900.0,SUCCESS
PY02851,BK02851,2026-05-22T08:20:00.000+05:30,NET BANKING,10500.0,SUCCESS
PY02852,BK02852,2026-06-22T23:48:00.000+05:30,UPI,14800.0,SUCCESS
PY02853,BK02853,2026-04-24T13:46:00.000+05:30,DEBIT CARD,8900.0,SUCCESS
PY02854,BK02854,2026-08-03T16:18:00.000+05:30,DEBIT CARD,3500.0,SUCCESS
PY02855,BK02855,2026-04-19T02:41:00.000+05:30,DEBIT CARD,22000.0,REFUNDED
PY02856,BK02856,2026-06-20T07:50:00.000+05:30,WALLET,4200.0,SUCCESS
PY02857,BK02857,2026-04-27T18:53:00.000+05:30,DEBIT CARD,3500.0,SUCCESS
PY02858,BK02858,2026-06-22T17:07:00.000+05:30,UPI,22000.0,SUCCESS
PY02859,BK02859,2026-08-02T10:16:00.000+05:30,UPI,5600.0,SUCCESS
PY02860,BK02860,2026-06-03T10:09:00.000+05:30,UPI,3500.0,SUCCESS
PY02861,BK02861,2026-07-19T14:34:00.000+05:30,UPI,17500.0,SUCCESS
PY02862,BK02862,2026-05-16T08:42:00.000+05:30,CREDIT CARD,12500.0,SUCCESS
PY02863,BK02863,2026-07-24T20:59:00.000+05:30,DEBIT CARD,3500.0,SUCCESS
PY02864,BK02864,2026-05-22T23:03:00.000+05:30,CREDIT CARD,7200.0,SUCCESS
PY02865,BK02865,2026-05-30T09:42:00.000+05:30,WALLET,4200.0,SUCCESS
PY02866,BK02866,2026-06-27T08:14:00.000+05:30,WALLET,12500.0,SUCCESS
PY02867,BK02867,2026-07-09T08:56:00.000+05:30,CREDIT CARD,4200.0,SUCCESS
PY02868,BK02868,2026-05-25T07:07:00.000+05:30,UPI,12500.0,SUCCESS
PY02869,BK02869,2026-07-01T01:40:00.000+05:30,CREDIT CARD,4200.0,SUCCESS
PY02870,BK02870,2026-07-20T10:20:00.000+05:30,WALLET,22000.0,SUCCESS
PY02871,BK02871,2026-06-18T21:57:00.000+05:30,NET BANKING,14800.0,SUCCESS
PY02872,BK02872,2026-07-14T04:31:00.000+05:30,CREDIT CARD,14800.0,SUCCESS
PY02873,BK02873,2026-04-21T14:52:00.000+05:30,NET BANKING,8900.0,SUCCESS
PY02874,BK02874,2026-08-20T14:27:00.000+05:30,NET BANKING,12500.0,SUCCESS
PY02875,BK02875,2026-04-27T07:13:00.000+05:30,WALLET,4200.0,SUCCESS
PY02876,BK02876,2026-05-01T16:03:00.000+05:30,UPI,7200.0,SUCCESS
PY02877,BK02877,2026-04-14T04:23:00.000+05:30,NET BANKING,22000.0,SUCCESS
PY02878,BK02878,2026-06-30T15:46:00.000+05:30,CREDIT CARD,10500.0,SUCCESS
PY02879,BK02879,2026-05-22T04:33:00.000+05:30,NET BANKING,12500.0,SUCCESS
PY02880,BK02880,2026-04-27T16:23:00.000+05:30,DEBIT CARD,14800.0,SUCCESS
PY02881,BK02881,2026-06-19T21:00:00.000+05:30,CREDIT CARD,3500.0,SUCCESS
PY02882,BK02882,2026-06-22T22:39:00.000+05:30,CREDIT CARD,12500.0,SUCCESS
PY02883,BK02883,2026-08-01T06:02:00.000+05:30,CREDIT CARD,14800.0,SUCCESS
PY02884,BK02884,2026-04-21T02:34:00.000+05:30,CREDIT CARD,5600.0,SUCCESS
PY02885,BK02885,2026-05-27T03:26:00.000+05:30,DEBIT CARD,7200.0,SUCCESS
PY02886,BK02886,2026-07-29T13:44:00.000+05:30,WALLET,4200.0,SUCCESS
PY02887,BK02887,2026-06-03T17:12:00.000+05:30,DEBIT CARD,22000.0,FAILED
PY02888,BK02888,2026-07-27T22:14:00.000+05:30,WALLET,14800.0,SUCCESS
PY02889,BK02889,2026-07-23T18:30:00.000+05:30,WALLET,17500.0,SUCCESS
PY02890,BK02890,2026-04-29T15:24:00.000+05:30,DEBIT CARD,4200.0,SUCCESS
PY02891,BK02891,2026-04-29T23:31:00.000+05:30,UPI,8900.0,SUCCESS
PY02892,BK02892,2026-07-04T00:24:00.000+05:30,WALLET,17500.0,SUCCESS
PY02893,BK02893,2026-06-07T08:44:00.000+05:30,CREDIT CARD,17500.0,SUCCESS
PY02894,BK02894,2026-07-30T00:52:00.000+05:30,CREDIT CARD,12500.0,SUCCESS
PY02895,BK02895,2026-08-15T03:30:00.000+05:30,UPI,12500.0,SUCCESS
PY02896,BK02896,2026-05-26T23:25:00.000+05:30,CREDIT CARD,12500.0,SUCCESS
PY02897,BK02897,2026-06-24T18:50:00.000+05:30,NET BANKING,10500.0,SUCCESS
PY02898,BK02898,2026-07-27T14:13:00.000+05:30,UPI,5600.0,SUCCESS
PY02899,BK02899,2026-05-01T01:01:00.000+05:30,WALLET,5600.0,SUCCESS
PY02900,BK02900,2026-07-28T10:17:00.000+05:30,WALLET,14800.0,SUCCESS
PY02901,BK02901,2026-08-11T06:51:00.000+05:30,DEBIT CARD,12500.0,SUCCESS
PY02902,BK02902,2026-05-23T09:25:00.000+05:30,DEBIT CARD,22000.0,SUCCESS
PY02903,BK02903,2026-05-05T06:03:00.000+05:30,NET BANKING,3500.0,SUCCESS
PY02904,BK02904,2026-05-16T20:19:00.000+05:30,DEBIT CARD,8900.0,SUCCESS
PY02905,BK02905,2026-05-07T11:06:00.000+05:30,WALLET,17500.0,SUCCESS
PY02906,BK02906,2026-05-11T16:56:00.000+05:30,WALLET,8900.0,SUCCESS
PY02907,BK02907,2026-05-24T06:42:00.000+05:30,CREDIT CARD,10500.0,SUCCESS
PY02908,BK02908,2026-05-03T13:07:00.000+05:30,UPI,10500.0,SUCCESS
PY02909,BK02909,2026-07-29T10:16:00.000+05:30,WALLET,12500.0,SUCCESS
PY02910,BK02910,2026-05-16T02:37:00.000+05:30,DEBIT CARD,4200.0,SUCCESS
PY02911,BK02911,2026-07-09T16:46:00.000+05:30,CREDIT CARD,14800.0,SUCCESS
PY02912,BK02912,2026-05-17T10:20:00.000+05:30,NET BANKING,17500.0,SUCCESS
PY02913,BK02913,2026-04-21T05:38:00.000+05:30,WALLET,8900.0,FAILED
PY02914,BK02914,2026-05-15T16:52:00.000+05:30,UPI,22000.0,SUCCESS
PY02915,BK02915,2026-05-18T06:56:00.000+05:30,DEBIT CARD,3500.0,SUCCESS
PY02916,BK02916,2026-04-06T00:28:00.000+05:30,UPI,7200.0,SUCCESS
PY02917,BK02917,2026-06-23T01:45:00.000+05:30,CREDIT CARD,17500.0,SUCCESS
PY02918,BK02918,2026-07-06T13:28:00.000+05:30,NET BANKING,7200.0,SUCCESS
PY02919,BK02919,2026-07-24T03:09:00.000+05:30,CREDIT CARD,5600.0,FAILED
PY02920,BK02920,2026-07-17T21:30:00.000+05:30,WALLET,4200.0,SUCCESS
PY02921,BK02921,2026-04-30T02:02:00.000+05:30,NET BANKING,3500.0,FAILED
PY02922,BK02922,2026-06-13T13:28:00.000+05:30,NET BANKING,14800.0,SUCCESS
PY02923,BK02923,2026-07-19T00:19:00.000+05:30,DEBIT CARD,3500.0,SUCCESS
PY02924,BK02924,2026-07-18T02:12:00.000+05:30,DEBIT CARD,10500.0,SUCCESS
PY02925,BK02925,2026-05-02T13:33:00.000+05:30,WALLET,7200.0,SUCCESS
PY02926,BK02926,2026-07-12T00:53:00.000+05:30,NET BANKING,12500.0,SUCCESS
PY02927,BK02927,2026-08-14T11:44:00.000+05:30,UPI,14800.0,SUCCESS
PY02928,BK02928,2026-04-13T03:31:00.000+05:30,NET BANKING,4200.0,SUCCESS
PY02929,BK02929,2026-07-18T13:36:00.000+05:30,NET BANKING,5600.0,SUCCESS
PY02930,BK02930,2026-05-16T08:15:00.000+05:30,DEBIT CARD,12500.0,REFUNDED
PY02931,BK02931,2026-07-17T15:00:00.000+05:30,CREDIT CARD,4200.0,SUCCESS
PY02932,BK02932,2026-05-20T01:09:00.000+05:30,CREDIT CARD,3500.0,FAILED
PY02933,BK02933,2026-06-16T09:53:00.000+05:30,NET BANKING,12500.0,SUCCESS
PY02934,BK02934,2026-07-28T09:19:00.000+05:30,CREDIT CARD,12500.0,SUCCESS
PY02935,BK02935,2026-05-28T18:17:00.000+05:30,WALLET,8900.0,SUCCESS
PY02936,BK02936,2026-06-03T17:19:00.000+05:30,WALLET,4200.0,SUCCESS
PY02937,BK02937,2026-04-23T16:05:00.000+05:30,CREDIT CARD,8900.0,REFUNDED
PY02938,BK02938,2026-05-24T06:42:00.000+05:30,WALLET,10500.0,FAILED
PY02939,BK02939,2026-05-22T03:29:00.000+05:30,UPI,7200.0,SUCCESS
PY02940,BK02940,2026-04-21T16:07:00.000+05:30,DEBIT CARD,7200.0,SUCCESS
PY02941,BK02941,2026-05-17T02:14:00.000+05:30,CREDIT CARD,17500.0,FAILED
PY02942,BK02942,2026-08-16T01:44:00.000+05:30,UPI,3500.0,SUCCESS
PY02943,BK02943,2026-05-29T16:17:00.000+05:30,NET BANKING,22000.0,SUCCESS
PY02944,BK02944,2026-06-28T07:12:00.000+05:30,CREDIT CARD,10500.0,SUCCESS
PY02945,BK02945,2026-07-29T17:06:00.000+05:30,NET BANKING,12500.0,SUCCESS
PY02946,BK02946,2026-05-04T05:06:00.000+05:30,CREDIT CARD,8900.0,SUCCESS
PY02947,BK02947,2026-05-06T16:08:00.000+05:30,WALLET,10500.0,SUCCESS
PY02948,BK02948,2026-04-14T06:44:00.000+05:30,UPI,10500.0,SUCCESS
PY02949,BK02949,2026-06-14T06:17:00.000+05:30,DEBIT CARD,12500.0,SUCCESS
PY02950,BK02950,2026-08-11T12:05:00.000+05:30,NET BANKING,12500.0,SUCCESS
PY02951,BK02951,2026-07-08T14:05:00.000+05:30,WALLET,10500.0,SUCCESS
PY02952,BK02952,2026-07-17T02:20:00.000+05:30,WALLET,5600.0,SUCCESS
PY02953,BK02953,2026-08-06T19:17:00.000+05:30,WALLET,5600.0,SUCCESS
PY02954,BK02954,2026-07-25T18:08:00.000+05:30,WALLET,22000.0,SUCCESS
PY02955,BK02955,2026-08-07T03:56:00.000+05:30,NET BANKING,10500.0,SUCCESS
PY02956,BK02956,2026-05-30T00:09:00.000+05:30,DEBIT CARD,14800.0,SUCCESS
PY02957,BK02957,2026-05-20T17:02:00.000+05:30,UPI,14800.0,SUCCESS
PY02958,BK02958,2026-05-24T08:48:00.000+05:30,UPI,22000.0,SUCCESS
PY02959,BK02959,2026-05-09T08:15:00.000+05:30,WALLET,14800.0,FAILED
PY02960,BK02960,2026-06-09T01:56:00.000+05:30,WALLET,3500.0,SUCCESS
PY02961,BK02961,2026-07-10T10:38:00.000+05:30,DEBIT CARD,4200.0,SUCCESS
PY02962,BK02962,2026-07-30T02:12:00.000+05:30,UPI,22000.0,SUCCESS
PY02963,BK02963,2026-07-16T06:04:00.000+05:30,UPI,3500.0,SUCCESS
PY02964,BK02964,2026-04-18T18:50:00.000+05:30,NET BANKING,17500.0,SUCCESS
PY02965,BK02965,2026-04-16T05:23:00.000+05:30,UPI,10500.0,SUCCESS
PY02966,BK02966,2026-07-10T09:07:00.000+05:30,NET BANKING,5600.0,SUCCESS
PY02967,BK02967,2026-05-09T02:03:00.000+05:30,UPI,14800.0,SUCCESS
PY02968,BK02968,2026-07-05T03:06:00.000+05:30,DEBIT CARD,4200.0,SUCCESS
PY02969,BK02969,2026-07-20T16:33:00.000+05:30,WALLET,14800.0,SUCCESS
PY02970,BK02970,2026-06-02T21:46:00.000+05:30,UPI,12500.0,REFUNDED
PY02971,BK02971,2026-05-04T01:41:00.000+05:30,NET BANKING,5600.0,SUCCESS
PY02972,BK02972,2026-05-20T07:13:00.000+05:30,WALLET,12500.0,SUCCESS
PY02973,BK02973,2026-06-24T08:52:00.000+05:30,CREDIT CARD,5600.0,SUCCESS
PY02974,BK02974,2026-08-23T06:48:00.000+05:30,NET BANKING,22000.0,SUCCESS
PY02975,BK02975,2026-04-24T02:01:00.000+05:30,NET BANKING,7200.0,SUCCESS
PY02976,BK02976,2026-05-15T12:35:00.000+05:30,NET BANKING,10500.0,SUCCESS
PY02977,BK02977,2026-06-10T02:59:00.000+05:30,NET BANKING,12500.0,SUCCESS
PY02978,BK02978,2026-05-09T09:27:00.000+05:30,DEBIT CARD,14800.0,SUCCESS
PY02979,BK02979,2026-08-07T02:03:00.000+05:30,CREDIT CARD,22000.0,SUCCESS
PY02980,BK02980,2026-04-23T12:30:00.000+05:30,DEBIT CARD,5600.0,SUCCESS
PY02981,BK02981,2026-05-16T07:12:00.000+05:30,DEBIT CARD,7200.0,REFUNDED
PY02982,BK02982,2026-07-05T05:27:00.000+05:30,UPI,14800.0,SUCCESS
PY02983,BK02983,2026-05-25T16:49:00.000+05:30,CREDIT CARD,22000.0,SUCCESS
PY02984,BK02984,2026-05-18T04:28:00.000+05:30,CREDIT CARD,17500.0,SUCCESS
PY02985,BK02985,2026-08-16T20:02:00.000+05:30,UPI,10500.0,SUCCESS
PY02986,BK02986,2026-05-19T20:34:00.000+05:30,UPI,5600.0,SUCCESS
PY02987,BK02987,2026-07-21T11:45:00.000+05:30,DEBIT CARD,4200.0,SUCCESS
PY02988,BK02988,2026-08-10T08:29:00.000+05:30,DEBIT CARD,4200.0,SUCCESS
PY02989,BK02989,2026-06-19T02:24:00.000+05:30,DEBIT CARD,14800.0,SUCCESS
PY02990,BK02990,2026-07-04T18:47:00.000+05:30,DEBIT CARD,3500.0,SUCCESS
PY02991,BK02991,2026-08-12T05:27:00.000+05:30,UPI,3500.0,SUCCESS
PY02992,BK02992,2026-06-08T23:03:00.000+05:30,WALLET,17500.0,SUCCESS
PY02993,BK02993,2026-06-19T02:08:00.000+05:30,DEBIT CARD,12500.0,SUCCESS
PY02994,BK02994,2026-07-22T17:45:00.000+05:30,WALLET,5600.0,SUCCESS
PY02995,BK02995,2026-06-06T04:28:00.000+05:30,UPI,22000.0,SUCCESS
PY02996,BK02996,2026-08-07T05:42:00.000+05:30,WALLET,7200.0,SUCCESS
PY02997,BK02997,2026-07-18T16:33:00.000+05:30,DEBIT CARD,8900.0,SUCCESS
PY02998,BK02998,2026-06-21T10:14:00.000+05:30,DEBIT CARD,17500.0,SUCCESS
PY02999,BK02999,2026-05-01T18:35:00.000+05:30,DEBIT CARD,17500.0,FAILED
PY03000,BK03000,2026-08-04T12:08:00.000+05:30,CREDIT CARD,5600.0,SUCCESS
PY03001,BK03001,2026-05-06T00:04:00.000+05:30,UPI,3500.0,SUCCESS
PY03002,BK03002,2026-07-22T11:43:00.000+05:30,UPI,8900.0,SUCCESS
PY03003,BK03003,2026-07-02T05:25:00.000+05:30,DEBIT CARD,14800.0,SUCCESS
PY03004,BK03004,2026-07-01T16:36:00.000+05:30,CREDIT CARD,7200.0,SUCCESS
PY03005,BK03005,2026-06-02T08:46:00.000+05:30,UPI,14800.0,SUCCESS
PY03006,BK03006,2026-07-05T08:12:00.000+05:30,NET BANKING,3500.0,SUCCESS
PY03007,BK03007,2026-08-05T01:22:00.000+05:30,DEBIT CARD,12500.0,SUCCESS
PY03008,BK03008,2026-07-21T18:40:00.000+05:30,DEBIT CARD,5600.0,REFUNDED
PY03009,BK03009,2026-04-28T20:21:00.000+05:30,CREDIT CARD,12500.0,SUCCESS
PY03010,BK03010,2026-07-16T12:28:00.000+05:30,DEBIT CARD,5600.0,SUCCESS
PY03011,BK03011,2026-05-12T11:17:00.000+05:30,NET BANKING,3500.0,REFUNDED
PY03012,BK03012,2026-04-19T20:13:00.000+05:30,UPI,12500.0,SUCCESS
PY03013,BK03013,2026-04-21T12:52:00.000+05:30,WALLET,12500.0,SUCCESS
PY03014,BK03014,2026-05-07T02:08:00.000+05:30,WALLET,22000.0,SUCCESS
PY03015,BK03015,2026-06-09T08:48:00.000+05:30,NET BANKING,7200.0,REFUNDED
PY03016,BK03016,2026-07-29T23:57:00.000+05:30,DEBIT CARD,8900.0,SUCCESS
PY03017,BK03017,2026-07-22T12:59:00.000+05:30,DEBIT CARD,4200.0,SUCCESS
PY03018,BK03018,2026-06-26T17:42:00.000+05:30,WALLET,12500.0,SUCCESS
PY03019,BK03019,2026-05-12T14:50:00.000+05:30,WALLET,22000.0,REFUNDED
PY03020,BK03020,2026-07-08T01:41:00.000+05:30,WALLET,12500.0,SUCCESS
PY03021,BK03021,2026-04-16T10:37:00.000+05:30,WALLET,4200.0,SUCCESS
PY03022,BK03022,2026-04-29T03:34:00.000+05:30,CREDIT CARD,8900.0,SUCCESS
PY03023,BK03023,2026-06-27T02:56:00.000+05:30,UPI,10500.0,SUCCESS
PY03024,BK03024,2026-06-02T02:12:00.000+05:30,WALLET,3500.0,SUCCESS
PY03025,BK03025,2026-05-09T18:56:00.000+05:30,NET BANKING,5600.0,SUCCESS
PY03026,BK03026,2026-04-07T20:57:00.000+05:30,NET BANKING,5600.0,SUCCESS
PY03027,BK03027,2026-08-21T07:08:00.000+05:30,WALLET,17500.0,SUCCESS
PY03028,BK03028,2026-06-26T10:51:00.000+05:30,NET BANKING,7200.0,SUCCESS
PY03029,BK03029,2026-05-11T08:25:00.000+05:30,UPI,4200.0,SUCCESS
PY03030,BK03030,2026-05-01T03:24:00.000+05:30,CREDIT CARD,10500.0,SUCCESS
PY03031,BK03031,2026-07-06T06:56:00.000+05:30,WALLET,4200.0,SUCCESS
PY03032,BK03032,2026-05-24T00:38:00.000+05:30,WALLET,3500.0,SUCCESS
PY03033,BK03033,2026-07-23T18:10:00.000+05:30,WALLET,7200.0,SUCCESS
PY03034,BK03034,2026-08-12T00:26:00.000+05:30,UPI,17500.0,SUCCESS
PY03035,BK03035,2026-06-01T07:17:00.000+05:30,NET BANKING,22000.0,SUCCESS
PY03036,BK03036,2026-05-17T18:19:00.000+05:30,CREDIT CARD,4200.0,SUCCESS
PY03037,BK03037,2026-06-12T01:26:00.000+05:30,DEBIT CARD,7200.0,SUCCESS
PY03038,BK03038,2026-05-03T11:15:00.000+05:30,WALLET,10500.0,SUCCESS
PY03039,BK03039,2026-08-01T04:26:00.000+05:30,NET BANKING,3500.0,SUCCESS
PY03040,BK03040,2026-05-26T03:10:00.000+05:30,DEBIT CARD,17500.0,SUCCESS
PY03041,BK03041,2026-08-01T04:25:00.000+05:30,DEBIT CARD,10500.0,SUCCESS
PY03042,BK03042,2026-08-09T06:02:00.000+05:30,CREDIT CARD,8900.0,SUCCESS
PY03043,BK03043,2026-04-08T03:23:00.000+05:30,CREDIT CARD,10500.0,SUCCESS
PY03044,BK03044,2026-07-04T06:47:00.000+05:30,DEBIT CARD,22000.0,SUCCESS
PY03045,BK03045,2026-06-03T00:13:00.000+05:30,CREDIT CARD,12500.0,SUCCESS
PY03046,BK03046,2026-06-12T05:28:00.000+05:30,NET BANKING,14800.0,SUCCESS
PY03047,BK03047,2026-06-21T13:52:00.000+05:30,UPI,22000.0,SUCCESS
PY03048,BK03048,2026-08-25T20:30:00.000+05:30,NET BANKING,22000.0,SUCCESS
PY03049,BK03049,2026-05-09T00:09:00.000+05:30,DEBIT CARD,5600.0,SUCCESS
PY03050,BK03050,2026-06-04T19:47:00.000+05:30,WALLET,7200.0,SUCCESS
PY03051,BK03051,2026-06-21T01:29:00.000+05:30,UPI,22000.0,SUCCESS
PY03052,BK03052,2026-08-06T12:54:00.000+05:30,WALLET,10500.0,SUCCESS
PY03053,BK03053,2026-05-10T01:49:00.000+05:30,UPI,17500.0,SUCCESS
PY03054,BK03054,2026-05-08T02:34:00.000+05:30,CREDIT CARD,22000.0,SUCCESS
PY03055,BK03055,2026-07-19T10:08:00.000+05:30,DEBIT CARD,8900.0,SUCCESS
PY03056,BK03056,2026-05-10T14:21:00.000+05:30,CREDIT CARD,12500.0,SUCCESS
PY03057,BK03057,2026-07-03T08:21:00.000+05:30,WALLET,3500.0,SUCCESS
PY03058,BK03058,2026-07-29T02:49:00.000+05:30,NET BANKING,10500.0,SUCCESS
PY03059,BK03059,2026-05-20T09:48:00.000+05:30,UPI,7200.0,SUCCESS
PY03060,BK03060,2026-07-14T03:22:00.000+05:30,WALLET,8900.0,SUCCESS
PY03061,BK03061,2026-08-13T07:01:00.000+05:30,UPI,12500.0,SUCCESS
PY03062,BK03062,2026-05-09T23:27:00.000+05:30,WALLET,17500.0,SUCCESS
PY03063,BK03063,2026-05-30T09:29:00.000+05:30,UPI,8900.0,SUCCESS
PY03064,BK03064,2026-07-03T19:57:00.000+05:30,CREDIT CARD,14800.0,SUCCESS
PY03065,BK03065,2026-05-25T00:22:00.000+05:30,WALLET,17500.0,SUCCESS
PY03066,BK03066,2026-06-28T17:17:00.000+05:30,UPI,5600.0,SUCCESS
PY03067,BK03067,2026-08-12T03:17:00.000+05:30,UPI,4200.0,SUCCESS
PY03068,BK03068,2026-07-16T08:08:00.000+05:30,DEBIT CARD,3500.0,SUCCESS
PY03069,BK03069,2026-07-01T13:14:00.000+05:30,CREDIT CARD,5600.0,SUCCESS
PY03070,BK03070,2026-05-04T12:26:00.000+05:30,NET BANKING,7200.0,FAILED
PY03071,BK03071,2026-07-01T21:51:00.000+05:30,WALLET,12500.0,SUCCESS
PY03072,BK03072,2026-08-05T16:25:00.000+05:30,UPI,14800.0,SUCCESS
PY03073,BK03073,2026-07-25T02:56:00.000+05:30,CREDIT CARD,12500.0,SUCCESS
PY03074,BK03074,2026-05-05T01:30:00.000+05:30,UPI,5600.0,SUCCESS
PY03075,BK03075,2026-06-17T09:25:00.000+05:30,WALLET,22000.0,SUCCESS
PY03076,BK03076,2026-06-05T15:32:00.000+05:30,NET BANKING,8900.0,REFUNDED
PY03077,BK03077,2026-06-29T17:12:00.000+05:30,NET BANKING,14800.0,SUCCESS
PY03078,BK03078,2026-05-17T09:57:00.000+05:30,UPI,4200.0,SUCCESS
PY03079,BK03079,2026-06-20T03:28:00.000+05:30,NET BANKING,5600.0,REFUNDED
PY03080,BK03080,2026-07-20T10:59:00.000+05:30,NET BANKING,22000.0,SUCCESS
PY03081,BK03081,2026-07-10T13:46:00.000+05:30,UPI,22000.0,SUCCESS
PY03082,BK03082,2026-05-15T08:47:00.000+05:30,DEBIT CARD,14800.0,SUCCESS
PY03083,BK03083,2026-04-20T17:15:00.000+05:30,CREDIT CARD,7200.0,SUCCESS
PY03084,BK03084,2026-07-15T12:09:00.000+05:30,DEBIT CARD,7200.0,SUCCESS
PY03085,BK03085,2026-06-09T13:45:00.000+05:30,UPI,4200.0,SUCCESS
PY03086,BK03086,2026-05-26T07:05:00.000+05:30,UPI,3500.0,SUCCESS
PY03087,BK03087,2026-07-13T01:19:00.000+05:30,UPI,12500.0,SUCCESS
PY03088,BK03088,2026-08-22T00:27:00.000+05:30,UPI,12500.0,SUCCESS
PY03089,BK03089,2026-04-05T21:34:00.000+05:30,DEBIT CARD,8900.0,FAILED
PY03090,BK03090,2026-04-15T08:49:00.000+05:30,NET BANKING,7200.0,SUCCESS
PY03091,BK03091,2026-07-24T21:33:00.000+05:30,WALLET,17500.0,SUCCESS
PY03092,BK03092,2026-07-27T18:55:00.000+05:30,CREDIT CARD,14800.0,SUCCESS
PY03093,BK03093,2026-05-20T13:36:00.000+05:30,DEBIT CARD,3500.0,SUCCESS
PY03094,BK03094,2026-06-16T19:27:00.000+05:30,NET BANKING,3500.0,SUCCESS
PY03095,BK03095,2026-05-03T03:01:00.000+05:30,CREDIT CARD,17500.0,SUCCESS
PY03096,BK03096,2026-07-17T02:57:00.000+05:30,UPI,22000.0,SUCCESS
PY03097,BK03097,2026-06-23T23:58:00.000+05:30,CREDIT CARD,5600.0,SUCCESS
PY03098,BK03098,2026-06-15T17:54:00.000+05:30,CREDIT CARD,4200.0,SUCCESS
PY03099,BK03099,2026-07-28T00:16:00.000+05:30,DEBIT CARD,10500.0,SUCCESS
PY03100,BK03100,2026-05-22T08:59:00.000+05:30,DEBIT CARD,8900.0,SUCCESS
PY03101,BK03101,2026-06-30T08:24:00.000+05:30,NET BANKING,14800.0,SUCCESS
PY03102,BK03102,2026-06-01T10:58:00.000+05:30,DEBIT CARD,12500.0,SUCCESS
PY03103,BK03103,2026-05-20T12:45:00.000+05:30,CREDIT CARD,4200.0,SUCCESS
PY03104,BK03104,2026-08-22T04:27:00.000+05:30,CREDIT CARD,8900.0,SUCCESS
PY03105,BK03105,2026-08-08T20:19:00.000+05:30,CREDIT CARD,4200.0,SUCCESS
PY03106,BK03106,2026-07-10T02:34:00.000+05:30,UPI,3500.0,SUCCESS
PY03107,BK03107,2026-05-07T14:06:00.000+05:30,NET BANKING,14800.0,SUCCESS
PY03108,BK03108,2026-06-18T07:50:00.000+05:30,DEBIT CARD,4200.0,SUCCESS
PY03109,BK03109,2026-07-01T02:17:00.000+05:30,WALLET,22000.0,SUCCESS
PY03110,BK03110,2026-07-29T05:24:00.000+05:30,CREDIT CARD,22000.0,SUCCESS
PY03111,BK03111,2026-08-20T17:25:00.000+05:30,CREDIT CARD,3500.0,SUCCESS
PY03112,BK03112,2026-06-13T02:50:00.000+05:30,NET BANKING,7200.0,REFUNDED
PY03113,BK03113,2026-05-05T08:01:00.000+05:30,WALLET,4200.0,SUCCESS
PY03114,BK03114,2026-08-17T08:39:00.000+05:30,CREDIT CARD,14800.0,SUCCESS
PY03115,BK03115,2026-06-01T08:23:00.000+05:30,NET BANKING,7200.0,SUCCESS
PY03116,BK03116,2026-05-08T03:16:00.000+05:30,UPI,12500.0,SUCCESS
PY03117,BK03117,2026-08-17T06:39:00.000+05:30,UPI,14800.0,SUCCESS
PY03118,BK03118,2026-06-15T12:12:00.000+05:30,WALLET,3500.0,SUCCESS
PY03119,BK03119,2026-08-05T13:35:00.000+05:30,UPI,8900.0,SUCCESS
PY03120,BK03120,2026-07-21T01:42:00.000+05:30,UPI,8900.0,SUCCESS
PY03121,BK03121,2026-07-20T14:37:00.000+05:30,NET BANKING,12500.0,SUCCESS
PY03122,BK03122,2026-06-09T02:58:00.000+05:30,UPI,22000.0,SUCCESS
PY03123,BK03123,2026-04-18T11:19:00.000+05:30,DEBIT CARD,8900.0,FAILED
PY03124,BK03124,2026-05-18T05:59:00.000+05:30,CREDIT CARD,12500.0,SUCCESS
PY03125,BK03125,2026-05-28T16:16:00.000+05:30,NET BANKING,5600.0,SUCCESS
PY03126,BK03126,2026-04-22T16:31:00.000+05:30,CREDIT CARD,22000.0,SUCCESS
PY03127,BK03127,2026-08-01T16:10:00.000+05:30,NET BANKING,10500.0,SUCCESS
PY03128,BK03128,2026-07-26T08:32:00.000+05:30,UPI,10500.0,SUCCESS
PY03129,BK03129,2026-07-22T18:34:00.000+05:30,UPI,3500.0,SUCCESS
PY03130,BK03130,2026-05-27T20:47:00.000+05:30,WALLET,17500.0,SUCCESS
PY03131,BK03131,2026-08-06T21:07:00.000+05:30,UPI,4200.0,SUCCESS
PY03132,BK03132,2026-05-25T16:08:00.000+05:30,NET BANKING,8900.0,SUCCESS
PY03133,BK03133,2026-06-26T22:56:00.000+05:30,UPI,10500.0,SUCCESS
PY03134,BK03134,2026-08-23T08:20:00.000+05:30,NET BANKING,8900.0,SUCCESS
PY03135,BK03135,2026-07-06T12:57:00.000+05:30,NET BANKING,7200.0,SUCCESS
PY03136,BK03136,2026-05-09T14:02:00.000+05:30,DEBIT CARD,14800.0,SUCCESS
PY03137,BK03137,2026-08-01T01:00:00.000+05:30,CREDIT CARD,17500.0,SUCCESS
PY03138,BK03138,2026-07-31T05:39:00.000+05:30,WALLET,8900.0,SUCCESS
PY03139,BK03139,2026-07-26T13:57:00.000+05:30,NET BANKING,7200.0,SUCCESS
PY03140,BK03140,2026-05-06T00:16:00.000+05:30,WALLET,22000.0,SUCCESS
PY03141,BK03141,2026-07-07T13:16:00.000+05:30,WALLET,5600.0,SUCCESS
PY03142,BK03142,2026-07-01T20:11:00.000+05:30,WALLET,5600.0,SUCCESS
PY03143,BK03143,2026-07-14T01:45:00.000+05:30,UPI,10500.0,REFUNDED
PY03144,BK03144,2026-06-25T20:23:00.000+05:30,CREDIT CARD,8900.0,SUCCESS
PY03145,BK03145,2026-08-06T06:49:00.000+05:30,NET BANKING,17500.0,SUCCESS
PY03146,BK03146,2026-07-23T13:20:00.000+05:30,UPI,10500.0,SUCCESS
PY03147,BK03147,2026-07-13T08:50:00.000+05:30,CREDIT CARD,10500.0,SUCCESS
PY03148,BK03148,2026-04-25T21:31:00.000+05:30,NET BANKING,4200.0,SUCCESS
PY03149,BK03149,2026-06-28T16:41:00.000+05:30,DEBIT CARD,7200.0,SUCCESS
PY03150,BK03150,2026-05-15T21:59:00.000+05:30,DEBIT CARD,14800.0,SUCCESS
PY03151,BK03151,2026-05-13T02:24:00.000+05:30,UPI,5600.0,SUCCESS
PY03152,BK03152,2026-07-08T11:28:00.000+05:30,DEBIT CARD,4200.0,SUCCESS
PY03153,BK03153,2026-06-10T04:27:00.000+05:30,NET BANKING,4200.0,SUCCESS
PY03154,BK03154,2026-07-28T10:20:00.000+05:30,CREDIT CARD,3500.0,SUCCESS
PY03155,BK03155,2026-04-14T02:55:00.000+05:30,NET BANKING,14800.0,SUCCESS
PY03156,BK03156,2026-06-30T21:43:00.000+05:30,WALLET,4200.0,SUCCESS
PY03157,BK03157,2026-05-29T21:31:00.000+05:30,CREDIT CARD,17500.0,SUCCESS
PY03158,BK03158,2026-07-11T14:33:00.000+05:30,NET BANKING,8900.0,SUCCESS
PY03159,BK03159,2026-05-03T05:57:00.000+05:30,CREDIT CARD,10500.0,SUCCESS
PY03160,BK03160,2026-06-04T16:47:00.000+05:30,CREDIT CARD,14800.0,SUCCESS
PY03161,BK03161,2026-07-23T17:26:00.000+05:30,UPI,7200.0,SUCCESS
PY03162,BK03162,2026-05-20T08:34:00.000+05:30,NET BANKING,3500.0,SUCCESS
PY03163,BK03163,2026-06-28T16:35:00.000+05:30,WALLET,8900.0,SUCCESS
PY03164,BK03164,2026-07-24T12:51:00.000+05:30,WALLET,12500.0,SUCCESS
PY03165,BK03165,2026-06-17T11:40:00.000+05:30,DEBIT CARD,8900.0,SUCCESS
PY03166,BK03166,2026-08-26T20:10:00.000+05:30,UPI,12500.0,SUCCESS
PY03167,BK03167,2026-06-07T01:22:00.000+05:30,WALLET,22000.0,SUCCESS
PY03168,BK03168,2026-06-12T23:08:00.000+05:30,UPI,10500.0,SUCCESS
PY03169,BK03169,2026-05-12T10:53:00.000+05:30,UPI,4200.0,REFUNDED
PY03170,BK03170,2026-05-02T14:10:00.000+05:30,UPI,5600.0,SUCCESS
PY03171,BK03171,2026-06-04T02:40:00.000+05:30,NET BANKING,12500.0,SUCCESS
PY03172,BK03172,2026-07-12T10:58:00.000+05:30,NET BANKING,12500.0,SUCCESS
PY03173,BK03173,2026-04-09T04:18:00.000+05:30,WALLET,22000.0,SUCCESS
PY03174,BK03174,2026-06-01T02:07:00.000+05:30,DEBIT CARD,14800.0,SUCCESS
PY03175,BK03175,2026-08-06T20:34:00.000+05:30,UPI,14800.0,SUCCESS
PY03176,BK03176,2026-05-13T08:40:00.000+05:30,CREDIT CARD,14800.0,SUCCESS
PY03177,BK03177,2026-07-20T08:42:00.000+05:30,CREDIT CARD,8900.0,SUCCESS
PY03178,BK03178,2026-07-09T10:36:00.000+05:30,NET BANKING,12500.0,SUCCESS
PY03179,BK03179,2026-07-21T00:21:00.000+05:30,CREDIT CARD,8900.0,SUCCESS
PY03180,BK03180,2026-05-20T09:05:00.000+05:30,CREDIT CARD,8900.0,FAILED
PY03181,BK03181,2026-08-19T05:56:00.000+05:30,DEBIT CARD,17500.0,SUCCESS
PY03182,BK03182,2026-06-17T21:00:00.000+05:30,NET BANKING,3500.0,SUCCESS
PY03183,BK03183,2026-05-28T07:57:00.000+05:30,UPI,7200.0,SUCCESS
PY03184,BK03184,2026-05-02T23:30:00.000+05:30,WALLET,3500.0,SUCCESS
PY03185,BK03185,2026-05-07T09:09:00.000+05:30,NET BANKING,12500.0,SUCCESS
PY03186,BK03186,2026-08-03T15:40:00.000+05:30,NET BANKING,5600.0,SUCCESS
PY03187,BK03187,2026-06-23T01:06:00.000+05:30,DEBIT CARD,7200.0,SUCCESS
PY03188,BK03188,2026-05-19T08:02:00.000+05:30,DEBIT CARD,7200.0,SUCCESS
PY03189,BK03189,2026-07-06T02:16:00.000+05:30,CREDIT CARD,7200.0,SUCCESS
PY03190,BK03190,2026-05-07T21:16:00.000+05:30,DEBIT CARD,4200.0,SUCCESS
PY03191,BK03191,2026-05-16T05:20:00.000+05:30,WALLET,17500.0,SUCCESS
PY03192,BK03192,2026-06-30T00:56:00.000+05:30,CREDIT CARD,22000.0,SUCCESS
PY03193,BK03193,2026-05-12T21:38:00.000+05:30,DEBIT CARD,4200.0,SUCCESS
PY03194,BK03194,2026-06-21T19:28:00.000+05:30,WALLET,5600.0,SUCCESS
PY03195,BK03195,2026-07-17T05:58:00.000+05:30,DEBIT CARD,12500.0,SUCCESS
PY03196,BK03196,2026-06-13T10:40:00.000+05:30,NET BANKING,3500.0,SUCCESS
PY03197,BK03197,2026-06-07T20:14:00.000+05:30,DEBIT CARD,12500.0,SUCCESS
PY03198,BK03198,2026-07-26T03:13:00.000+05:30,UPI,3500.0,SUCCESS
PY03199,BK03199,2026-05-17T13:26:00.000+05:30,DEBIT CARD,22000.0,SUCCESS
PY03200,BK03200,2026-07-02T06:28:00.000+05:30,NET BANKING,4200.0,REFUNDED
PY03201,BK03201,2026-07-06T01:48:00.000+05:30,UPI,17500.0,SUCCESS
PY03202,BK03202,2026-06-14T00:49:00.000+05:30,DEBIT CARD,5600.0,SUCCESS
PY03203,BK03203,2026-04-20T20:29:00.000+05:30,CREDIT CARD,12500.0,REFUNDED
PY03204,BK03204,2026-07-24T17:12:00.000+05:30,WALLET,17500.0,SUCCESS
PY03205,BK03205,2026-08-03T03:25:00.000+05:30,UPI,12500.0,SUCCESS
PY03206,BK03206,2026-07-07T17:21:00.000+05:30,CREDIT CARD,7200.0,SUCCESS
PY03207,BK03207,2026-05-26T02:07:00.000+05:30,CREDIT CARD,12500.0,SUCCESS
PY03208,BK03208,2026-07-02T18:05:00.000+05:30,DEBIT CARD,8900.0,SUCCESS
PY03209,BK03209,2026-07-06T10:54:00.000+05:30,CREDIT CARD,5600.0,SUCCESS
PY03210,BK03210,2026-07-25T14:20:00.000+05:30,DEBIT CARD,14800.0,SUCCESS
PY03211,BK03211,2026-04-07T22:04:00.000+05:30,UPI,4200.0,FAILED
PY03212,BK03212,2026-06-30T10:17:00.000+05:30,DEBIT CARD,7200.0,SUCCESS
PY03213,BK03213,2026-04-21T07:11:00.000+05:30,WALLET,7200.0,SUCCESS
PY03214,BK03214,2026-06-07T18:27:00.000+05:30,CREDIT CARD,8900.0,SUCCESS
PY03215,BK03215,2026-07-14T22:35:00.000+05:30,UPI,7200.0,FAILED
PY03216,BK03216,2026-06-10T02:32:00.000+05:30,DEBIT CARD,12500.0,SUCCESS
PY03217,BK03217,2026-05-09T07:05:00.000+05:30,DEBIT CARD,22000.0,SUCCESS
PY03218,BK03218,2026-05-02T08:21:00.000+05:30,NET BANKING,22000.0,SUCCESS
PY03219,BK03219,2026-04-17T10:16:00.000+05:30,UPI,3500.0,SUCCESS
PY03220,BK03220,2026-07-06T10:48:00.000+05:30,UPI,4200.0,SUCCESS
PY03221,BK03221,2026-07-15T23:55:00.000+05:30,UPI,17500.0,SUCCESS
PY03222,BK03222,2026-06-25T20:55:00.000+05:30,UPI,10500.0,SUCCESS
PY03223,BK03223,2026-07-21T09:33:00.000+05:30,NET BANKING,5600.0,SUCCESS
PY03224,BK03224,2026-05-07T22:55:00.000+05:30,NET BANKING,12500.0,SUCCESS
PY03225,BK03225,2026-05-18T01:47:00.000+05:30,WALLET,10500.0,SUCCESS
PY03226,BK03226,2026-07-14T23:03:00.000+05:30,WALLET,17500.0,SUCCESS
PY03227,BK03227,2026-05-04T05:18:00.000+05:30,NET BANKING,17500.0,SUCCESS
PY03228,BK03228,2026-04-30T18:29:00.000+05:30,CREDIT CARD,5600.0,SUCCESS
PY03229,BK03229,2026-08-05T06:43:00.000+05:30,UPI,8900.0,REFUNDED
PY03230,BK03230,2026-06-18T10:14:00.000+05:30,UPI,3500.0,SUCCESS
PY03231,BK03231,2026-07-04T13:28:00.000+05:30,UPI,8900.0,SUCCESS
PY03232,BK03232,2026-05-25T21:48:00.000+05:30,UPI,4200.0,SUCCESS
PY03233,BK03233,2026-07-11T07:55:00.000+05:30,WALLET,8900.0,SUCCESS
PY03234,BK03234,2026-08-13T07:26:00.000+05:30,WALLET,10500.0,SUCCESS
PY03235,BK03235,2026-08-02T12:13:00.000+05:30,WALLET,8900.0,SUCCESS
PY03236,BK03236,2026-07-16T20:02:00.000+05:30,UPI,22000.0,SUCCESS
PY03237,BK03237,2026-07-24T11:04:00.000+05:30,UPI,10500.0,SUCCESS
PY03238,BK03238,2026-06-03T23:27:00.000+05:30,NET BANKING,4200.0,SUCCESS
PY03239,BK03239,2026-08-06T17:23:00.000+05:30,CREDIT CARD,4200.0,SUCCESS
PY03240,BK03240,2026-05-08T10:26:00.000+05:30,DEBIT CARD,3500.0,SUCCESS
PY03241,BK03241,2026-06-23T09:04:00.000+05:30,CREDIT CARD,5600.0,SUCCESS
PY03242,BK03242,2026-05-06T06:12:00.000+05:30,DEBIT CARD,10500.0,SUCCESS
PY03243,BK03243,2026-07-15T12:14:00.000+05:30,CREDIT CARD,4200.0,FAILED
PY03244,BK03244,2026-06-15T12:50:00.000+05:30,UPI,12500.0,SUCCESS
PY03245,BK03245,2026-06-03T00:20:00.000+05:30,DEBIT CARD,7200.0,SUCCESS
PY03246,BK03246,2026-07-04T08:31:00.000+05:30,WALLET,4200.0,SUCCESS
PY03247,BK03247,2026-06-18T14:08:00.000+05:30,WALLET,14800.0,REFUNDED
PY03248,BK03248,2026-07-26T23:15:00.000+05:30,NET BANKING,14800.0,FAILED
PY03249,BK03249,2026-06-15T13:50:00.000+05:30,DEBIT CARD,22000.0,SUCCESS
PY03250,BK03250,2026-07-23T23:21:00.000+05:30,UPI,5600.0,SUCCESS
PY03251,BK03251,2026-05-04T07:25:00.000+05:30,CREDIT CARD,8900.0,SUCCESS
PY03252,BK03252,2026-05-15T12:23:00.000+05:30,CREDIT CARD,12500.0,SUCCESS
PY03253,BK03253,2026-06-16T20:59:00.000+05:30,WALLET,8900.0,SUCCESS
PY03254,BK03254,2026-08-01T13:23:00.000+05:30,CREDIT CARD,12500.0,SUCCESS
PY03255,BK03255,2026-08-09T02:39:00.000+05:30,NET BANKING,10500.0,SUCCESS
PY03256,BK03256,2026-04-30T00:32:00.000+05:30,WALLET,12500.0,SUCCESS
PY03257,BK03257,2026-08-04T23:12:00.000+05:30,DEBIT CARD,5600.0,SUCCESS
PY03258,BK03258,2026-06-27T05:11:00.000+05:30,NET BANKING,7200.0,SUCCESS
PY03259,BK03259,2026-08-13T02:14:00.000+05:30,DEBIT CARD,7200.0,SUCCESS
PY03260,BK03260,2026-04-28T23:26:00.000+05:30,UPI,14800.0,FAILED
PY03261,BK03261,2026-06-06T06:39:00.000+05:30,UPI,3500.0,REFUNDED
PY03262,BK03262,2026-07-05T23:54:00.000+05:30,CREDIT CARD,17500.0,SUCCESS
PY03263,BK03263,2026-05-01T19:15:00.000+05:30,UPI,12500.0,SUCCESS
PY03264,BK03264,2026-07-30T20:41:00.000+05:30,WALLET,17500.0,SUCCESS
PY03265,BK03265,2026-06-27T06:26:00.000+05:30,WALLET,12500.0,SUCCESS
PY03266,BK03266,2026-07-20T06:30:00.000+05:30,UPI,8900.0,SUCCESS
PY03267,BK03267,2026-05-22T13:11:00.000+05:30,CREDIT CARD,4200.0,SUCCESS
PY03268,BK03268,2026-07-07T20:04:00.000+05:30,UPI,7200.0,SUCCESS
PY03269,BK03269,2026-07-06T02:11:00.000+05:30,WALLET,8900.0,SUCCESS
PY03270,BK03270,2026-05-10T16:23:00.000+05:30,WALLET,5600.0,SUCCESS
PY03271,BK03271,2026-05-19T15:31:00.000+05:30,NET BANKING,5600.0,SUCCESS
PY03272,BK03272,2026-04-24T13:00:00.000+05:30,DEBIT CARD,7200.0,SUCCESS
PY03273,BK03273,2026-06-27T12:05:00.000+05:30,NET BANKING,17500.0,SUCCESS
PY03274,BK03274,2026-07-18T21:49:00.000+05:30,DEBIT CARD,4200.0,SUCCESS
PY03275,BK03275,2026-06-16T12:57:00.000+05:30,CREDIT CARD,4200.0,SUCCESS
PY03276,BK03276,2026-06-24T08:18:00.000+05:30,CREDIT CARD,8900.0,SUCCESS
PY03277,BK03277,2026-06-14T15:53:00.000+05:30,WALLET,4200.0,SUCCESS
PY03278,BK03278,2026-08-08T23:52:00.000+05:30,WALLET,5600.0,SUCCESS
PY03279,BK03279,2026-07-04T13:53:00.000+05:30,NET BANKING,5600.0,SUCCESS
PY03280,BK03280,2026-05-28T00:30:00.000+05:30,NET BANKING,14800.0,SUCCESS
PY03281,BK03281,2026-06-22T00:43:00.000+05:30,DEBIT CARD,7200.0,SUCCESS
PY03282,BK03282,2026-07-10T18:37:00.000+05:30,DEBIT CARD,12500.0,REFUNDED
PY03283,BK03283,2026-06-24T06:15:00.000+05:30,WALLET,8900.0,SUCCESS
PY03284,BK03284,2026-04-28T09:19:00.000+05:30,NET BANKING,8900.0,SUCCESS
PY03285,BK03285,2026-07-01T08:44:00.000+05:30,CREDIT CARD,8900.0,FAILED
PY03286,BK03286,2026-07-14T10:51:00.000+05:30,NET BANKING,7200.0,SUCCESS
PY03287,BK03287,2026-07-17T19:13:00.000+05:30,NET BANKING,14800.0,SUCCESS
PY03288,BK03288,2026-07-21T10:56:00.000+05:30,WALLET,3500.0,SUCCESS
PY03289,BK03289,2026-05-27T22:37:00.000+05:30,DEBIT CARD,14800.0,SUCCESS
PY03290,BK03290,2026-05-02T17:10:00.000+05:30,UPI,5600.0,SUCCESS
PY03291,BK03291,2026-07-19T23:50:00.000+05:30,WALLET,3500.0,SUCCESS
PY03292,BK03292,2026-06-10T15:36:00.000+05:30,NET BANKING,22000.0,SUCCESS
PY03293,BK03293,2026-07-23T10:52:00.000+05:30,DEBIT CARD,8900.0,SUCCESS
PY03294,BK03294,2026-07-02T09:19:00.000+05:30,CREDIT CARD,10500.0,SUCCESS
PY03295,BK03295,2026-07-30T14:20:00.000+05:30,DEBIT CARD,4200.0,SUCCESS
PY03296,BK03296,2026-06-01T20:46:00.000+05:30,WALLET,5600.0,SUCCESS
PY03297,BK03297,2026-06-22T06:58:00.000+05:30,CREDIT CARD,14800.0,SUCCESS
PY03298,BK03298,2026-07-19T09:53:00.000+05:30,WALLET,7200.0,SUCCESS
PY03299,BK03299,2026-07-30T06:32:00.000+05:30,NET BANKING,5600.0,SUCCESS
PY03300,BK03300,2026-05-15T15:37:00.000+05:30,CREDIT CARD,4200.0,SUCCESS
PY03301,BK03301,2026-07-01T05:46:00.000+05:30,NET BANKING,5600.0,SUCCESS
PY03302,BK03302,2026-08-16T19:12:00.000+05:30,NET BANKING,17500.0,SUCCESS
PY03303,BK03303,2026-06-03T03:29:00.000+05:30,CREDIT CARD,10500.0,SUCCESS
PY03304,BK03304,2026-05-17T22:39:00.000+05:30,CREDIT CARD,3500.0,SUCCESS
PY03305,BK03305,2026-08-20T10:29:00.000+05:30,NET BANKING,8900.0,SUCCESS
PY03306,BK03306,2026-07-13T10:54:00.000+05:30,UPI,14800.0,SUCCESS
PY03307,BK03307,2026-08-01T23:16:00.000+05:30,NET BANKING,5600.0,SUCCESS
PY03308,BK03308,2026-07-28T17:15:00.000+05:30,UPI,17500.0,SUCCESS
PY03309,BK03309,2026-05-10T05:54:00.000+05:30,NET BANKING,8900.0,SUCCESS
PY03310,BK03310,2026-06-17T17:47:00.000+05:30,DEBIT CARD,8900.0,SUCCESS
PY03311,BK03311,2026-07-09T16:20:00.000+05:30,NET BANKING,17500.0,FAILED
PY03312,BK03312,2026-07-06T03:31:00.000+05:30,UPI,22000.0,SUCCESS
PY03313,BK03313,2026-05-12T03:04:00.000+05:30,CREDIT CARD,3500.0,SUCCESS
PY03314,BK03314,2026-06-01T19:37:00.000+05:30,WALLET,7200.0,SUCCESS
PY03315,BK03315,2026-06-05T17:41:00.000+05:30,NET BANKING,10500.0,SUCCESS
PY03316,BK03316,2026-06-11T16:49:00.000+05:30,CREDIT CARD,3500.0,SUCCESS
PY03317,BK03317,2026-06-07T07:38:00.000+05:30,NET BANKING,10500.0,SUCCESS
PY03318,BK03318,2026-04-13T15:11:00.000+05:30,DEBIT CARD,14800.0,SUCCESS
PY03319,BK03319,2026-06-08T09:13:00.000+05:30,UPI,5600.0,SUCCESS
PY03320,BK03320,2026-05-10T05:17:00.000+05:30,DEBIT CARD,4200.0,FAILED
PY03321,BK03321,2026-08-26T19:23:00.000+05:30,NET BANKING,4200.0,SUCCESS
PY03322,BK03322,2026-07-12T07:47:00.000+05:30,UPI,3500.0,SUCCESS
PY03323,BK03323,2026-07-02T20:58:00.000+05:30,DEBIT CARD,4200.0,SUCCESS
PY03324,BK03324,2026-05-17T00:01:00.000+05:30,UPI,3500.0,SUCCESS
PY03325,BK03325,2026-05-29T16:17:00.000+05:30,DEBIT CARD,17500.0,FAILED
PY03326,BK03326,2026-07-04T20:48:00.000+05:30,DEBIT CARD,12500.0,SUCCESS
PY03327,BK03327,2026-05-06T08:32:00.000+05:30,DEBIT CARD,3500.0,SUCCESS
PY03328,BK03328,2026-04-29T16:07:00.000+05:30,UPI,14800.0,SUCCESS
PY03329,BK03329,2026-07-31T20:29:00.000+05:30,DEBIT CARD,4200.0,SUCCESS
PY03330,BK03330,2026-05-11T05:50:00.000+05:30,CREDIT CARD,22000.0,SUCCESS
PY03331,BK03331,2026-05-03T08:04:00.000+05:30,DEBIT CARD,8900.0,SUCCESS
PY03332,BK03332,2026-08-02T11:11:00.000+05:30,NET BANKING,10500.0,SUCCESS
PY03333,BK03333,2026-08-06T18:32:00.000+05:30,NET BANKING,8900.0,REFUNDED
PY03334,BK03334,2026-06-04T10:44:00.000+05:30,WALLET,10500.0,SUCCESS
PY03335,BK03335,2026-07-24T11:41:00.000+05:30,DEBIT CARD,22000.0,SUCCESS
PY03336,BK03336,2026-04-21T13:08:00.000+05:30,CREDIT CARD,14800.0,SUCCESS
PY03337,BK03337,2026-06-04T00:31:00.000+05:30,NET BANKING,14800.0,REFUNDED
PY03338,BK03338,2026-05-13T06:21:00.000+05:30,WALLET,22000.0,SUCCESS
PY03339,BK03339,2026-07-29T21:10:00.000+05:30,NET BANKING,3500.0,SUCCESS
PY03340,BK03340,2026-05-09T03:45:00.000+05:30,DEBIT CARD,14800.0,SUCCESS
PY03341,BK03341,2026-06-01T01:56:00.000+05:30,CREDIT CARD,8900.0,SUCCESS
PY03342,BK03342,2026-08-14T18:03:00.000+05:30,UPI,12500.0,SUCCESS
PY03343,BK03343,2026-07-18T20:08:00.000+05:30,CREDIT CARD,12500.0,SUCCESS
PY03344,BK03344,2026-05-14T11:15:00.000+05:30,UPI,17500.0,SUCCESS
PY03345,BK03345,2026-08-04T05:05:00.000+05:30,DEBIT CARD,12500.0,SUCCESS
PY03346,BK03346,2026-05-20T00:22:00.000+05:30,NET BANKING,7200.0,SUCCESS
PY03347,BK03347,2026-08-17T05:32:00.000+05:30,NET BANKING,14800.0,SUCCESS
PY03348,BK03348,2026-07-14T02:23:00.000+05:30,NET BANKING,8900.0,SUCCESS
PY03349,BK03349,2026-08-07T14:04:00.000+05:30,CREDIT CARD,17500.0,SUCCESS
PY03350,BK03350,2026-08-05T23:49:00.000+05:30,DEBIT CARD,17500.0,SUCCESS
PY03351,BK03351,2026-05-21T03:06:00.000+05:30,DEBIT CARD,3500.0,SUCCESS
PY03352,BK03352,2026-07-09T05:15:00.000+05:30,DEBIT CARD,12500.0,FAILED
PY03353,BK03353,2026-05-28T06:21:00.000+05:30,WALLET,12500.0,SUCCESS
PY03354,BK03354,2026-05-22T06:33:00.000+05:30,DEBIT CARD,22000.0,SUCCESS
PY03355,BK03355,2026-08-24T09:53:00.000+05:30,WALLET,10500.0,SUCCESS
PY03356,BK03356,2026-08-06T15:59:00.000+05:30,UPI,12500.0,SUCCESS
PY03357,BK03357,2026-04-19T17:59:00.000+05:30,WALLET,17500.0,SUCCESS
PY03358,BK03358,2026-06-11T10:11:00.000+05:30,DEBIT CARD,17500.0,SUCCESS
PY03359,BK03359,2026-05-21T08:33:00.000+05:30,DEBIT CARD,22000.0,SUCCESS
PY03360,BK03360,2026-05-15T08:23:00.000+05:30,NET BANKING,3500.0,SUCCESS
PY03361,BK03361,2026-07-03T03:24:00.000+05:30,NET BANKING,10500.0,SUCCESS
PY03362,BK03362,2026-05-20T19:16:00.000+05:30,DEBIT CARD,14800.0,SUCCESS
PY03363,BK03363,2026-08-20T19:06:00.000+05:30,UPI,10500.0,SUCCESS
PY03364,BK03364,2026-08-08T06:47:00.000+05:30,NET BANKING,22000.0,SUCCESS
PY03365,BK03365,2026-07-10T20:39:00.000+05:30,UPI,5600.0,REFUNDED
PY03366,BK03366,2026-05-14T08:47:00.000+05:30,DEBIT CARD,5600.0,SUCCESS
PY03367,BK03367,2026-04-27T22:54:00.000+05:30,WALLET,14800.0,SUCCESS
PY03368,BK03368,2026-06-24T08:30:00.000+05:30,DEBIT CARD,3500.0,SUCCESS
PY03369,BK03369,2026-04-20T13:39:00.000+05:30,DEBIT CARD,17500.0,SUCCESS
PY03370,BK03370,2026-06-01T01:50:00.000+05:30,DEBIT CARD,3500.0,SUCCESS
PY03371,BK03371,2026-06-01T15:30:00.000+05:30,CREDIT CARD,4200.0,SUCCESS
PY03372,BK03372,2026-05-17T03:36:00.000+05:30,WALLET,5600.0,SUCCESS
PY03373,BK03373,2026-07-26T12:02:00.000+05:30,DEBIT CARD,4200.0,SUCCESS
PY03374,BK03374,2026-08-19T20:58:00.000+05:30,CREDIT CARD,10500.0,FAILED
PY03375,BK03375,2026-06-23T14:00:00.000+05:30,WALLET,5600.0,FAILED
PY03376,BK03376,2026-06-13T19:11:00.000+05:30,NET BANKING,10500.0,REFUNDED
PY03377,BK03377,2026-06-02T21:41:00.000+05:30,DEBIT CARD,14800.0,SUCCESS
PY03378,BK03378,2026-04-23T12:16:00.000+05:30,CREDIT CARD,5600.0,SUCCESS
PY03379,BK03379,2026-08-13T18:36:00.000+05:30,WALLET,22000.0,SUCCESS
PY03380,BK03380,2026-06-11T06:59:00.000+05:30,WALLET,14800.0,SUCCESS
PY03381,BK03381,2026-08-07T13:04:00.000+05:30,WALLET,3500.0,SUCCESS
PY03382,BK03382,2026-08-02T00:26:00.000+05:30,UPI,14800.0,SUCCESS
PY03383,BK03383,2026-05-08T23:52:00.000+05:30,NET BANKING,4200.0,SUCCESS
PY03384,BK03384,2026-04-26T00:04:00.000+05:30,CREDIT CARD,8900.0,SUCCESS
PY03385,BK03385,2026-04-17T03:03:00.000+05:30,UPI,10500.0,SUCCESS
PY03386,BK03386,2026-05-31T02:46:00.000+05:30,NET BANKING,3500.0,SUCCESS
PY03387,BK03387,2026-04-30T06:18:00.000+05:30,NET BANKING,12500.0,SUCCESS
PY03388,BK03388,2026-07-07T15:58:00.000+05:30,NET BANKING,8900.0,SUCCESS
PY03389,BK03389,2026-06-19T03:38:00.000+05:30,DEBIT CARD,3500.0,SUCCESS
PY03390,BK03390,2026-06-19T03:10:00.000+05:30,CREDIT CARD,7200.0,SUCCESS
PY03391,BK03391,2026-05-04T03:29:00.000+05:30,CREDIT CARD,7200.0,SUCCESS
PY03392,BK03392,2026-08-02T13:41:00.000+05:30,NET BANKING,10500.0,SUCCESS
PY03393,BK03393,2026-06-08T14:38:00.000+05:30,UPI,4200.0,SUCCESS
PY03394,BK03394,2026-05-29T11:16:00.000+05:30,NET BANKING,14800.0,SUCCESS
PY03395,BK03395,2026-08-03T19:59:00.000+05:30,NET BANKING,10500.0,SUCCESS
PY03396,BK03396,2026-04-29T13:16:00.000+05:30,DEBIT CARD,12500.0,SUCCESS
PY03397,BK03397,2026-05-06T02:11:00.000+05:30,CREDIT CARD,17500.0,SUCCESS
PY03398,BK03398,2026-06-15T10:05:00.000+05:30,UPI,12500.0,SUCCESS
PY03399,BK03399,2026-04-26T22:49:00.000+05:30,DEBIT CARD,3500.0,SUCCESS
PY03400,BK03400,2026-05-29T23:04:00.000+05:30,WALLET,5600.0,SUCCESS
PY03401,BK03401,2026-06-12T15:53:00.000+05:30,CREDIT CARD,5600.0,SUCCESS
PY03402,BK03402,2026-07-21T09:33:00.000+05:30,WALLET,10500.0,SUCCESS
PY03403,BK03403,2026-08-05T07:35:00.000+05:30,DEBIT CARD,10500.0,SUCCESS
PY03404,BK03404,2026-05-06T15:47:00.000+05:30,NET BANKING,7200.0,REFUNDED
PY03405,BK03405,2026-05-08T10:12:00.000+05:30,UPI,3500.0,SUCCESS
PY03406,BK03406,2026-07-20T19:10:00.000+05:30,DEBIT CARD,3500.0,SUCCESS
PY03407,BK03407,2026-07-23T08:19:00.000+05:30,UPI,17500.0,REFUNDED
PY03408,BK03408,2026-05-01T22:24:00.000+05:30,CREDIT CARD,17500.0,SUCCESS
PY03409,BK03409,2026-05-18T17:31:00.000+05:30,WALLET,12500.0,SUCCESS
PY03410,BK03410,2026-07-03T07:57:00.000+05:30,DEBIT CARD,10500.0,SUCCESS
PY03411,BK03411,2026-06-15T05:57:00.000+05:30,NET BANKING,10500.0,SUCCESS
PY03412,BK03412,2026-06-09T02:41:00.000+05:30,UPI,3500.0,SUCCESS
PY03413,BK03413,2026-08-03T15:33:00.000+05:30,CREDIT CARD,4200.0,SUCCESS
PY03414,BK03414,2026-07-20T21:06:00.000+05:30,WALLET,22000.0,SUCCESS
PY03415,BK03415,2026-05-30T11:57:00.000+05:30,NET BANKING,8900.0,REFUNDED
PY03416,BK03416,2026-05-19T22:25:00.000+05:30,WALLET,10500.0,SUCCESS
PY03417,BK03417,2026-07-03T17:48:00.000+05:30,DEBIT CARD,17500.0,SUCCESS
PY03418,BK03418,2026-06-10T21:05:00.000+05:30,NET BANKING,14800.0,SUCCESS
PY03419,BK03419,2026-06-26T09:32:00.000+05:30,CREDIT CARD,12500.0,SUCCESS
PY03420,BK03420,2026-07-12T01:55:00.000+05:30,UPI,3500.0,SUCCESS
PY03421,BK03421,2026-05-10T06:19:00.000+05:30,DEBIT CARD,4200.0,FAILED
PY03422,BK03422,2026-08-12T13:07:00.000+05:30,NET BANKING,14800.0,SUCCESS
PY03423,BK03423,2026-06-23T17:34:00.000+05:30,UPI,17500.0,FAILED
PY03424,BK03424,2026-07-16T03:02:00.000+05:30,WALLET,17500.0,SUCCESS
PY03425,BK03425,2026-07-18T06:12:00.000+05:30,CREDIT CARD,3500.0,SUCCESS
PY03426,BK03426,2026-08-14T03:16:00.000+05:30,DEBIT CARD,8900.0,SUCCESS
PY03427,BK03427,2026-06-29T07:08:00.000+05:30,CREDIT CARD,12500.0,SUCCESS
PY03428,BK03428,2026-06-22T04:41:00.000+05:30,WALLET,5600.0,SUCCESS
PY03429,BK03429,2026-05-16T12:46:00.000+05:30,DEBIT CARD,7200.0,SUCCESS
PY03430,BK03430,2026-05-12T20:38:00.000+05:30,DEBIT CARD,4200.0,SUCCESS
PY03431,BK03431,2026-06-19T02:30:00.000+05:30,CREDIT CARD,8900.0,SUCCESS
PY03432,BK03432,2026-05-04T16:49:00.000+05:30,UPI,4200.0,SUCCESS
PY03433,BK03433,2026-04-19T13:01:00.000+05:30,DEBIT CARD,12500.0,SUCCESS
PY03434,BK03434,2026-06-02T00:06:00.000+05:30,CREDIT CARD,5600.0,FAILED
PY03435,BK03435,2026-07-22T10:22:00.000+05:30,NET BANKING,14800.0,SUCCESS
PY03436,BK03436,2026-06-08T13:48:00.000+05:30,NET BANKING,10500.0,SUCCESS
PY03437,BK03437,2026-05-07T13:55:00.000+05:30,NET BANKING,22000.0,SUCCESS
PY03438,BK03438,2026-06-15T16:37:00.000+05:30,NET BANKING,12500.0,SUCCESS
PY03439,BK03439,2026-08-03T02:06:00.000+05:30,WALLET,17500.0,SUCCESS
PY03440,BK03440,2026-07-21T10:31:00.000+05:30,NET BANKING,5600.0,SUCCESS
PY03441,BK03441,2026-07-27T08:43:00.000+05:30,UPI,10500.0,SUCCESS
PY03442,BK03442,2026-06-03T17:06:00.000+05:30,NET BANKING,10500.0,SUCCESS
PY03443,BK03443,2026-08-02T08:56:00.000+05:30,WALLET,7200.0,SUCCESS
PY03444,BK03444,2026-06-05T23:24:00.000+05:30,CREDIT CARD,14800.0,SUCCESS
PY03445,BK03445,2026-05-27T22:10:00.000+05:30,NET BANKING,5600.0,SUCCESS
PY03446,BK03446,2026-08-03T09:31:00.000+05:30,CREDIT CARD,17500.0,SUCCESS
PY03447,BK03447,2026-06-27T08:30:00.000+05:30,UPI,14800.0,SUCCESS
PY03448,BK03448,2026-08-19T19:56:00.000+05:30,UPI,17500.0,SUCCESS
PY03449,BK03449,2026-05-26T15:43:00.000+05:30,CREDIT CARD,22000.0,FAILED
PY03450,BK03450,2026-06-24T13:06:00.000+05:30,UPI,7200.0,SUCCESS
PY03451,BK03451,2026-05-13T07:40:00.000+05:30,CREDIT CARD,17500.0,SUCCESS
PY03452,BK03452,2026-06-21T01:56:00.000+05:30,NET BANKING,22000.0,SUCCESS
PY03453,BK03453,2026-06-21T08:00:00.000+05:30,WALLET,5600.0,SUCCESS
PY03454,BK03454,2026-05-31T11:26:00.000+05:30,WALLET,12500.0,SUCCESS
PY03455,BK03455,2026-06-02T09:15:00.000+05:30,WALLET,14800.0,SUCCESS
PY03456,BK03456,2026-06-29T11:14:00.000+05:30,UPI,17500.0,SUCCESS
PY03457,BK03457,2026-08-02T17:18:00.000+05:30,UPI,22000.0,REFUNDED
PY03458,BK03458,2026-07-05T13:07:00.000+05:30,WALLET,12500.0,SUCCESS
PY03459,BK03459,2026-04-18T20:14:00.000+05:30,CREDIT CARD,10500.0,SUCCESS
PY03460,BK03460,2026-04-11T12:17:00.000+05:30,UPI,7200.0,SUCCESS
PY03461,BK03461,2026-08-19T12:21:00.000+05:30,UPI,5600.0,SUCCESS
PY03462,BK03462,2026-05-25T10:20:00.000+05:30,DEBIT CARD,14800.0,SUCCESS
PY03463,BK03463,2026-08-10T16:28:00.000+05:30,UPI,5600.0,SUCCESS
PY03464,BK03464,2026-07-27T06:56:00.000+05:30,WALLET,3500.0,SUCCESS
PY03465,BK03465,2026-04-19T19:36:00.000+05:30,WALLET,4200.0,SUCCESS
PY03466,BK03466,2026-07-27T04:57:00.000+05:30,DEBIT CARD,22000.0,FAILED
PY03467,BK03467,2026-06-13T13:19:00.000+05:30,UPI,4200.0,SUCCESS
PY03468,BK03468,2026-06-25T20:09:00.000+05:30,DEBIT CARD,8900.0,SUCCESS
PY03469,BK03469,2026-05-14T13:58:00.000+05:30,UPI,5600.0,SUCCESS
PY03470,BK03470,2026-05-28T14:13:00.000+05:30,CREDIT CARD,17500.0,SUCCESS
PY03471,BK03471,2026-05-24T07:15:00.000+05:30,UPI,8900.0,SUCCESS
PY03472,BK03472,2026-07-29T07:51:00.000+05:30,UPI,8900.0,SUCCESS
PY03473,BK03473,2026-08-07T23:48:00.000+05:30,UPI,3500.0,SUCCESS
PY03474,BK03474,2026-06-29T23:19:00.000+05:30,CREDIT CARD,5600.0,SUCCESS
PY03475,BK03475,2026-06-14T18:53:00.000+05:30,WALLET,10500.0,SUCCESS
PY03476,BK03476,2026-05-31T08:55:00.000+05:30,NET BANKING,5600.0,SUCCESS
PY03477,BK03477,2026-07-01T14:36:00.000+05:30,CREDIT CARD,12500.0,SUCCESS
PY03478,BK03478,2026-07-11T11:10:00.000+05:30,DEBIT CARD,12500.0,SUCCESS
PY03479,BK03479,2026-08-02T04:46:00.000+05:30,DEBIT CARD,22000.0,SUCCESS
PY03480,BK03480,2026-08-06T11:16:00.000+05:30,UPI,7200.0,SUCCESS
PY03481,BK03481,2026-07-27T00:27:00.000+05:30,DEBIT CARD,12500.0,SUCCESS
PY03482,BK03482,2026-07-26T13:13:00.000+05:30,CREDIT CARD,10500.0,SUCCESS
PY03483,BK03483,2026-04-28T08:19:00.000+05:30,CREDIT CARD,17500.0,SUCCESS
PY03484,BK03484,2026-04-30T02:03:00.000+05:30,UPI,7200.0,SUCCESS
PY03485,BK03485,2026-04-26T21:42:00.000+05:30,NET BANKING,8900.0,SUCCESS
PY03486,BK03486,2026-05-19T12:41:00.000+05:30,WALLET,22000.0,SUCCESS
PY03487,BK03487,2026-04-13T04:10:00.000+05:30,UPI,22000.0,SUCCESS
PY03488,BK03488,2026-04-18T03:19:00.000+05:30,WALLET,8900.0,SUCCESS
PY03489,BK03489,2026-07-05T02:40:00.000+05:30,WALLET,12500.0,SUCCESS
PY03490,BK03490,2026-08-21T06:24:00.000+05:30,DEBIT CARD,10500.0,SUCCESS
PY03491,BK03491,2026-07-29T17:26:00.000+05:30,DEBIT CARD,5600.0,SUCCESS
PY03492,BK03492,2026-07-14T21:10:00.000+05:30,CREDIT CARD,8900.0,SUCCESS
PY03493,BK03493,2026-08-24T01:35:00.000+05:30,UPI,4200.0,SUCCESS
PY03494,BK03494,2026-06-17T12:18:00.000+05:30,UPI,10500.0,SUCCESS
PY03495,BK03495,2026-07-10T14:06:00.000+05:30,CREDIT CARD,14800.0,SUCCESS
PY03496,BK03496,2026-08-12T00:16:00.000+05:30,DEBIT CARD,3500.0,SUCCESS
PY03497,BK03497,2026-05-19T09:32:00.000+05:30,DEBIT CARD,5600.0,SUCCESS
PY03498,BK03498,2026-08-01T18:46:00.000+05:30,CREDIT CARD,10500.0,REFUNDED
PY03499,BK03499,2026-04-21T12:52:00.000+05:30,NET BANKING,17500.0,FAILED
PY03500,BK03500,2026-06-19T13:01:00.000+05:30,WALLET,12500.0,SUCCESS
PY03501,BK03501,2026-07-21T12:16:00.000+05:30,NET BANKING,10500.0,SUCCESS
PY03502,BK03502,2026-07-14T09:52:00.000+05:30,WALLET,5600.0,SUCCESS
PY03503,BK03503,2026-08-16T19:37:00.000+05:30,WALLET,5600.0,SUCCESS
PY03504,BK03504,2026-04-14T03:35:00.000+05:30,DEBIT CARD,22000.0,SUCCESS
PY03505,BK03505,2026-05-04T11:22:00.000+05:30,WALLET,8900.0,SUCCESS
PY03506,BK03506,2026-05-29T08:33:00.000+05:30,UPI,4200.0,SUCCESS
PY03507,BK03507,2026-07-31T23:30:00.000+05:30,WALLET,14800.0,SUCCESS
PY03508,BK03508,2026-05-24T10:20:00.000+05:30,WALLET,10500.0,SUCCESS
PY03509,BK03509,2026-04-25T14:15:00.000+05:30,UPI,12500.0,SUCCESS
PY03510,BK03510,2026-08-08T06:28:00.000+05:30,UPI,22000.0,SUCCESS
PY03511,BK03511,2026-05-10T18:10:00.000+05:30,UPI,4200.0,SUCCESS
PY03512,BK03512,2026-08-10T00:43:00.000+05:30,WALLET,4200.0,SUCCESS
PY03513,BK03513,2026-04-28T06:31:00.000+05:30,DEBIT CARD,7200.0,SUCCESS
PY03514,BK03514,2026-05-05T20:07:00.000+05:30,NET BANKING,10500.0,SUCCESS
PY03515,BK03515,2026-06-04T09:49:00.000+05:30,UPI,10500.0,SUCCESS
PY03516,BK03516,2026-05-30T01:51:00.000+05:30,UPI,7200.0,SUCCESS
PY03517,BK03517,2026-05-01T08:25:00.000+05:30,NET BANKING,12500.0,SUCCESS
PY03518,BK03518,2026-04-30T04:25:00.000+05:30,NET BANKING,22000.0,SUCCESS
PY03519,BK03519,2026-06-30T03:35:00.000+05:30,WALLET,10500.0,SUCCESS
PY03520,BK03520,2026-07-08T06:27:00.000+05:30,WALLET,3500.0,SUCCESS
PY03521,BK03521,2026-07-24T03:19:00.000+05:30,DEBIT CARD,10500.0,SUCCESS
PY03522,BK03522,2026-06-01T06:59:00.000+05:30,WALLET,14800.0,REFUNDED
PY03523,BK03523,2026-06-11T23:29:00.000+05:30,CREDIT CARD,5600.0,SUCCESS
PY03524,BK03524,2026-04-29T06:46:00.000+05:30,UPI,4200.0,SUCCESS
PY03525,BK03525,2026-04-16T06:30:00.000+05:30,UPI,7200.0,SUCCESS
PY03526,BK03526,2026-07-23T01:22:00.000+05:30,WALLET,5600.0,SUCCESS
PY03527,BK03527,2026-07-29T08:31:00.000+05:30,WALLET,22000.0,SUCCESS
PY03528,BK03528,2026-05-09T06:34:00.000+05:30,NET BANKING,8900.0,SUCCESS
PY03529,BK03529,2026-05-26T08:20:00.000+05:30,NET BANKING,3500.0,SUCCESS
PY03530,BK03530,2026-05-10T00:37:00.000+05:30,WALLET,22000.0,SUCCESS
PY03531,BK03531,2026-06-23T21:24:00.000+05:30,WALLET,5600.0,SUCCESS
PY03532,BK03532,2026-05-07T00:21:00.000+05:30,CREDIT CARD,8900.0,SUCCESS
PY03533,BK03533,2026-05-22T20:07:00.000+05:30,CREDIT CARD,10500.0,SUCCESS
PY03534,BK03534,2026-07-25T16:51:00.000+05:30,UPI,14800.0,SUCCESS
PY03535,BK03535,2026-07-10T12:49:00.000+05:30,UPI,12500.0,SUCCESS
PY03536,BK03536,2026-06-08T16:39:00.000+05:30,WALLET,4200.0,SUCCESS
PY03537,BK03537,2026-04-27T17:02:00.000+05:30,WALLET,4200.0,SUCCESS
PY03538,BK03538,2026-05-17T20:45:00.000+05:30,CREDIT CARD,12500.0,SUCCESS
PY03539,BK03539,2026-06-23T10:04:00.000+05:30,CREDIT CARD,10500.0,SUCCESS
PY03540,BK03540,2026-05-31T06:49:00.000+05:30,DEBIT CARD,5600.0,SUCCESS
PY03541,BK03541,2026-07-18T10:54:00.000+05:30,UPI,22000.0,SUCCESS
PY03542,BK03542,2026-05-20T08:17:00.000+05:30,CREDIT CARD,3500.0,SUCCESS
PY03543,BK03543,2026-04-20T21:26:00.000+05:30,DEBIT CARD,14800.0,SUCCESS
PY03544,BK03544,2026-06-08T13:36:00.000+05:30,UPI,4200.0,SUCCESS
PY03545,BK03545,2026-08-18T21:14:00.000+05:30,UPI,7200.0,SUCCESS
PY03546,BK03546,2026-05-29T23:16:00.000+05:30,WALLET,7200.0,SUCCESS
PY03547,BK03547,2026-06-24T13:12:00.000+05:30,WALLET,4200.0,SUCCESS
PY03548,BK03548,2026-06-14T18:11:00.000+05:30,WALLET,14800.0,SUCCESS
PY03549,BK03549,2026-06-29T19:21:00.000+05:30,DEBIT CARD,22000.0,SUCCESS
PY03550,BK03550,2026-07-31T14:15:00.000+05:30,UPI,3500.0,SUCCESS
PY03551,BK03551,2026-06-28T21:06:00.000+05:30,CREDIT CARD,7200.0,SUCCESS
PY03552,BK03552,2026-06-28T06:14:00.000+05:30,UPI,14800.0,SUCCESS
PY03553,BK03553,2026-07-03T16:52:00.000+05:30,WALLET,12500.0,SUCCESS
PY03554,BK03554,2026-04-12T01:46:00.000+05:30,DEBIT CARD,7200.0,SUCCESS
PY03555,BK03555,2026-05-25T10:02:00.000+05:30,CREDIT CARD,5600.0,SUCCESS
PY03556,BK03556,2026-05-01T08:27:00.000+05:30,NET BANKING,7200.0,SUCCESS
PY03557,BK03557,2026-04-18T08:07:00.000+05:30,NET BANKING,7200.0,SUCCESS
PY03558,BK03558,2026-07-07T05:56:00.000+05:30,UPI,14800.0,SUCCESS
PY03559,BK03559,2026-05-19T11:38:00.000+05:30,NET BANKING,4200.0,SUCCESS
PY03560,BK03560,2026-05-23T23:54:00.000+05:30,DEBIT CARD,8900.0,SUCCESS
PY03561,BK03561,2026-08-04T11:13:00.000+05:30,DEBIT CARD,12500.0,SUCCESS
PY03562,BK03562,2026-06-08T17:21:00.000+05:30,NET BANKING,12500.0,SUCCESS
PY03563,BK03563,2026-08-15T18:05:00.000+05:30,NET BANKING,17500.0,SUCCESS
PY03564,BK03564,2026-05-06T01:17:00.000+05:30,DEBIT CARD,8900.0,SUCCESS
PY03565,BK03565,2026-04-20T21:50:00.000+05:30,WALLET,14800.0,SUCCESS
PY03566,BK03566,2026-05-23T01:27:00.000+05:30,DEBIT CARD,14800.0,SUCCESS
PY03567,BK03567,2026-06-10T13:45:00.000+05:30,CREDIT CARD,12500.0,SUCCESS
PY03568,BK03568,2026-05-18T17:00:00.000+05:30,CREDIT CARD,17500.0,SUCCESS
PY03569,BK03569,2026-07-03T23:09:00.000+05:30,CREDIT CARD,14800.0,FAILED
PY03570,BK03570,2026-06-27T14:44:00.000+05:30,CREDIT CARD,4200.0,SUCCESS
PY03571,BK03571,2026-05-28T00:36:00.000+05:30,NET BANKING,7200.0,SUCCESS
PY03572,BK03572,2026-05-08T03:10:00.000+05:30,CREDIT CARD,7200.0,SUCCESS
PY03573,BK03573,2026-07-30T14:00:00.000+05:30,CREDIT CARD,5600.0,SUCCESS
PY03574,BK03574,2026-06-25T00:12:00.000+05:30,CREDIT CARD,3500.0,SUCCESS
PY03575,BK03575,2026-05-29T21:58:00.000+05:30,DEBIT CARD,4200.0,SUCCESS
PY03576,BK03576,2026-07-09T21:41:00.000+05:30,WALLET,3500.0,FAILED
PY03577,BK03577,2026-04-22T15:18:00.000+05:30,CREDIT CARD,22000.0,SUCCESS
PY03578,BK03578,2026-08-01T23:51:00.000+05:30,NET BANKING,22000.0,SUCCESS
PY03579,BK03579,2026-06-04T06:45:00.000+05:30,NET BANKING,22000.0,SUCCESS
PY03580,BK03580,2026-07-29T20:52:00.000+05:30,DEBIT CARD,8900.0,SUCCESS
PY03581,BK03581,2026-06-28T08:38:00.000+05:30,WALLET,10500.0,SUCCESS
PY03582,BK03582,2026-04-20T11:13:00.000+05:30,DEBIT CARD,22000.0,SUCCESS
PY03583,BK03583,2026-05-16T12:33:00.000+05:30,CREDIT CARD,8900.0,SUCCESS
PY03584,BK03584,2026-06-29T09:29:00.000+05:30,CREDIT CARD,22000.0,SUCCESS
PY03585,BK03585,2026-07-10T06:30:00.000+05:30,WALLET,3500.0,SUCCESS
PY03586,BK03586,2026-04-30T03:22:00.000+05:30,DEBIT CARD,4200.0,SUCCESS
PY03587,BK03587,2026-05-30T08:31:00.000+05:30,DEBIT CARD,22000.0,SUCCESS
PY03588,BK03588,2026-04-14T03:29:00.000+05:30,WALLET,4200.0,SUCCESS
PY03589,BK03589,2026-04-22T21:58:00.000+05:30,DEBIT CARD,5600.0,FAILED
PY03590,BK03590,2026-04-16T15:10:00.000+05:30,WALLET,17500.0,SUCCESS
PY03591,BK03591,2026-04-27T13:50:00.000+05:30,WALLET,7200.0,SUCCESS
PY03592,BK03592,2026-07-17T23:46:00.000+05:30,WALLET,17500.0,SUCCESS
PY03593,BK03593,2026-06-13T08:46:00.000+05:30,NET BANKING,5600.0,SUCCESS
PY03594,BK03594,2026-05-21T15:04:00.000+05:30,NET BANKING,17500.0,SUCCESS
PY03595,BK03595,2026-07-15T19:39:00.000+05:30,DEBIT CARD,10500.0,SUCCESS
PY03596,BK03596,2026-06-11T03:54:00.000+05:30,UPI,12500.0,SUCCESS
PY03597,BK03597,2026-06-22T10:49:00.000+05:30,UPI,3500.0,SUCCESS
PY03598,BK03598,2026-08-10T16:48:00.000+05:30,NET BANKING,5600.0,SUCCESS
PY03599,BK03599,2026-08-18T20:45:00.000+05:30,UPI,4200.0,SUCCESS
PY03600,BK03600,2026-07-13T12:11:00.000+05:30,NET BANKING,22000.0,SUCCESS
PY03601,BK03601,2026-06-14T15:48:00.000+05:30,DEBIT CARD,4200.0,REFUNDED
PY03602,BK03602,2026-04-23T22:17:00.000+05:30,UPI,4200.0,SUCCESS
PY03603,BK03603,2026-06-20T04:11:00.000+05:30,DEBIT CARD,12500.0,SUCCESS
PY03604,BK03604,2026-05-16T01:40:00.000+05:30,CREDIT CARD,22000.0,SUCCESS
PY03605,BK03605,2026-08-15T01:31:00.000+05:30,DEBIT CARD,7200.0,SUCCESS
PY03606,BK03606,2026-07-21T13:25:00.000+05:30,DEBIT CARD,5600.0,SUCCESS
PY03607,BK03607,2026-07-02T15:58:00.000+05:30,NET BANKING,17500.0,SUCCESS
PY03608,BK03608,2026-08-14T03:01:00.000+05:30,NET BANKING,14800.0,SUCCESS
PY03609,BK03609,2026-06-30T16:50:00.000+05:30,UPI,3500.0,SUCCESS
PY03610,BK03610,2026-05-22T08:00:00.000+05:30,CREDIT CARD,10500.0,SUCCESS
PY03611,BK03611,2026-04-19T18:27:00.000+05:30,DEBIT CARD,10500.0,SUCCESS
PY03612,BK03612,2026-05-05T06:38:00.000+05:30,WALLET,8900.0,SUCCESS
PY03613,BK03613,2026-07-24T08:08:00.000+05:30,NET BANKING,8900.0,SUCCESS
PY03614,BK03614,2026-06-30T13:13:00.000+05:30,DEBIT CARD,5600.0,SUCCESS
PY03615,BK03615,2026-04-22T03:14:00.000+05:30,UPI,3500.0,SUCCESS
PY03616,BK03616,2026-08-15T15:12:00.000+05:30,DEBIT CARD,17500.0,REFUNDED
PY03617,BK03617,2026-06-07T20:58:00.000+05:30,CREDIT CARD,17500.0,SUCCESS
PY03618,BK03618,2026-05-18T22:04:00.000+05:30,NET BANKING,14800.0,REFUNDED
PY03619,BK03619,2026-07-15T20:20:00.000+05:30,UPI,14800.0,SUCCESS
PY03620,BK03620,2026-08-17T03:10:00.000+05:30,DEBIT CARD,14800.0,SUCCESS
PY03621,BK03621,2026-08-25T00:32:00.000+05:30,UPI,12500.0,SUCCESS
PY03622,BK03622,2026-05-30T23:56:00.000+05:30,CREDIT CARD,10500.0,SUCCESS
PY03623,BK03623,2026-06-27T10:34:00.000+05:30,DEBIT CARD,5600.0,SUCCESS
PY03624,BK03624,2026-05-10T15:38:00.000+05:30,WALLET,8900.0,SUCCESS
PY03625,BK03625,2026-07-31T12:47:00.000+05:30,UPI,12500.0,SUCCESS
PY03626,BK03626,2026-04-26T12:56:00.000+05:30,UPI,7200.0,SUCCESS
PY03627,BK03627,2026-08-01T20:56:00.000+05:30,WALLET,7200.0,SUCCESS
PY03628,BK03628,2026-07-13T02:07:00.000+05:30,DEBIT CARD,12500.0,SUCCESS
PY03629,BK03629,2026-04-19T11:28:00.000+05:30,WALLET,22000.0,SUCCESS
PY03630,BK03630,2026-04-29T07:14:00.000+05:30,UPI,14800.0,SUCCESS
PY03631,BK03631,2026-06-11T11:44:00.000+05:30,WALLET,8900.0,FAILED
PY03632,BK03632,2026-05-23T10:37:00.000+05:30,UPI,14800.0,SUCCESS
PY03633,BK03633,2026-05-05T18:47:00.000+05:30,WALLET,4200.0,SUCCESS
PY03634,BK03634,2026-07-01T16:25:00.000+05:30,WALLET,8900.0,SUCCESS
PY03635,BK03635,2026-07-16T01:31:00.000+05:30,CREDIT CARD,22000.0,SUCCESS
PY03636,BK03636,2026-07-02T20:55:00.000+05:30,NET BANKING,14800.0,SUCCESS
PY03637,BK03637,2026-07-15T03:09:00.000+05:30,WALLET,3500.0,SUCCESS
PY03638,BK03638,2026-04-22T15:16:00.000+05:30,UPI,5600.0,SUCCESS
PY03639,BK03639,2026-06-16T09:29:00.000+05:30,DEBIT CARD,7200.0,SUCCESS
PY03640,BK03640,2026-06-03T02:26:00.000+05:30,UPI,14800.0,SUCCESS
PY03641,BK03641,2026-05-11T23:55:00.000+05:30,WALLET,3500.0,SUCCESS
PY03642,BK03642,2026-05-09T16:33:00.000+05:30,WALLET,14800.0,SUCCESS
PY03643,BK03643,2026-05-04T04:49:00.000+05:30,NET BANKING,3500.0,SUCCESS
PY03644,BK03644,2026-06-30T03:01:00.000+05:30,DEBIT CARD,5600.0,FAILED
PY03645,BK03645,2026-05-28T08:19:00.000+05:30,DEBIT CARD,8900.0,SUCCESS
PY03646,BK03646,2026-07-03T01:29:00.000+05:30,UPI,10500.0,SUCCESS
PY03647,BK03647,2026-05-23T02:31:00.000+05:30,CREDIT CARD,10500.0,SUCCESS
PY03648,BK03648,2026-08-07T05:58:00.000+05:30,WALLET,7200.0,SUCCESS
PY03649,BK03649,2026-05-26T13:30:00.000+05:30,UPI,14800.0,SUCCESS
PY03650,BK03650,2026-05-10T18:42:00.000+05:30,DEBIT CARD,22000.0,SUCCESS
PY03651,BK03651,2026-05-13T02:40:00.000+05:30,DEBIT CARD,5600.0,SUCCESS
PY03652,BK03652,2026-08-05T21:37:00.000+05:30,DEBIT CARD,12500.0,REFUNDED
PY03653,BK03653,2026-05-13T12:47:00.000+05:30,DEBIT CARD,22000.0,SUCCESS
PY03654,BK03654,2026-08-14T18:08:00.000+05:30,DEBIT CARD,7200.0,SUCCESS
PY03655,BK03655,2026-05-10T00:55:00.000+05:30,DEBIT CARD,10500.0,SUCCESS
PY03656,BK03656,2026-05-26T10:10:00.000+05:30,DEBIT CARD,5600.0,SUCCESS
PY03657,BK03657,2026-07-12T20:49:00.000+05:30,WALLET,22000.0,SUCCESS
PY03658,BK03658,2026-08-09T22:20:00.000+05:30,NET BANKING,5600.0,SUCCESS
PY03659,BK03659,2026-04-22T20:50:00.000+05:30,CREDIT CARD,14800.0,REFUNDED
PY03660,BK03660,2026-07-25T06:17:00.000+05:30,UPI,4200.0,SUCCESS
PY03661,BK03661,2026-06-16T11:07:00.000+05:30,CREDIT CARD,7200.0,SUCCESS
PY03662,BK03662,2026-08-07T01:09:00.000+05:30,UPI,17500.0,SUCCESS
PY03663,BK03663,2026-07-08T15:33:00.000+05:30,NET BANKING,12500.0,SUCCESS
PY03664,BK03664,2026-05-13T01:12:00.000+05:30,WALLET,10500.0,SUCCESS
PY03665,BK03665,2026-05-31T09:02:00.000+05:30,CREDIT CARD,17500.0,SUCCESS
PY03666,BK03666,2026-07-21T12:27:00.000+05:30,WALLET,10500.0,SUCCESS
PY03667,BK03667,2026-04-13T23:02:00.000+05:30,WALLET,4200.0,REFUNDED
PY03668,BK03668,2026-06-23T13:08:00.000+05:30,WALLET,3500.0,SUCCESS
PY03669,BK03669,2026-07-16T22:27:00.000+05:30,UPI,12500.0,SUCCESS
PY03670,BK03670,2026-07-22T19:21:00.000+05:30,UPI,3500.0,SUCCESS
PY03671,BK03671,2026-05-04T22:09:00.000+05:30,CREDIT CARD,8900.0,SUCCESS
PY03672,BK03672,2026-07-24T09:23:00.000+05:30,NET BANKING,10500.0,SUCCESS
PY03673,BK03673,2026-04-11T11:04:00.000+05:30,CREDIT CARD,17500.0,SUCCESS
PY03674,BK03674,2026-06-22T08:05:00.000+05:30,DEBIT CARD,10500.0,REFUNDED
PY03675,BK03675,2026-05-03T03:59:00.000+05:30,CREDIT CARD,14800.0,SUCCESS
PY03676,BK03676,2026-08-16T18:07:00.000+05:30,CREDIT CARD,3500.0,SUCCESS
PY03677,BK03677,2026-05-29T15:54:00.000+05:30,NET BANKING,10500.0,SUCCESS
PY03678,BK03678,2026-05-12T06:13:00.000+05:30,WALLET,8900.0,SUCCESS
PY03679,BK03679,2026-06-05T04:04:00.000+05:30,DEBIT CARD,10500.0,SUCCESS
PY03680,BK03680,2026-06-29T14:23:00.000+05:30,UPI,14800.0,SUCCESS
PY03681,BK03681,2026-07-18T02:32:00.000+05:30,UPI,17500.0,SUCCESS
PY03682,BK03682,2026-05-25T13:10:00.000+05:30,WALLET,12500.0,SUCCESS
PY03683,BK03683,2026-04-24T16:58:00.000+05:30,NET BANKING,10500.0,SUCCESS
PY03684,BK03684,2026-07-24T21:00:00.000+05:30,CREDIT CARD,12500.0,SUCCESS
PY03685,BK03685,2026-06-05T17:46:00.000+05:30,NET BANKING,7200.0,SUCCESS
PY03686,BK03686,2026-07-25T15:40:00.000+05:30,DEBIT CARD,14800.0,SUCCESS
PY03687,BK03687,2026-05-29T08:01:00.000+05:30,UPI,12500.0,SUCCESS
PY03688,BK03688,2026-07-16T01:34:00.000+05:30,DEBIT CARD,3500.0,SUCCESS
PY03689,BK03689,2026-07-09T09:02:00.000+05:30,CREDIT CARD,3500.0,SUCCESS
PY03690,BK03690,2026-07-31T13:15:00.000+05:30,WALLET,17500.0,SUCCESS
PY03691,BK03691,2026-06-30T09:08:00.000+05:30,CREDIT CARD,5600.0,SUCCESS
PY03692,BK03692,2026-06-29T08:20:00.000+05:30,CREDIT CARD,12500.0,SUCCESS
PY03693,BK03693,2026-07-11T01:30:00.000+05:30,CREDIT CARD,22000.0,SUCCESS
PY03694,BK03694,2026-05-22T21:08:00.000+05:30,WALLET,7200.0,SUCCESS
PY03695,BK03695,2026-06-21T11:49:00.000+05:30,DEBIT CARD,4200.0,SUCCESS
PY03696,BK03696,2026-06-12T18:06:00.000+05:30,WALLET,22000.0,SUCCESS
PY03697,BK03697,2026-04-19T13:55:00.000+05:30,CREDIT CARD,7200.0,SUCCESS
PY03698,BK03698,2026-05-21T12:55:00.000+05:30,UPI,8900.0,SUCCESS
PY03699,BK03699,2026-06-07T20:01:00.000+05:30,DEBIT CARD,5600.0,SUCCESS
PY03700,BK03700,2026-06-14T22:15:00.000+05:30,CREDIT CARD,7200.0,SUCCESS
PY03701,BK03701,2026-05-04T09:28:00.000+05:30,CREDIT CARD,4200.0,REFUNDED
PY03702,BK03702,2026-07-12T02:12:00.000+05:30,DEBIT CARD,7200.0,SUCCESS
PY03703,BK03703,2026-08-14T15:45:00.000+05:30,DEBIT CARD,7200.0,SUCCESS
PY03704,BK03704,2026-07-03T15:23:00.000+05:30,CREDIT CARD,5600.0,SUCCESS
PY03705,BK03705,2026-06-08T19:43:00.000+05:30,UPI,22000.0,SUCCESS
PY03706,BK03706,2026-05-22T01:21:00.000+05:30,NET BANKING,4200.0,SUCCESS
PY03707,BK03707,2026-05-02T08:44:00.000+05:30,UPI,7200.0,SUCCESS
PY03708,BK03708,2026-06-06T15:06:00.000+05:30,NET BANKING,4200.0,SUCCESS
PY03709,BK03709,2026-07-31T03:42:00.000+05:30,WALLET,3500.0,SUCCESS
PY03710,BK03710,2026-08-05T23:29:00.000+05:30,WALLET,14800.0,SUCCESS
PY03711,BK03711,2026-06-13T16:35:00.000+05:30,CREDIT CARD,3500.0,SUCCESS
PY03712,BK03712,2026-05-30T21:27:00.000+05:30,CREDIT CARD,3500.0,SUCCESS
PY03713,BK03713,2026-05-31T22:31:00.000+05:30,UPI,5600.0,SUCCESS
PY03714,BK03714,2026-07-17T21:48:00.000+05:30,WALLET,3500.0,SUCCESS
PY03715,BK03715,2026-07-25T15:42:00.000+05:30,NET BANKING,12500.0,REFUNDED
PY03716,BK03716,2026-05-18T00:23:00.000+05:30,NET BANKING,8900.0,SUCCESS
PY03717,BK03717,2026-06-27T18:30:00.000+05:30,CREDIT CARD,14800.0,SUCCESS
PY03718,BK03718,2026-08-15T09:18:00.000+05:30,CREDIT CARD,4200.0,SUCCESS
PY03719,BK03719,2026-06-11T17:13:00.000+05:30,CREDIT CARD,4200.0,SUCCESS
PY03720,BK03720,2026-05-09T00:43:00.000+05:30,CREDIT CARD,17500.0,SUCCESS
PY03721,BK03721,2026-06-10T22:10:00.000+05:30,UPI,10500.0,SUCCESS
PY03722,BK03722,2026-07-25T21:47:00.000+05:30,WALLET,14800.0,REFUNDED
PY03723,BK03723,2026-06-19T01:37:00.000+05:30,WALLET,17500.0,SUCCESS
PY03724,BK03724,2026-06-11T06:33:00.000+05:30,NET BANKING,4200.0,SUCCESS
PY03725,BK03725,2026-04-28T00:01:00.000+05:30,CREDIT CARD,12500.0,SUCCESS
PY03726,BK03726,2026-06-24T15:30:00.000+05:30,DEBIT CARD,12500.0,SUCCESS
PY03727,BK03727,2026-08-11T06:27:00.000+05:30,CREDIT CARD,22000.0,SUCCESS
PY03728,BK03728,2026-05-16T20:56:00.000+05:30,CREDIT CARD,22000.0,SUCCESS
PY03729,BK03729,2026-05-26T00:27:00.000+05:30,CREDIT CARD,17500.0,SUCCESS
PY03730,BK03730,2026-05-14T02:27:00.000+05:30,DEBIT CARD,5600.0,SUCCESS
PY03731,BK03731,2026-05-18T12:57:00.000+05:30,WALLET,12500.0,SUCCESS
PY03732,BK03732,2026-06-27T06:46:00.000+05:30,CREDIT CARD,12500.0,SUCCESS
PY03733,BK03733,2026-08-05T16:51:00.000+05:30,UPI,10500.0,SUCCESS
PY03734,BK03734,2026-05-14T21:10:00.000+05:30,CREDIT CARD,10500.0,SUCCESS
PY03735,BK03735,2026-07-14T03:20:00.000+05:30,CREDIT CARD,17500.0,SUCCESS
PY03736,BK03736,2026-05-03T07:13:00.000+05:30,WALLET,4200.0,SUCCESS
PY03737,BK03737,2026-06-09T02:35:00.000+05:30,CREDIT CARD,7200.0,SUCCESS
PY03738,BK03738,2026-06-07T00:16:00.000+05:30,CREDIT CARD,10500.0,SUCCESS
PY03739,BK03739,2026-07-12T13:34:00.000+05:30,DEBIT CARD,12500.0,SUCCESS
PY03740,BK03740,2026-08-08T15:40:00.000+05:30,WALLET,7200.0,SUCCESS
PY03741,BK03741,2026-04-20T13:07:00.000+05:30,NET BANKING,8900.0,SUCCESS
PY03742,BK03742,2026-06-03T22:18:00.000+05:30,WALLET,10500.0,SUCCESS
PY03743,BK03743,2026-06-21T02:29:00.000+05:30,CREDIT CARD,10500.0,SUCCESS
PY03744,BK03744,2026-07-24T13:46:00.000+05:30,CREDIT CARD,8900.0,SUCCESS
PY03745,BK03745,2026-04-21T08:41:00.000+05:30,WALLET,8900.0,SUCCESS
PY03746,BK03746,2026-07-11T02:57:00.000+05:30,UPI,14800.0,SUCCESS
PY03747,BK03747,2026-06-11T03:52:00.000+05:30,WALLET,17500.0,SUCCESS
PY03748,BK03748,2026-06-06T08:47:00.000+05:30,WALLET,10500.0,SUCCESS
PY03749,BK03749,2026-07-31T21:35:00.000+05:30,UPI,22000.0,SUCCESS
PY03750,BK03750,2026-05-31T15:40:00.000+05:30,NET BANKING,3500.0,SUCCESS
PY03751,BK03751,2026-05-02T00:36:00.000+05:30,DEBIT CARD,5600.0,REFUNDED
PY03752,BK03752,2026-05-25T09:00:00.000+05:30,UPI,8900.0,SUCCESS
PY03753,BK03753,2026-05-02T05:39:00.000+05:30,WALLET,22000.0,SUCCESS
PY03754,BK03754,2026-08-10T08:50:00.000+05:30,DEBIT CARD,22000.0,SUCCESS
PY03755,BK03755,2026-05-24T13:54:00.000+05:30,UPI,3500.0,SUCCESS
PY03756,BK03756,2026-06-10T18:22:00.000+05:30,WALLET,5600.0,SUCCESS
PY03757,BK03757,2026-05-26T03:23:00.000+05:30,CREDIT CARD,12500.0,REFUNDED
PY03758,BK03758,2026-07-25T01:43:00.000+05:30,DEBIT CARD,5600.0,SUCCESS
PY03759,BK03759,2026-05-22T18:17:00.000+05:30,CREDIT CARD,4200.0,SUCCESS
PY03760,BK03760,2026-04-17T23:31:00.000+05:30,NET BANKING,7200.0,SUCCESS
PY03761,BK03761,2026-06-16T10:43:00.000+05:30,NET BANKING,22000.0,SUCCESS
PY03762,BK03762,2026-05-21T01:22:00.000+05:30,DEBIT CARD,7200.0,SUCCESS
PY03763,BK03763,2026-08-13T06:13:00.000+05:30,DEBIT CARD,4200.0,SUCCESS
PY03764,BK03764,2026-05-03T08:25:00.000+05:30,CREDIT CARD,8900.0,SUCCESS
PY03765,BK03765,2026-06-16T14:02:00.000+05:30,NET BANKING,3500.0,SUCCESS
PY03766,BK03766,2026-06-24T20:39:00.000+05:30,CREDIT CARD,4200.0,SUCCESS
PY03767,BK03767,2026-07-19T03:01:00.000+05:30,DEBIT CARD,12500.0,SUCCESS
PY03768,BK03768,2026-08-21T10:33:00.000+05:30,NET BANKING,3500.0,SUCCESS
PY03769,BK03769,2026-05-04T22:49:00.000+05:30,DEBIT CARD,8900.0,SUCCESS
PY03770,BK03770,2026-04-22T00:22:00.000+05:30,WALLET,22000.0,SUCCESS
PY03771,BK03771,2026-05-16T02:54:00.000+05:30,NET BANKING,8900.0,SUCCESS
PY03772,BK03772,2026-05-18T20:15:00.000+05:30,CREDIT CARD,12500.0,SUCCESS
PY03773,BK03773,2026-04-23T09:17:00.000+05:30,CREDIT CARD,7200.0,SUCCESS
PY03774,BK03774,2026-06-05T16:29:00.000+05:30,WALLET,8900.0,SUCCESS
PY03775,BK03775,2026-05-26T07:48:00.000+05:30,CREDIT CARD,14800.0,SUCCESS
PY03776,BK03776,2026-06-24T12:31:00.000+05:30,WALLET,8900.0,SUCCESS
PY03777,BK03777,2026-07-13T06:07:00.000+05:30,NET BANKING,3500.0,SUCCESS
PY03778,BK03778,2026-05-14T05:39:00.000+05:30,DEBIT CARD,12500.0,SUCCESS
PY03779,BK03779,2026-05-11T02:10:00.000+05:30,WALLET,5600.0,SUCCESS
PY03780,BK03780,2026-05-27T02:44:00.000+05:30,UPI,14800.0,SUCCESS
PY03781,BK03781,2026-07-17T16:36:00.000+05:30,CREDIT CARD,4200.0,SUCCESS
PY03782,BK03782,2026-05-26T09:15:00.000+05:30,DEBIT CARD,8900.0,SUCCESS
PY03783,BK03783,2026-08-23T02:05:00.000+05:30,DEBIT CARD,10500.0,SUCCESS
PY03784,BK03784,2026-06-05T18:51:00.000+05:30,NET BANKING,22000.0,SUCCESS
PY03785,BK03785,2026-05-09T12:25:00.000+05:30,NET BANKING,5600.0,SUCCESS
PY03786,BK03786,2026-08-22T19:16:00.000+05:30,WALLET,5600.0,SUCCESS
PY03787,BK03787,2026-06-24T17:27:00.000+05:30,WALLET,4200.0,SUCCESS
PY03788,BK03788,2026-06-27T12:06:00.000+05:30,CREDIT CARD,5600.0,FAILED
PY03789,BK03789,2026-07-14T13:11:00.000+05:30,UPI,22000.0,SUCCESS
PY03790,BK03790,2026-05-11T13:32:00.000+05:30,NET BANKING,14800.0,REFUNDED
PY03791,BK03791,2026-07-01T12:36:00.000+05:30,DEBIT CARD,10500.0,SUCCESS
PY03792,BK03792,2026-07-05T00:02:00.000+05:30,DEBIT CARD,14800.0,SUCCESS
PY03793,BK03793,2026-07-12T20:00:00.000+05:30,CREDIT CARD,7200.0,SUCCESS
PY03794,BK03794,2026-06-19T01:11:00.000+05:30,NET BANKING,17500.0,REFUNDED
PY03795,BK03795,2026-07-10T18:10:00.000+05:30,CREDIT CARD,3500.0,SUCCESS
PY03796,BK03796,2026-06-22T13:19:00.000+05:30,DEBIT CARD,14800.0,SUCCESS
PY03797,BK03797,2026-04-27T15:43:00.000+05:30,UPI,17500.0,SUCCESS
PY03798,BK03798,2026-05-21T18:48:00.000+05:30,CREDIT CARD,22000.0,SUCCESS
PY03799,BK03799,2026-07-31T09:33:00.000+05:30,CREDIT CARD,3500.0,SUCCESS
PY03800,BK03800,2026-05-11T23:52:00.000+05:30,UPI,22000.0,SUCCESS
PY03801,BK03801,2026-07-28T19:38:00.000+05:30,CREDIT CARD,17500.0,SUCCESS
PY03802,BK03802,2026-07-06T10:48:00.000+05:30,WALLET,14800.0,SUCCESS
PY03803,BK03803,2026-06-13T02:26:00.000+05:30,CREDIT CARD,5600.0,SUCCESS
PY03804,BK03804,2026-05-10T19:07:00.000+05:30,CREDIT CARD,12500.0,SUCCESS
PY03805,BK03805,2026-06-15T10:02:00.000+05:30,UPI,7200.0,SUCCESS
PY03806,BK03806,2026-07-21T00:08:00.000+05:30,DEBIT CARD,8900.0,SUCCESS
PY03807,BK03807,2026-04-30T08:51:00.000+05:30,WALLET,17500.0,SUCCESS
PY03808,BK03808,2026-07-17T11:39:00.000+05:30,CREDIT CARD,10500.0,SUCCESS
PY03809,BK03809,2026-06-16T10:55:00.000+05:30,NET BANKING,10500.0,SUCCESS
PY03810,BK03810,2026-06-06T00:20:00.000+05:30,UPI,3500.0,SUCCESS
PY03811,BK03811,2026-06-17T09:00:00.000+05:30,DEBIT CARD,14800.0,SUCCESS
PY03812,BK03812,2026-08-01T01:49:00.000+05:30,UPI,4200.0,SUCCESS
PY03813,BK03813,2026-07-14T17:04:00.000+05:30,UPI,3500.0,SUCCESS
PY03814,BK03814,2026-04-30T01:12:00.000+05:30,UPI,7200.0,SUCCESS
PY03815,BK03815,2026-05-27T21:06:00.000+05:30,UPI,4200.0,SUCCESS
PY03816,BK03816,2026-05-19T08:03:00.000+05:30,DEBIT CARD,17500.0,SUCCESS
PY03817,BK03817,2026-07-10T08:31:00.000+05:30,WALLET,5600.0,SUCCESS
PY03818,BK03818,2026-05-12T21:42:00.000+05:30,UPI,10500.0,SUCCESS
PY03819,BK03819,2026-05-27T18:18:00.000+05:30,NET BANKING,4200.0,SUCCESS
PY03820,BK03820,2026-05-30T09:49:00.000+05:30,CREDIT CARD,12500.0,SUCCESS
PY03821,BK03821,2026-07-21T07:02:00.000+05:30,NET BANKING,22000.0,SUCCESS
PY03822,BK03822,2026-05-03T20:58:00.000+05:30,NET BANKING,22000.0,SUCCESS
PY03823,BK03823,2026-08-12T01:37:00.000+05:30,NET BANKING,8900.0,SUCCESS
PY03824,BK03824,2026-06-04T01:24:00.000+05:30,CREDIT CARD,7200.0,SUCCESS
PY03825,BK03825,2026-05-04T22:44:00.000+05:30,DEBIT CARD,17500.0,SUCCESS
PY03826,BK03826,2026-07-18T06:22:00.000+05:30,NET BANKING,14800.0,SUCCESS
PY03827,BK03827,2026-04-24T01:19:00.000+05:30,DEBIT CARD,4200.0,SUCCESS
PY03828,BK03828,2026-05-27T07:12:00.000+05:30,WALLET,4200.0,SUCCESS
PY03829,BK03829,2026-07-14T04:17:00.000+05:30,WALLET,4200.0,SUCCESS
PY03830,BK03830,2026-05-17T08:42:00.000+05:30,WALLET,10500.0,SUCCESS
PY03831,BK03831,2026-05-22T11:30:00.000+05:30,WALLET,14800.0,REFUNDED
PY03832,BK03832,2026-07-21T09:43:00.000+05:30,WALLET,10500.0,FAILED
PY03833,BK03833,2026-08-11T15:45:00.000+05:30,CREDIT CARD,22000.0,SUCCESS
PY03834,BK03834,2026-07-03T18:18:00.000+05:30,UPI,3500.0,SUCCESS
PY03835,BK03835,2026-08-23T02:23:00.000+05:30,UPI,5600.0,SUCCESS
PY03836,BK03836,2026-07-22T09:53:00.000+05:30,CREDIT CARD,17500.0,SUCCESS
PY03837,BK03837,2026-06-21T16:00:00.000+05:30,DEBIT CARD,5600.0,SUCCESS
PY03838,BK03838,2026-05-23T10:45:00.000+05:30,CREDIT CARD,14800.0,SUCCESS
PY03839,BK03839,2026-07-05T06:12:00.000+05:30,CREDIT CARD,8900.0,SUCCESS
PY03840,BK03840,2026-07-23T13:36:00.000+05:30,DEBIT CARD,10500.0,SUCCESS
PY03841,BK03841,2026-05-19T09:10:00.000+05:30,WALLET,12500.0,SUCCESS
PY03842,BK03842,2026-06-13T13:33:00.000+05:30,WALLET,10500.0,SUCCESS
PY03843,BK03843,2026-08-15T01:55:00.000+05:30,UPI,22000.0,SUCCESS
PY03844,BK03844,2026-07-06T23:20:00.000+05:30,UPI,4200.0,SUCCESS
PY03845,BK03845,2026-07-04T20:43:00.000+05:30,NET BANKING,14800.0,SUCCESS
PY03846,BK03846,2026-06-14T00:38:00.000+05:30,CREDIT CARD,22000.0,SUCCESS
PY03847,BK03847,2026-06-11T00:10:00.000+05:30,NET BANKING,7200.0,FAILED
PY03848,BK03848,2026-05-09T08:39:00.000+05:30,DEBIT CARD,10500.0,SUCCESS
PY03849,BK03849,2026-07-08T20:11:00.000+05:30,WALLET,5600.0,SUCCESS
PY03850,BK03850,2026-07-24T23:27:00.000+05:30,UPI,8900.0,SUCCESS
PY03851,BK03851,2026-07-25T16:36:00.000+05:30,NET BANKING,4200.0,SUCCESS
PY03852,BK03852,2026-06-11T09:27:00.000+05:30,DEBIT CARD,5600.0,SUCCESS
PY03853,BK03853,2026-05-29T20:55:00.000+05:30,WALLET,10500.0,SUCCESS
PY03854,BK03854,2026-05-29T06:13:00.000+05:30,WALLET,10500.0,SUCCESS
PY03855,BK03855,2026-06-30T12:51:00.000+05:30,WALLET,5600.0,SUCCESS
PY03856,BK03856,2026-06-25T16:08:00.000+05:30,NET BANKING,17500.0,SUCCESS
PY03857,BK03857,2026-07-23T06:18:00.000+05:30,WALLET,12500.0,SUCCESS
PY03858,BK03858,2026-07-02T06:48:00.000+05:30,WALLET,22000.0,SUCCESS
PY03859,BK03859,2026-05-03T17:11:00.000+05:30,DEBIT CARD,22000.0,SUCCESS
PY03860,BK03860,2026-06-16T09:30:00.000+05:30,WALLET,8900.0,SUCCESS
PY03861,BK03861,2026-05-05T01:37:00.000+05:30,NET BANKING,17500.0,SUCCESS
PY03862,BK03862,2026-07-09T21:50:00.000+05:30,DEBIT CARD,5600.0,REFUNDED
PY03863,BK03863,2026-05-03T23:47:00.000+05:30,CREDIT CARD,7200.0,FAILED
PY03864,BK03864,2026-06-05T09:57:00.000+05:30,UPI,7200.0,SUCCESS
PY03865,BK03865,2026-08-03T10:36:00.000+05:30,WALLET,12500.0,SUCCESS
PY03866,BK03866,2026-05-14T09:22:00.000+05:30,UPI,10500.0,SUCCESS
PY03867,BK03867,2026-05-17T13:28:00.000+05:30,NET BANKING,14800.0,FAILED
PY03868,BK03868,2026-06-14T04:09:00.000+05:30,NET BANKING,12500.0,SUCCESS
PY03869,BK03869,2026-07-08T18:54:00.000+05:30,DEBIT CARD,5600.0,REFUNDED
PY03870,BK03870,2026-07-08T12:57:00.000+05:30,DEBIT CARD,7200.0,SUCCESS
PY03871,BK03871,2026-04-25T11:07:00.000+05:30,DEBIT CARD,22000.0,SUCCESS
PY03872,BK03872,2026-05-17T09:24:00.000+05:30,CREDIT CARD,4200.0,SUCCESS
PY03873,BK03873,2026-06-26T18:14:00.000+05:30,DEBIT CARD,14800.0,SUCCESS
PY03874,BK03874,2026-06-22T01:29:00.000+05:30,WALLET,22000.0,SUCCESS
PY03875,BK03875,2026-07-17T04:23:00.000+05:30,DEBIT CARD,17500.0,SUCCESS
PY03876,BK03876,2026-05-06T22:27:00.000+05:30,WALLET,10500.0,SUCCESS
PY03877,BK03877,2026-07-19T07:14:00.000+05:30,UPI,10500.0,SUCCESS
PY03878,BK03878,2026-06-28T13:34:00.000+05:30,WALLET,7200.0,SUCCESS
PY03879,BK03879,2026-06-03T07:37:00.000+05:30,WALLET,3500.0,SUCCESS
PY03880,BK03880,2026-08-06T01:06:00.000+05:30,NET BANKING,22000.0,REFUNDED
PY03881,BK03881,2026-07-14T17:12:00.000+05:30,UPI,22000.0,FAILED
PY03882,BK03882,2026-07-19T23:57:00.000+05:30,UPI,22000.0,SUCCESS
PY03883,BK03883,2026-07-03T12:09:00.000+05:30,NET BANKING,3500.0,SUCCESS
PY03884,BK03884,2026-08-04T04:30:00.000+05:30,NET BANKING,17500.0,SUCCESS
PY03885,BK03885,2026-04-28T00:46:00.000+05:30,UPI,22000.0,SUCCESS
PY03886,BK03886,2026-06-25T03:21:00.000+05:30,NET BANKING,7200.0,SUCCESS
PY03887,BK03887,2026-06-25T20:56:00.000+05:30,WALLET,4200.0,SUCCESS
PY03888,BK03888,2026-08-09T20:07:00.000+05:30,UPI,8900.0,SUCCESS
PY03889,BK03889,2026-04-19T23:07:00.000+05:30,DEBIT CARD,17500.0,SUCCESS
PY03890,BK03890,2026-07-12T03:00:00.000+05:30,UPI,7200.0,SUCCESS
PY03891,BK03891,2026-05-28T08:08:00.000+05:30,DEBIT CARD,4200.0,SUCCESS
PY03892,BK03892,2026-07-05T10:20:00.000+05:30,NET BANKING,5600.0,SUCCESS
PY03893,BK03893,2026-04-11T13:24:00.000+05:30,WALLET,8900.0,SUCCESS
PY03894,BK03894,2026-08-01T20:21:00.000+05:30,WALLET,17500.0,SUCCESS
PY03895,BK03895,2026-07-03T18:50:00.000+05:30,WALLET,4200.0,SUCCESS
PY03896,BK03896,2026-07-26T03:44:00.000+05:30,NET BANKING,5600.0,SUCCESS
PY03897,BK03897,2026-06-07T01:19:00.000+05:30,DEBIT CARD,17500.0,SUCCESS
PY03898,BK03898,2026-07-10T17:34:00.000+05:30,UPI,3500.0,SUCCESS
PY03899,BK03899,2026-06-01T19:56:00.000+05:30,UPI,8900.0,SUCCESS
PY03900,BK03900,2026-06-14T08:04:00.000+05:30,DEBIT CARD,14800.0,SUCCESS
PY03901,BK03901,2026-05-19T03:38:00.000+05:30,CREDIT CARD,17500.0,SUCCESS
PY03902,BK03902,2026-04-20T07:02:00.000+05:30,UPI,4200.0,SUCCESS
PY03903,BK03903,2026-05-20T03:56:00.000+05:30,UPI,4200.0,SUCCESS
PY03904,BK03904,2026-08-07T00:20:00.000+05:30,UPI,12500.0,SUCCESS
PY03905,BK03905,2026-05-25T16:33:00.000+05:30,NET BANKING,22000.0,SUCCESS
PY03906,BK03906,2026-04-28T17:06:00.000+05:30,WALLET,7200.0,SUCCESS
PY03907,BK03907,2026-07-08T11:43:00.000+05:30,CREDIT CARD,8900.0,SUCCESS
PY03908,BK03908,2026-05-27T15:15:00.000+05:30,DEBIT CARD,14800.0,SUCCESS
PY03909,BK03909,2026-08-01T12:50:00.000+05:30,DEBIT CARD,4200.0,SUCCESS
PY03910,BK03910,2026-08-06T16:01:00.000+05:30,CREDIT CARD,8900.0,SUCCESS
PY03911,BK03911,2026-06-17T02:45:00.000+05:30,CREDIT CARD,10500.0,SUCCESS
PY03912,BK03912,2026-07-31T23:39:00.000+05:30,CREDIT CARD,10500.0,SUCCESS
PY03913,BK03913,2026-05-09T13:18:00.000+05:30,WALLET,12500.0,FAILED
PY03914,BK03914,2026-05-10T14:03:00.000+05:30,DEBIT CARD,10500.0,SUCCESS
PY03915,BK03915,2026-06-29T15:52:00.000+05:30,DEBIT CARD,5600.0,SUCCESS
PY03916,BK03916,2026-06-09T14:20:00.000+05:30,UPI,17500.0,SUCCESS
PY03917,BK03917,2026-08-14T21:15:00.000+05:30,UPI,12500.0,SUCCESS
PY03918,BK03918,2026-07-14T09:23:00.000+05:30,NET BANKING,14800.0,FAILED
PY03919,BK03919,2026-07-18T10:53:00.000+05:30,NET BANKING,4200.0,SUCCESS
PY03920,BK03920,2026-05-08T04:09:00.000+05:30,CREDIT CARD,7200.0,SUCCESS
PY03921,BK03921,2026-08-11T18:48:00.000+05:30,DEBIT CARD,8900.0,SUCCESS
PY03922,BK03922,2026-08-03T04:59:00.000+05:30,CREDIT CARD,5600.0,SUCCESS
PY03923,BK03923,2026-05-20T14:45:00.000+05:30,CREDIT CARD,4200.0,FAILED
PY03924,BK03924,2026-06-25T03:47:00.000+05:30,NET BANKING,7200.0,SUCCESS
PY03925,BK03925,2026-07-14T15:08:00.000+05:30,DEBIT CARD,10500.0,SUCCESS
PY03926,BK03926,2026-08-01T23:00:00.000+05:30,NET BANKING,4200.0,SUCCESS
PY03927,BK03927,2026-06-25T03:27:00.000+05:30,CREDIT CARD,12500.0,SUCCESS
PY03928,BK03928,2026-07-25T22:50:00.000+05:30,DEBIT CARD,12500.0,SUCCESS
PY03929,BK03929,2026-05-16T06:38:00.000+05:30,WALLET,5600.0,SUCCESS
PY03930,BK03930,2026-04-17T11:57:00.000+05:30,UPI,22000.0,SUCCESS
PY03931,BK03931,2026-05-05T16:34:00.000+05:30,WALLET,4200.0,SUCCESS
PY03932,BK03932,2026-05-15T14:12:00.000+05:30,WALLET,10500.0,SUCCESS
PY03933,BK03933,2026-06-11T00:18:00.000+05:30,DEBIT CARD,12500.0,SUCCESS
PY03934,BK03934,2026-05-25T05:02:00.000+05:30,UPI,7200.0,SUCCESS
PY03935,BK03935,2026-05-01T17:40:00.000+05:30,NET BANKING,10500.0,SUCCESS
PY03936,BK03936,2026-07-10T21:41:00.000+05:30,WALLET,17500.0,SUCCESS
PY03937,BK03937,2026-06-23T03:53:00.000+05:30,CREDIT CARD,8900.0,FAILED
PY03938,BK03938,2026-08-03T18:29:00.000+05:30,DEBIT CARD,5600.0,SUCCESS
PY03939,BK03939,2026-05-07T18:53:00.000+05:30,WALLET,22000.0,SUCCESS
PY03940,BK03940,2026-05-17T13:40:00.000+05:30,UPI,17500.0,SUCCESS
PY03941,BK03941,2026-05-15T21:31:00.000+05:30,UPI,4200.0,SUCCESS
PY03942,BK03942,2026-08-17T16:55:00.000+05:30,WALLET,17500.0,SUCCESS
PY03943,BK03943,2026-06-12T00:03:00.000+05:30,CREDIT CARD,4200.0,SUCCESS
PY03944,BK03944,2026-05-04T21:32:00.000+05:30,WALLET,8900.0,SUCCESS
PY03945,BK03945,2026-05-05T05:27:00.000+05:30,UPI,22000.0,SUCCESS
PY03946,BK03946,2026-05-16T20:14:00.000+05:30,CREDIT CARD,17500.0,SUCCESS
PY03947,BK03947,2026-07-19T19:20:00.000+05:30,UPI,5600.0,SUCCESS
PY03948,BK03948,2026-06-25T13:09:00.000+05:30,WALLET,10500.0,SUCCESS
PY03949,BK03949,2026-06-18T01:29:00.000+05:30,NET BANKING,7200.0,REFUNDED
PY03950,BK03950,2026-06-22T13:20:00.000+05:30,CREDIT CARD,5600.0,SUCCESS
PY03951,BK03951,2026-07-05T06:52:00.000+05:30,DEBIT CARD,5600.0,SUCCESS
PY03952,BK03952,2026-07-01T02:33:00.000+05:30,CREDIT CARD,4200.0,SUCCESS
PY03953,BK03953,2026-08-17T23:28:00.000+05:30,DEBIT CARD,4200.0,SUCCESS
PY03954,BK03954,2026-07-13T19:16:00.000+05:30,UPI,10500.0,SUCCESS
PY03955,BK03955,2026-08-10T07:26:00.000+05:30,NET BANKING,4200.0,SUCCESS
PY03956,BK03956,2026-06-01T22:59:00.000+05:30,WALLET,10500.0,SUCCESS
PY03957,BK03957,2026-05-06T04:21:00.000+05:30,CREDIT CARD,10500.0,SUCCESS
PY03958,BK03958,2026-06-13T13:29:00.000+05:30,NET BANKING,10500.0,SUCCESS
PY03959,BK03959,2026-06-23T09:27:00.000+05:30,UPI,17500.0,SUCCESS
PY03960,BK03960,2026-05-14T23:45:00.000+05:30,DEBIT CARD,5600.0,SUCCESS
PY03961,BK03961,2026-06-12T12:01:00.000+05:30,WALLET,12500.0,SUCCESS
PY03962,BK03962,2026-05-21T20:20:00.000+05:30,WALLET,10500.0,SUCCESS
PY03963,BK03963,2026-06-29T15:32:00.000+05:30,DEBIT CARD,5600.0,SUCCESS
PY03964,BK03964,2026-07-26T08:29:00.000+05:30,DEBIT CARD,14800.0,SUCCESS
PY03965,BK03965,2026-06-29T00:08:00.000+05:30,NET BANKING,14800.0,SUCCESS
PY03966,BK03966,2026-05-16T20:53:00.000+05:30,NET BANKING,17500.0,SUCCESS
PY03967,BK03967,2026-08-18T08:44:00.000+05:30,CREDIT CARD,3500.0,SUCCESS
PY03968,BK03968,2026-06-06T09:35:00.000+05:30,CREDIT CARD,3500.0,SUCCESS
PY03969,BK03969,2026-08-06T06:50:00.000+05:30,DEBIT CARD,3500.0,SUCCESS
PY03970,BK03970,2026-08-11T19:30:00.000+05:30,CREDIT CARD,3500.0,SUCCESS
PY03971,BK03971,2026-08-14T20:33:00.000+05:30,CREDIT CARD,12500.0,SUCCESS
PY03972,BK03972,2026-07-25T05:09:00.000+05:30,UPI,17500.0,SUCCESS
PY03973,BK03973,2026-05-13T11:01:00.000+05:30,NET BANKING,7200.0,FAILED
PY03974,BK03974,2026-07-13T18:18:00.000+05:30,DEBIT CARD,5600.0,SUCCESS
PY03975,BK03975,2026-07-07T21:01:00.000+05:30,CREDIT CARD,22000.0,SUCCESS
PY03976,BK03976,2026-05-02T02:46:00.000+05:30,UPI,3500.0,SUCCESS
PY03977,BK03977,2026-05-21T12:44:00.000+05:30,CREDIT CARD,4200.0,SUCCESS
PY03978,BK03978,2026-07-15T02:48:00.000+05:30,UPI,10500.0,SUCCESS
PY03979,BK03979,2026-04-30T22:08:00.000+05:30,UPI,22000.0,SUCCESS
PY03980,BK03980,2026-06-30T08:28:00.000+05:30,CREDIT CARD,10500.0,SUCCESS
PY03981,BK03981,2026-05-04T12:16:00.000+05:30,CREDIT CARD,14800.0,SUCCESS
PY03982,BK03982,2026-05-28T02:43:00.000+05:30,UPI,5600.0,SUCCESS
PY03983,BK03983,2026-04-23T20:41:00.000+05:30,UPI,12500.0,SUCCESS
PY03984,BK03984,2026-08-08T01:09:00.000+05:30,CREDIT CARD,8900.0,SUCCESS
PY03985,BK03985,2026-07-06T02:21:00.000+05:30,DEBIT CARD,17500.0,SUCCESS
PY03986,BK03986,2026-07-23T09:49:00.000+05:30,NET BANKING,22000.0,SUCCESS
PY03987,BK03987,2026-06-07T10:32:00.000+05:30,NET BANKING,22000.0,SUCCESS
PY03988,BK03988,2026-07-29T20:39:00.000+05:30,WALLET,8900.0,SUCCESS
PY03989,BK03989,2026-06-03T10:02:00.000+05:30,CREDIT CARD,4200.0,SUCCESS
PY03990,BK03990,2026-04-15T04:16:00.000+05:30,WALLET,17500.0,SUCCESS
PY03991,BK03991,2026-07-02T01:54:00.000+05:30,UPI,8900.0,SUCCESS
PY03992,BK03992,2026-07-04T09:50:00.000+05:30,WALLET,5600.0,SUCCESS
PY03993,BK03993,2026-05-12T01:51:00.000+05:30,WALLET,8900.0,SUCCESS
PY03994,BK03994,2026-06-19T12:24:00.000+05:30,CREDIT CARD,17500.0,SUCCESS
PY03995,BK03995,2026-06-04T02:09:00.000+05:30,NET BANKING,10500.0,SUCCESS
PY03996,BK03996,2026-06-17T00:08:00.000+05:30,DEBIT CARD,7200.0,SUCCESS
PY03997,BK03997,2026-08-04T13:34:00.000+05:30,UPI,14800.0,SUCCESS
PY03998,BK03998,2026-06-17T13:53:00.000+05:30,UPI,3500.0,SUCCESS
PY03999,BK03999,2026-06-21T22:44:00.000+05:30,UPI,3500.0,SUCCESS
PY04000,BK04000,2026-05-31T02:15:00.000+05:30,NET BANKING,5600.0,SUCCESS
PY04001,BK04001,2026-08-15T09:37:00.000+05:30,WALLET,17500.0,SUCCESS
PY04002,BK04002,2026-08-07T22:06:00.000+05:30,NET BANKING,17500.0,SUCCESS
PY04003,BK04003,2026-06-12T18:01:00.000+05:30,WALLET,7200.0,SUCCESS
PY04004,BK04004,2026-08-13T06:41:00.000+05:30,DEBIT CARD,17500.0,SUCCESS
PY04005,BK04005,2026-07-19T09:02:00.000+05:30,UPI,3500.0,FAILED
PY04006,BK04006,2026-06-15T01:38:00.000+05:30,DEBIT CARD,7200.0,SUCCESS
PY04007,BK04007,2026-05-30T16:23:00.000+05:30,WALLET,5600.0,SUCCESS
PY04008,BK04008,2026-07-17T17:47:00.000+05:30,NET BANKING,10500.0,SUCCESS
PY04009,BK04009,2026-08-01T18:49:00.000+05:30,WALLET,10500.0,SUCCESS
PY04010,BK04010,2026-05-17T04:56:00.000+05:30,WALLET,3500.0,SUCCESS
PY04011,BK04011,2026-05-01T22:29:00.000+05:30,WALLET,4200.0,SUCCESS
PY04012,BK04012,2026-06-19T03:31:00.000+05:30,NET BANKING,4200.0,SUCCESS
PY04013,BK04013,2026-05-31T19:56:00.000+05:30,CREDIT CARD,14800.0,SUCCESS
PY04014,BK04014,2026-07-23T17:04:00.000+05:30,WALLET,12500.0,SUCCESS
PY04015,BK04015,2026-08-02T03:53:00.000+05:30,WALLET,7200.0,SUCCESS
PY04016,BK04016,2026-07-15T18:34:00.000+05:30,DEBIT CARD,3500.0,SUCCESS
PY04017,BK04017,2026-08-09T22:17:00.000+05:30,DEBIT CARD,4200.0,SUCCESS
PY04018,BK04018,2026-04-30T12:21:00.000+05:30,WALLET,22000.0,SUCCESS
PY04019,BK04019,2026-05-18T17:37:00.000+05:30,WALLET,10500.0,FAILED
PY04020,BK04020,2026-08-05T02:50:00.000+05:30,WALLET,5600.0,SUCCESS
PY04021,BK04021,2026-08-09T04:26:00.000+05:30,CREDIT CARD,8900.0,SUCCESS
PY04022,BK04022,2026-05-06T02:21:00.000+05:30,WALLET,14800.0,SUCCESS
PY04023,BK04023,2026-05-27T17:33:00.000+05:30,UPI,10500.0,SUCCESS
PY04024,BK04024,2026-08-03T01:50:00.000+05:30,DEBIT CARD,7200.0,REFUNDED
PY04025,BK04025,2026-07-17T17:18:00.000+05:30,DEBIT CARD,10500.0,SUCCESS
PY04026,BK04026,2026-07-05T00:44:00.000+05:30,CREDIT CARD,8900.0,SUCCESS
PY04027,BK04027,2026-07-02T08:10:00.000+05:30,DEBIT CARD,5600.0,SUCCESS
PY04028,BK04028,2026-07-23T00:04:00.000+05:30,UPI,4200.0,SUCCESS
PY04029,BK04029,2026-06-03T17:32:00.000+05:30,NET BANKING,10500.0,SUCCESS
PY04030,BK04030,2026-07-06T09:18:00.000+05:30,NET BANKING,10500.0,SUCCESS
PY04031,BK04031,2026-08-11T15:43:00.000+05:30,DEBIT CARD,12500.0,SUCCESS
PY04032,BK04032,2026-05-17T13:43:00.000+05:30,NET BANKING,3500.0,SUCCESS
PY04033,BK04033,2026-06-06T10:38:00.000+05:30,UPI,7200.0,SUCCESS
PY04034,BK04034,2026-05-28T20:50:00.000+05:30,WALLET,12500.0,REFUNDED
PY04035,BK04035,2026-04-23T20:12:00.000+05:30,WALLET,7200.0,SUCCESS
PY04036,BK04036,2026-06-08T12:50:00.000+05:30,WALLET,5600.0,SUCCESS
PY04037,BK04037,2026-04-26T07:59:00.000+05:30,DEBIT CARD,14800.0,SUCCESS
PY04038,BK04038,2026-06-02T12:31:00.000+05:30,CREDIT CARD,22000.0,SUCCESS
PY04039,BK04039,2026-05-26T05:44:00.000+05:30,DEBIT CARD,5600.0,SUCCESS
PY04040,BK04040,2026-07-21T16:33:00.000+05:30,WALLET,22000.0,SUCCESS
PY04041,BK04041,2026-05-24T14:48:00.000+05:30,WALLET,4200.0,SUCCESS
PY04042,BK04042,2026-05-11T23:31:00.000+05:30,UPI,12500.0,SUCCESS
PY04043,BK04043,2026-05-20T23:22:00.000+05:30,DEBIT CARD,8900.0,SUCCESS
PY04044,BK04044,2026-06-28T01:48:00.000+05:30,DEBIT CARD,22000.0,SUCCESS
PY04045,BK04045,2026-07-18T07:05:00.000+05:30,UPI,10500.0,SUCCESS
PY04046,BK04046,2026-07-02T17:18:00.000+05:30,WALLET,22000.0,SUCCESS
PY04047,BK04047,2026-05-15T01:51:00.000+05:30,UPI,7200.0,SUCCESS
PY04048,BK04048,2026-05-16T08:01:00.000+05:30,CREDIT CARD,3500.0,SUCCESS
PY04049,BK04049,2026-06-07T00:26:00.000+05:30,DEBIT CARD,17500.0,SUCCESS
PY04050,BK04050,2026-08-09T17:20:00.000+05:30,WALLET,17500.0,SUCCESS
PY04051,BK04051,2026-04-22T13:32:00.000+05:30,NET BANKING,5600.0,SUCCESS
PY04052,BK04052,2026-07-03T08:00:00.000+05:30,NET BANKING,10500.0,SUCCESS
PY04053,BK04053,2026-08-27T21:39:00.000+05:30,UPI,8900.0,SUCCESS
PY04054,BK04054,2026-05-06T02:11:00.000+05:30,CREDIT CARD,22000.0,SUCCESS
PY04055,BK04055,2026-05-12T02:09:00.000+05:30,WALLET,7200.0,SUCCESS
PY04056,BK04056,2026-07-26T01:10:00.000+05:30,UPI,10500.0,SUCCESS
PY04057,BK04057,2026-08-03T08:00:00.000+05:30,NET BANKING,17500.0,SUCCESS
PY04058,BK04058,2026-07-27T03:45:00.000+05:30,CREDIT CARD,5600.0,SUCCESS
PY04059,BK04059,2026-07-12T10:22:00.000+05:30,WALLET,4200.0,SUCCESS
PY04060,BK04060,2026-04-23T22:03:00.000+05:30,UPI,5600.0,SUCCESS
PY04061,BK04061,2026-06-28T03:20:00.000+05:30,WALLET,4200.0,SUCCESS
PY04062,BK04062,2026-05-20T05:40:00.000+05:30,WALLET,17500.0,SUCCESS
PY04063,BK04063,2026-07-12T02:43:00.000+05:30,DEBIT CARD,7200.0,SUCCESS
PY04064,BK04064,2026-05-05T02:50:00.000+05:30,WALLET,8900.0,REFUNDED
PY04065,BK04065,2026-07-21T16:37:00.000+05:30,WALLET,10500.0,SUCCESS
PY04066,BK04066,2026-06-01T15:50:00.000+05:30,DEBIT CARD,5600.0,SUCCESS
PY04067,BK04067,2026-08-03T02:35:00.000+05:30,NET BANKING,12500.0,SUCCESS
PY04068,BK04068,2026-07-20T06:23:00.000+05:30,DEBIT CARD,10500.0,SUCCESS
PY04069,BK04069,2026-08-11T17:57:00.000+05:30,CREDIT CARD,4200.0,REFUNDED
PY04070,BK04070,2026-04-13T12:00:00.000+05:30,WALLET,14800.0,SUCCESS
PY04071,BK04071,2026-06-22T09:39:00.000+05:30,DEBIT CARD,4200.0,SUCCESS
PY04072,BK04072,2026-07-21T13:00:00.000+05:30,WALLET,3500.0,SUCCESS
PY04073,BK04073,2026-08-07T21:26:00.000+05:30,WALLET,17500.0,FAILED
PY04074,BK04074,2026-08-18T11:17:00.000+05:30,WALLET,22000.0,SUCCESS
PY04075,BK04075,2026-05-17T12:34:00.000+05:30,WALLET,7200.0,SUCCESS
PY04076,BK04076,2026-08-11T03:11:00.000+05:30,CREDIT CARD,14800.0,SUCCESS
PY04077,BK04077,2026-06-08T06:46:00.000+05:30,UPI,8900.0,SUCCESS
PY04078,BK04078,2026-07-26T03:28:00.000+05:30,DEBIT CARD,17500.0,SUCCESS
PY04079,BK04079,2026-05-17T17:58:00.000+05:30,UPI,17500.0,SUCCESS
PY04080,BK04080,2026-05-21T12:42:00.000+05:30,UPI,8900.0,SUCCESS
PY04081,BK04081,2026-04-16T08:33:00.000+05:30,CREDIT CARD,4200.0,SUCCESS
PY04082,BK04082,2026-05-03T17:41:00.000+05:30,CREDIT CARD,8900.0,SUCCESS
PY04083,BK04083,2026-05-06T05:45:00.000+05:30,CREDIT CARD,10500.0,SUCCESS
PY04084,BK04084,2026-08-13T08:30:00.000+05:30,WALLET,4200.0,SUCCESS
PY04085,BK04085,2026-06-27T02:53:00.000+05:30,WALLET,4200.0,SUCCESS
PY04086,BK04086,2026-07-24T16:29:00.000+05:30,CREDIT CARD,4200.0,SUCCESS
PY04087,BK04087,2026-06-28T18:04:00.000+05:30,UPI,7200.0,SUCCESS
PY04088,BK04088,2026-06-16T12:00:00.000+05:30,WALLET,8900.0,SUCCESS
PY04089,BK04089,2026-08-08T16:17:00.000+05:30,WALLET,22000.0,REFUNDED
PY04090,BK04090,2026-04-11T16:07:00.000+05:30,CREDIT CARD,5600.0,SUCCESS
PY04091,BK04091,2026-07-24T19:08:00.000+05:30,WALLET,5600.0,SUCCESS
PY04092,BK04092,2026-07-17T11:22:00.000+05:30,DEBIT CARD,5600.0,SUCCESS
PY04093,BK04093,2026-07-05T13:03:00.000+05:30,UPI,3500.0,SUCCESS
PY04094,BK04094,2026-08-15T17:38:00.000+05:30,NET BANKING,5600.0,SUCCESS
PY04095,BK04095,2026-08-12T13:40:00.000+05:30,NET BANKING,10500.0,SUCCESS
PY04096,BK04096,2026-06-19T03:06:00.000+05:30,WALLET,17500.0,SUCCESS
PY04097,BK04097,2026-07-17T06:11:00.000+05:30,UPI,22000.0,SUCCESS
PY04098,BK04098,2026-04-23T08:30:00.000+05:30,CREDIT CARD,7200.0,REFUNDED
PY04099,BK04099,2026-08-03T02:37:00.000+05:30,CREDIT CARD,22000.0,SUCCESS
PY04100,BK04100,2026-06-28T04:07:00.000+05:30,UPI,7200.0,SUCCESS
PY04101,BK04101,2026-06-08T04:09:00.000+05:30,WALLET,5600.0,SUCCESS
PY04102,BK04102,2026-05-03T15:17:00.000+05:30,CREDIT CARD,14800.0,SUCCESS
PY04103,BK04103,2026-05-18T09:03:00.000+05:30,DEBIT CARD,12500.0,SUCCESS
PY04104,BK04104,2026-05-07T17:44:00.000+05:30,UPI,3500.0,FAILED
PY04105,BK04105,2026-05-18T03:25:00.000+05:30,NET BANKING,4200.0,REFUNDED
PY04106,BK04106,2026-04-27T05:18:00.000+05:30,DEBIT CARD,14800.0,SUCCESS
PY04107,BK04107,2026-05-13T23:59:00.000+05:30,NET BANKING,4200.0,SUCCESS
PY04108,BK04108,2026-07-26T23:20:00.000+05:30,CREDIT CARD,14800.0,SUCCESS
PY04109,BK04109,2026-07-15T23:50:00.000+05:30,UPI,8900.0,SUCCESS
PY04110,BK04110,2026-05-21T18:08:00.000+05:30,DEBIT CARD,7200.0,SUCCESS
PY04111,BK04111,2026-07-22T12:35:00.000+05:30,WALLET,5600.0,SUCCESS
PY04112,BK04112,2026-08-26T12:51:00.000+05:30,UPI,7200.0,SUCCESS
PY04113,BK04113,2026-07-03T20:09:00.000+05:30,NET BANKING,17500.0,SUCCESS
PY04114,BK04114,2026-05-21T14:32:00.000+05:30,UPI,7200.0,SUCCESS
PY04115,BK04115,2026-05-16T18:35:00.000+05:30,WALLET,8900.0,SUCCESS
PY04116,BK04116,2026-07-27T03:24:00.000+05:30,DEBIT CARD,7200.0,FAILED
PY04117,BK04117,2026-06-13T09:09:00.000+05:30,NET BANKING,5600.0,SUCCESS
PY04118,BK04118,2026-07-29T22:01:00.000+05:30,WALLET,17500.0,SUCCESS
PY04119,BK04119,2026-08-03T05:48:00.000+05:30,CREDIT CARD,14800.0,SUCCESS
PY04120,BK04120,2026-05-18T05:45:00.000+05:30,CREDIT CARD,8900.0,SUCCESS
PY04121,BK04121,2026-08-12T07:15:00.000+05:30,WALLET,12500.0,SUCCESS
PY04122,BK04122,2026-06-16T05:31:00.000+05:30,NET BANKING,8900.0,SUCCESS
PY04123,BK04123,2026-07-07T04:46:00.000+05:30,UPI,3500.0,SUCCESS
PY04124,BK04124,2026-08-03T00:00:00.000+05:30,NET BANKING,10500.0,SUCCESS
PY04125,BK04125,2026-06-12T03:36:00.000+05:30,WALLET,3500.0,SUCCESS
PY04126,BK04126,2026-06-02T00:01:00.000+05:30,NET BANKING,12500.0,SUCCESS
PY04127,BK04127,2026-06-04T08:46:00.000+05:30,CREDIT CARD,10500.0,SUCCESS
PY04128,BK04128,2026-06-13T12:54:00.000+05:30,UPI,12500.0,SUCCESS
PY04129,BK04129,2026-04-29T01:58:00.000+05:30,NET BANKING,12500.0,SUCCESS
PY04130,BK04130,2026-08-09T22:30:00.000+05:30,WALLET,10500.0,SUCCESS
PY04131,BK04131,2026-04-30T04:11:00.000+05:30,DEBIT CARD,10500.0,SUCCESS
PY04132,BK04132,2026-06-16T00:37:00.000+05:30,NET BANKING,4200.0,SUCCESS
PY04133,BK04133,2026-06-28T00:42:00.000+05:30,WALLET,4200.0,SUCCESS
PY04134,BK04134,2026-06-27T11:11:00.000+05:30,WALLET,5600.0,SUCCESS
PY04135,BK04135,2026-05-27T08:39:00.000+05:30,UPI,8900.0,SUCCESS
PY04136,BK04136,2026-06-02T12:35:00.000+05:30,DEBIT CARD,8900.0,SUCCESS
PY04137,BK04137,2026-08-02T17:03:00.000+05:30,DEBIT CARD,3500.0,SUCCESS
PY04138,BK04138,2026-07-10T10:53:00.000+05:30,WALLET,5600.0,SUCCESS
PY04139,BK04139,2026-04-29T01:23:00.000+05:30,UPI,14800.0,SUCCESS
PY04140,BK04140,2026-06-16T00:37:00.000+05:30,NET BANKING,3500.0,SUCCESS
PY04141,BK04141,2026-05-19T12:30:00.000+05:30,WALLET,10500.0,SUCCESS
PY04142,BK04142,2026-05-22T04:23:00.000+05:30,WALLET,4200.0,SUCCESS
PY04143,BK04143,2026-06-18T06:15:00.000+05:30,WALLET,10500.0,SUCCESS
PY04144,BK04144,2026-04-30T11:49:00.000+05:30,DEBIT CARD,8900.0,SUCCESS
PY04145,BK04145,2026-05-30T19:21:00.000+05:30,DEBIT CARD,10500.0,SUCCESS
PY04146,BK04146,2026-05-12T11:55:00.000+05:30,DEBIT CARD,5600.0,SUCCESS
PY04147,BK04147,2026-06-14T01:01:00.000+05:30,CREDIT CARD,17500.0,SUCCESS
PY04148,BK04148,2026-06-20T22:48:00.000+05:30,CREDIT CARD,14800.0,SUCCESS
PY04149,BK04149,2026-07-08T23:48:00.000+05:30,WALLET,7200.0,SUCCESS
PY04150,BK04150,2026-05-03T00:16:00.000+05:30,NET BANKING,14800.0,SUCCESS
PY04151,BK04151,2026-06-09T08:28:00.000+05:30,UPI,8900.0,SUCCESS
PY04152,BK04152,2026-07-29T09:50:00.000+05:30,DEBIT CARD,10500.0,SUCCESS
PY04153,BK04153,2026-05-13T23:55:00.000+05:30,WALLET,10500.0,SUCCESS
PY04154,BK04154,2026-07-16T16:27:00.000+05:30,NET BANKING,3500.0,SUCCESS
PY04155,BK04155,2026-07-26T12:59:00.000+05:30,DEBIT CARD,5600.0,SUCCESS
PY04156,BK04156,2026-04-05T14:00:00.000+05:30,WALLET,5600.0,SUCCESS
PY04157,BK04157,2026-07-19T16:58:00.000+05:30,WALLET,8900.0,SUCCESS
PY04158,BK04158,2026-06-18T18:18:00.000+05:30,DEBIT CARD,4200.0,SUCCESS
PY04159,BK04159,2026-05-29T14:16:00.000+05:30,DEBIT CARD,5600.0,SUCCESS
PY04160,BK04160,2026-07-24T03:29:00.000+05:30,UPI,4200.0,SUCCESS
PY04161,BK04161,2026-06-18T14:12:00.000+05:30,UPI,12500.0,FAILED
PY04162,BK04162,2026-07-15T08:23:00.000+05:30,DEBIT CARD,10500.0,SUCCESS
PY04163,BK04163,2026-08-25T00:34:00.000+05:30,NET BANKING,17500.0,SUCCESS
PY04164,BK04164,2026-06-10T09:42:00.000+05:30,UPI,7200.0,SUCCESS
PY04165,BK04165,2026-06-04T00:13:00.000+05:30,WALLET,4200.0,SUCCESS
PY04166,BK04166,2026-06-15T10:22:00.000+05:30,NET BANKING,4200.0,SUCCESS
PY04167,BK04167,2026-06-27T12:54:00.000+05:30,DEBIT CARD,14800.0,SUCCESS
PY04168,BK04168,2026-08-04T02:16:00.000+05:30,UPI,22000.0,SUCCESS
PY04169,BK04169,2026-07-29T17:00:00.000+05:30,WALLET,22000.0,SUCCESS
PY04170,BK04170,2026-05-08T09:51:00.000+05:30,DEBIT CARD,17500.0,FAILED
PY04171,BK04171,2026-07-15T13:46:00.000+05:30,UPI,3500.0,FAILED
PY04172,BK04172,2026-04-18T05:50:00.000+05:30,DEBIT CARD,7200.0,SUCCESS
PY04173,BK04173,2026-07-24T00:02:00.000+05:30,CREDIT CARD,8900.0,REFUNDED
PY04174,BK04174,2026-08-08T22:23:00.000+05:30,NET BANKING,17500.0,REFUNDED
PY04175,BK04175,2026-07-07T02:42:00.000+05:30,NET BANKING,14800.0,SUCCESS
PY04176,BK04176,2026-05-23T05:48:00.000+05:30,WALLET,22000.0,SUCCESS
PY04177,BK04177,2026-06-05T08:31:00.000+05:30,UPI,14800.0,SUCCESS
PY04178,BK04178,2026-07-20T10:51:00.000+05:30,CREDIT CARD,14800.0,SUCCESS
PY04179,BK04179,2026-08-19T15:22:00.000+05:30,CREDIT CARD,7200.0,SUCCESS
PY04180,BK04180,2026-06-23T06:36:00.000+05:30,NET BANKING,10500.0,SUCCESS
PY04181,BK04181,2026-04-24T23:56:00.000+05:30,DEBIT CARD,17500.0,SUCCESS
PY04182,BK04182,2026-07-24T17:36:00.000+05:30,CREDIT CARD,5600.0,SUCCESS
PY04183,BK04183,2026-08-02T13:41:00.000+05:30,NET BANKING,10500.0,SUCCESS
PY04184,BK04184,2026-08-14T20:54:00.000+05:30,CREDIT CARD,17500.0,SUCCESS
PY04185,BK04185,2026-04-08T21:34:00.000+05:30,CREDIT CARD,10500.0,SUCCESS
PY04186,BK04186,2026-05-24T22:38:00.000+05:30,WALLET,10500.0,SUCCESS
PY04187,BK04187,2026-06-22T14:55:00.000+05:30,WALLET,8900.0,SUCCESS
PY04188,BK04188,2026-08-08T20:53:00.000+05:30,WALLET,10500.0,SUCCESS
PY04189,BK04189,2026-06-30T04:47:00.000+05:30,NET BANKING,12500.0,SUCCESS
PY04190,BK04190,2026-06-17T20:29:00.000+05:30,DEBIT CARD,10500.0,SUCCESS
PY04191,BK04191,2026-04-28T13:16:00.000+05:30,UPI,4200.0,SUCCESS
PY04192,BK04192,2026-06-01T19:56:00.000+05:30,UPI,3500.0,SUCCESS
PY04193,BK04193,2026-08-05T01:59:00.000+05:30,WALLET,14800.0,SUCCESS
PY04194,BK04194,2026-05-05T20:09:00.000+05:30,UPI,3500.0,FAILED
PY04195,BK04195,2026-08-10T02:19:00.000+05:30,CREDIT CARD,12500.0,SUCCESS
PY04196,BK04196,2026-07-10T12:22:00.000+05:30,DEBIT CARD,4200.0,SUCCESS
PY04197,BK04197,2026-06-22T18:35:00.000+05:30,UPI,8900.0,FAILED
PY04198,BK04198,2026-07-15T23:58:00.000+05:30,CREDIT CARD,12500.0,SUCCESS
PY04199,BK04199,2026-07-28T19:28:00.000+05:30,WALLET,12500.0,SUCCESS
PY04200,BK04200,2026-04-24T12:16:00.000+05:30,WALLET,12500.0,SUCCESS
PY04201,BK04201,2026-05-15T16:04:00.000+05:30,NET BANKING,12500.0,SUCCESS
PY04202,BK04202,2026-06-09T16:03:00.000+05:30,DEBIT CARD,22000.0,SUCCESS
PY04203,BK04203,2026-05-28T23:19:00.000+05:30,CREDIT CARD,4200.0,SUCCESS
PY04204,BK04204,2026-07-09T05:56:00.000+05:30,WALLET,14800.0,REFUNDED
PY04205,BK04205,2026-07-20T18:12:00.000+05:30,UPI,14800.0,SUCCESS
PY04206,BK04206,2026-06-03T14:36:00.000+05:30,DEBIT CARD,5600.0,SUCCESS
PY04207,BK04207,2026-05-12T06:27:00.000+05:30,CREDIT CARD,7200.0,SUCCESS
PY04208,BK04208,2026-05-31T00:27:00.000+05:30,DEBIT CARD,3500.0,SUCCESS
PY04209,BK04209,2026-06-01T08:36:00.000+05:30,CREDIT CARD,17500.0,REFUNDED
PY04210,BK04210,2026-06-03T22:25:00.000+05:30,NET BANKING,7200.0,SUCCESS
PY04211,BK04211,2026-05-09T13:26:00.000+05:30,CREDIT CARD,4200.0,SUCCESS
PY04212,BK04212,2026-08-05T15:10:00.000+05:30,NET BANKING,8900.0,SUCCESS
PY04213,BK04213,2026-06-05T08:06:00.000+05:30,CREDIT CARD,10500.0,SUCCESS
PY04214,BK04214,2026-06-29T08:21:00.000+05:30,WALLET,22000.0,SUCCESS
PY04215,BK04215,2026-05-19T16:37:00.000+05:30,WALLET,5600.0,SUCCESS
PY04216,BK04216,2026-06-04T17:50:00.000+05:30,NET BANKING,8900.0,SUCCESS
PY04217,BK04217,2026-05-07T02:03:00.000+05:30,UPI,3500.0,SUCCESS
PY04218,BK04218,2026-04-27T12:24:00.000+05:30,WALLET,22000.0,SUCCESS
PY04219,BK04219,2026-07-07T03:02:00.000+05:30,DEBIT CARD,3500.0,SUCCESS
PY04220,BK04220,2026-08-03T17:56:00.000+05:30,DEBIT CARD,8900.0,SUCCESS
PY04221,BK04221,2026-05-14T19:27:00.000+05:30,UPI,3500.0,SUCCESS
PY04222,BK04222,2026-05-15T14:20:00.000+05:30,UPI,12500.0,SUCCESS
PY04223,BK04223,2026-05-05T16:01:00.000+05:30,WALLET,3500.0,SUCCESS
PY04224,BK04224,2026-06-07T09:25:00.000+05:30,WALLET,3500.0,SUCCESS
PY04225,BK04225,2026-06-17T06:02:00.000+05:30,DEBIT CARD,8900.0,SUCCESS
PY04226,BK04226,2026-06-13T07:27:00.000+05:30,DEBIT CARD,22000.0,SUCCESS
PY04227,BK04227,2026-07-31T16:37:00.000+05:30,UPI,12500.0,SUCCESS
PY04228,BK04228,2026-07-13T23:52:00.000+05:30,CREDIT CARD,17500.0,SUCCESS
PY04229,BK04229,2026-08-23T07:16:00.000+05:30,NET BANKING,22000.0,SUCCESS
PY04230,BK04230,2026-05-17T13:45:00.000+05:30,CREDIT CARD,4200.0,SUCCESS
PY04231,BK04231,2026-08-16T00:08:00.000+05:30,CREDIT CARD,12500.0,REFUNDED
PY04232,BK04232,2026-05-14T02:22:00.000+05:30,DEBIT CARD,10500.0,SUCCESS
PY04233,BK04233,2026-07-29T11:53:00.000+05:30,CREDIT CARD,8900.0,SUCCESS
PY04234,BK04234,2026-07-10T07:09:00.000+05:30,NET BANKING,10500.0,SUCCESS
PY04235,BK04235,2026-05-19T18:18:00.000+05:30,CREDIT CARD,7200.0,SUCCESS
PY04236,BK04236,2026-05-29T08:44:00.000+05:30,WALLET,5600.0,SUCCESS
PY04237,BK04237,2026-04-29T14:03:00.000+05:30,DEBIT CARD,8900.0,SUCCESS
PY04238,BK04238,2026-05-16T18:58:00.000+05:30,NET BANKING,22000.0,FAILED
PY04239,BK04239,2026-08-06T06:51:00.000+05:30,NET BANKING,17500.0,SUCCESS
PY04240,BK04240,2026-07-12T00:19:00.000+05:30,UPI,5600.0,SUCCESS
PY04241,BK04241,2026-07-04T19:50:00.000+05:30,CREDIT CARD,3500.0,SUCCESS
PY04242,BK04242,2026-06-11T11:06:00.000+05:30,NET BANKING,5600.0,FAILED
PY04243,BK04243,2026-06-16T08:30:00.000+05:30,DEBIT CARD,14800.0,SUCCESS
PY04244,BK04244,2026-06-28T13:03:00.000+05:30,CREDIT CARD,3500.0,SUCCESS
PY04245,BK04245,2026-07-16T16:43:00.000+05:30,NET BANKING,12500.0,SUCCESS
PY04246,BK04246,2026-06-30T07:48:00.000+05:30,CREDIT CARD,17500.0,SUCCESS
PY04247,BK04247,2026-08-14T02:40:00.000+05:30,NET BANKING,22000.0,SUCCESS
PY04248,BK04248,2026-08-10T18:28:00.000+05:30,DEBIT CARD,17500.0,SUCCESS
PY04249,BK04249,2026-06-27T00:01:00.000+05:30,DEBIT CARD,8900.0,SUCCESS
PY04250,BK04250,2026-05-16T19:40:00.000+05:30,WALLET,14800.0,SUCCESS
PY04251,BK04251,2026-04-14T15:58:00.000+05:30,WALLET,4200.0,REFUNDED
PY04252,BK04252,2026-06-10T23:52:00.000+05:30,NET BANKING,12500.0,SUCCESS
PY04253,BK04253,2026-07-19T04:01:00.000+05:30,CREDIT CARD,3500.0,SUCCESS
PY04254,BK04254,2026-05-22T08:20:00.000+05:30,NET BANKING,22000.0,SUCCESS
PY04255,BK04255,2026-08-12T19:41:00.000+05:30,CREDIT CARD,4200.0,SUCCESS
PY04256,BK04256,2026-05-25T01:24:00.000+05:30,UPI,17500.0,SUCCESS
PY04257,BK04257,2026-05-07T18:37:00.000+05:30,CREDIT CARD,4200.0,SUCCESS
PY04258,BK04258,2026-08-11T08:16:00.000+05:30,NET BANKING,8900.0,SUCCESS
PY04259,BK04259,2026-04-23T12:06:00.000+05:30,CREDIT CARD,4200.0,SUCCESS
PY04260,BK04260,2026-04-27T14:06:00.000+05:30,CREDIT CARD,8900.0,SUCCESS
PY04261,BK04261,2026-07-27T20:26:00.000+05:30,UPI,10500.0,SUCCESS
PY04262,BK04262,2026-04-27T08:48:00.000+05:30,DEBIT CARD,8900.0,SUCCESS
PY04263,BK04263,2026-07-09T00:55:00.000+05:30,DEBIT CARD,14800.0,REFUNDED
PY04264,BK04264,2026-05-02T01:03:00.000+05:30,NET BANKING,8900.0,SUCCESS
PY04265,BK04265,2026-06-15T01:59:00.000+05:30,UPI,17500.0,SUCCESS
PY04266,BK04266,2026-04-17T18:02:00.000+05:30,CREDIT CARD,12500.0,SUCCESS
PY04267,BK04267,2026-05-08T21:32:00.000+05:30,WALLET,17500.0,SUCCESS
PY04268,BK04268,2026-07-04T19:11:00.000+05:30,UPI,8900.0,SUCCESS
PY04269,BK04269,2026-06-04T23:25:00.000+05:30,DEBIT CARD,5600.0,SUCCESS
PY04270,BK04270,2026-06-22T00:20:00.000+05:30,CREDIT CARD,12500.0,SUCCESS
PY04271,BK04271,2026-07-04T16:28:00.000+05:30,CREDIT CARD,17500.0,SUCCESS
PY04272,BK04272,2026-08-04T00:14:00.000+05:30,WALLET,12500.0,SUCCESS
PY04273,BK04273,2026-07-02T15:14:00.000+05:30,CREDIT CARD,7200.0,SUCCESS
PY04274,BK04274,2026-07-01T02:33:00.000+05:30,NET BANKING,12500.0,SUCCESS
PY04275,BK04275,2026-06-23T01:36:00.000+05:30,DEBIT CARD,8900.0,SUCCESS
PY04276,BK04276,2026-06-12T13:39:00.000+05:30,WALLET,14800.0,SUCCESS
PY04277,BK04277,2026-04-09T07:46:00.000+05:30,DEBIT CARD,5600.0,SUCCESS
PY04278,BK04278,2026-04-26T23:18:00.000+05:30,NET BANKING,8900.0,SUCCESS
PY04279,BK04279,2026-06-16T21:00:00.000+05:30,DEBIT CARD,4200.0,SUCCESS
PY04280,BK04280,2026-05-28T21:57:00.000+05:30,WALLET,10500.0,SUCCESS
PY04281,BK04281,2026-07-05T22:27:00.000+05:30,WALLET,17500.0,SUCCESS
PY04282,BK04282,2026-05-17T11:55:00.000+05:30,NET BANKING,7200.0,REFUNDED
PY04283,BK04283,2026-07-22T00:46:00.000+05:30,CREDIT CARD,12500.0,SUCCESS
PY04284,BK04284,2026-05-04T16:59:00.000+05:30,WALLET,8900.0,SUCCESS
PY04285,BK04285,2026-05-26T19:29:00.000+05:30,UPI,12500.0,SUCCESS
PY04286,BK04286,2026-05-16T15:49:00.000+05:30,WALLET,22000.0,SUCCESS
PY04287,BK04287,2026-07-29T23:37:00.000+05:30,CREDIT CARD,7200.0,SUCCESS
PY04288,BK04288,2026-07-15T23:52:00.000+05:30,NET BANKING,17500.0,SUCCESS
PY04289,BK04289,2026-07-14T12:50:00.000+05:30,WALLET,7200.0,SUCCESS
PY04290,BK04290,2026-06-20T00:15:00.000+05:30,NET BANKING,22000.0,SUCCESS
PY04291,BK04291,2026-06-13T00:27:00.000+05:30,WALLET,17500.0,SUCCESS
PY04292,BK04292,2026-05-05T05:27:00.000+05:30,NET BANKING,7200.0,SUCCESS
PY04293,BK04293,2026-05-31T12:16:00.000+05:30,DEBIT CARD,14800.0,SUCCESS
PY04294,BK04294,2026-07-28T16:06:00.000+05:30,UPI,8900.0,REFUNDED
PY04295,BK04295,2026-08-16T02:06:00.000+05:30,NET BANKING,14800.0,SUCCESS
PY04296,BK04296,2026-06-13T12:46:00.000+05:30,UPI,7200.0,SUCCESS
PY04297,BK04297,2026-06-25T01:48:00.000+05:30,NET BANKING,8900.0,SUCCESS
PY04298,BK04298,2026-05-21T09:17:00.000+05:30,CREDIT CARD,22000.0,SUCCESS
PY04299,BK04299,2026-04-26T04:23:00.000+05:30,UPI,22000.0,SUCCESS
PY04300,BK04300,2026-07-28T04:27:00.000+05:30,UPI,7200.0,REFUNDED
PY04301,BK04301,2026-07-24T02:27:00.000+05:30,CREDIT CARD,10500.0,SUCCESS
PY04302,BK04302,2026-07-28T05:56:00.000+05:30,NET BANKING,12500.0,SUCCESS
PY04303,BK04303,2026-06-27T17:58:00.000+05:30,WALLET,10500.0,SUCCESS
PY04304,BK04304,2026-06-25T11:11:00.000+05:30,CREDIT CARD,4200.0,SUCCESS
PY04305,BK04305,2026-05-03T23:34:00.000+05:30,NET BANKING,22000.0,SUCCESS
PY04306,BK04306,2026-05-01T07:19:00.000+05:30,DEBIT CARD,10500.0,SUCCESS
PY04307,BK04307,2026-07-31T04:21:00.000+05:30,DEBIT CARD,22000.0,SUCCESS
PY04308,BK04308,2026-04-25T04:52:00.000+05:30,UPI,8900.0,SUCCESS
PY04309,BK04309,2026-08-11T21:10:00.000+05:30,UPI,10500.0,SUCCESS
PY04310,BK04310,2026-06-19T00:32:00.000+05:30,WALLET,10500.0,SUCCESS
PY04311,BK04311,2026-05-07T05:25:00.000+05:30,CREDIT CARD,10500.0,SUCCESS
PY04312,BK04312,2026-06-19T03:34:00.000+05:30,NET BANKING,5600.0,REFUNDED
PY04313,BK04313,2026-06-27T22:56:00.000+05:30,WALLET,7200.0,SUCCESS
PY04314,BK04314,2026-07-23T06:12:00.000+05:30,WALLET,3500.0,SUCCESS
PY04315,BK04315,2026-06-18T02:56:00.000+05:30,CREDIT CARD,4200.0,SUCCESS
PY04316,BK04316,2026-05-29T19:03:00.000+05:30,UPI,14800.0,SUCCESS
PY04317,BK04317,2026-07-08T02:01:00.000+05:30,CREDIT CARD,7200.0,SUCCESS
PY04318,BK04318,2026-08-06T00:52:00.000+05:30,NET BANKING,3500.0,SUCCESS
PY04319,BK04319,2026-04-24T16:09:00.000+05:30,CREDIT CARD,5600.0,SUCCESS
PY04320,BK04320,2026-04-16T21:01:00.000+05:30,UPI,5600.0,SUCCESS
PY04321,BK04321,2026-04-24T12:49:00.000+05:30,CREDIT CARD,14800.0,SUCCESS
PY04322,BK04322,2026-06-10T17:40:00.000+05:30,WALLET,22000.0,SUCCESS
PY04323,BK04323,2026-05-06T21:53:00.000+05:30,NET BANKING,10500.0,SUCCESS
PY04324,BK04324,2026-08-15T04:45:00.000+05:30,UPI,7200.0,SUCCESS
PY04325,BK04325,2026-04-27T01:53:00.000+05:30,CREDIT CARD,10500.0,SUCCESS
PY04326,BK04326,2026-05-28T07:25:00.000+05:30,UPI,14800.0,SUCCESS
PY04327,BK04327,2026-05-08T05:37:00.000+05:30,WALLET,4200.0,SUCCESS
PY04328,BK04328,2026-08-05T06:53:00.000+05:30,DEBIT CARD,22000.0,SUCCESS
PY04329,BK04329,2026-06-26T10:06:00.000+05:30,NET BANKING,4200.0,FAILED
PY04330,BK04330,2026-07-28T09:47:00.000+05:30,NET BANKING,12500.0,SUCCESS
PY04331,BK04331,2026-06-06T09:07:00.000+05:30,NET BANKING,17500.0,SUCCESS
PY04332,BK04332,2026-07-18T15:19:00.000+05:30,WALLET,14800.0,SUCCESS
PY04333,BK04333,2026-05-03T18:11:00.000+05:30,NET BANKING,8900.0,SUCCESS
PY04334,BK04334,2026-06-09T13:39:00.000+05:30,DEBIT CARD,3500.0,SUCCESS
PY04335,BK04335,2026-08-09T01:50:00.000+05:30,UPI,3500.0,SUCCESS
PY04336,BK04336,2026-05-16T01:41:00.000+05:30,DEBIT CARD,8900.0,SUCCESS
PY04337,BK04337,2026-06-07T13:12:00.000+05:30,WALLET,5600.0,SUCCESS
PY04338,BK04338,2026-06-05T10:49:00.000+05:30,WALLET,3500.0,SUCCESS
PY04339,BK04339,2026-07-14T22:54:00.000+05:30,DEBIT CARD,14800.0,SUCCESS
PY04340,BK04340,2026-04-13T13:19:00.000+05:30,NET BANKING,14800.0,SUCCESS
PY04341,BK04341,2026-05-02T16:42:00.000+05:30,CREDIT CARD,10500.0,SUCCESS
PY04342,BK04342,2026-07-03T08:22:00.000+05:30,NET BANKING,10500.0,SUCCESS
PY04343,BK04343,2026-08-07T17:47:00.000+05:30,CREDIT CARD,7200.0,SUCCESS
PY04344,BK04344,2026-07-22T04:55:00.000+05:30,CREDIT CARD,7200.0,SUCCESS
PY04345,BK04345,2026-07-30T12:44:00.000+05:30,UPI,7200.0,SUCCESS
PY04346,BK04346,2026-08-15T21:04:00.000+05:30,UPI,17500.0,SUCCESS
PY04347,BK04347,2026-07-10T12:30:00.000+05:30,DEBIT CARD,8900.0,SUCCESS
PY04348,BK04348,2026-07-14T22:53:00.000+05:30,WALLET,12500.0,SUCCESS
PY04349,BK04349,2026-06-25T19:37:00.000+05:30,UPI,5600.0,SUCCESS
PY04350,BK04350,2026-07-17T11:08:00.000+05:30,DEBIT CARD,14800.0,FAILED
PY04351,BK04351,2026-07-08T19:17:00.000+05:30,DEBIT CARD,4200.0,SUCCESS
PY04352,BK04352,2026-05-29T06:27:00.000+05:30,UPI,4200.0,SUCCESS
PY04353,BK04353,2026-07-12T03:01:00.000+05:30,UPI,3500.0,SUCCESS
PY04354,BK04354,2026-05-12T03:56:00.000+05:30,WALLET,10500.0,SUCCESS
PY04355,BK04355,2026-04-14T20:42:00.000+05:30,WALLET,17500.0,SUCCESS
PY04356,BK04356,2026-04-07T03:45:00.000+05:30,DEBIT CARD,14800.0,SUCCESS
PY04357,BK04357,2026-05-03T07:19:00.000+05:30,NET BANKING,10500.0,SUCCESS
PY04358,BK04358,2026-08-10T13:58:00.000+05:30,WALLET,5600.0,SUCCESS
PY04359,BK04359,2026-08-25T01:19:00.000+05:30,NET BANKING,5600.0,SUCCESS
PY04360,BK04360,2026-07-19T00:37:00.000+05:30,UPI,22000.0,SUCCESS
PY04361,BK04361,2026-06-27T04:23:00.000+05:30,UPI,10500.0,SUCCESS
PY04362,BK04362,2026-06-16T11:29:00.000+05:30,NET BANKING,3500.0,SUCCESS
PY04363,BK04363,2026-05-30T19:41:00.000+05:30,CREDIT CARD,7200.0,SUCCESS
PY04364,BK04364,2026-04-09T08:14:00.000+05:30,NET BANKING,8900.0,SUCCESS
PY04365,BK04365,2026-04-07T21:47:00.000+05:30,DEBIT CARD,8900.0,SUCCESS
PY04366,BK04366,2026-04-26T08:46:00.000+05:30,UPI,17500.0,SUCCESS
PY04367,BK04367,2026-04-24T17:58:00.000+05:30,WALLET,12500.0,SUCCESS
PY04368,BK04368,2026-05-27T01:32:00.000+05:30,CREDIT CARD,4200.0,SUCCESS
PY04369,BK04369,2026-08-03T07:46:00.000+05:30,CREDIT CARD,14800.0,SUCCESS
PY04370,BK04370,2026-07-20T00:27:00.000+05:30,DEBIT CARD,22000.0,SUCCESS
PY04371,BK04371,2026-07-08T03:30:00.000+05:30,WALLET,5600.0,SUCCESS
PY04372,BK04372,2026-05-07T01:56:00.000+05:30,NET BANKING,7200.0,SUCCESS
PY04373,BK04373,2026-06-06T18:04:00.000+05:30,WALLET,3500.0,SUCCESS
PY04374,BK04374,2026-05-10T18:37:00.000+05:30,UPI,10500.0,SUCCESS
PY04375,BK04375,2026-05-04T23:58:00.000+05:30,DEBIT CARD,14800.0,SUCCESS
PY04376,BK04376,2026-06-14T15:30:00.000+05:30,WALLET,3500.0,SUCCESS
PY04377,BK04377,2026-05-23T11:24:00.000+05:30,DEBIT CARD,22000.0,SUCCESS
PY04378,BK04378,2026-05-20T13:35:00.000+05:30,CREDIT CARD,4200.0,SUCCESS
PY04379,BK04379,2026-05-11T08:22:00.000+05:30,WALLET,4200.0,SUCCESS
PY04380,BK04380,2026-04-29T12:52:00.000+05:30,NET BANKING,3500.0,REFUNDED
PY04381,BK04381,2026-06-24T15:59:00.000+05:30,CREDIT CARD,17500.0,SUCCESS
PY04382,BK04382,2026-08-07T16:17:00.000+05:30,DEBIT CARD,17500.0,SUCCESS
PY04383,BK04383,2026-06-25T10:45:00.000+05:30,WALLET,10500.0,SUCCESS
PY04384,BK04384,2026-06-10T19:18:00.000+05:30,CREDIT CARD,10500.0,SUCCESS
PY04385,BK04385,2026-06-15T07:13:00.000+05:30,DEBIT CARD,8900.0,SUCCESS
PY04386,BK04386,2026-07-15T16:52:00.000+05:30,WALLET,17500.0,SUCCESS
PY04387,BK04387,2026-08-14T21:08:00.000+05:30,WALLET,12500.0,SUCCESS
PY04388,BK04388,2026-08-13T09:24:00.000+05:30,CREDIT CARD,3500.0,SUCCESS
PY04389,BK04389,2026-08-21T01:23:00.000+05:30,DEBIT CARD,17500.0,SUCCESS
PY04390,BK04390,2026-07-22T00:08:00.000+05:30,WALLET,8900.0,REFUNDED
PY04391,BK04391,2026-06-18T15:24:00.000+05:30,WALLET,8900.0,SUCCESS
PY04392,BK04392,2026-04-27T12:41:00.000+05:30,CREDIT CARD,22000.0,SUCCESS
PY04393,BK04393,2026-05-10T01:17:00.000+05:30,UPI,5600.0,SUCCESS
PY04394,BK04394,2026-05-22T19:19:00.000+05:30,WALLET,3500.0,SUCCESS
PY04395,BK04395,2026-07-06T12:56:00.000+05:30,UPI,5600.0,SUCCESS
PY04396,BK04396,2026-06-26T14:04:00.000+05:30,UPI,8900.0,SUCCESS
PY04397,BK04397,2026-07-18T02:14:00.000+05:30,WALLET,4200.0,SUCCESS
PY04398,BK04398,2026-07-18T15:32:00.000+05:30,WALLET,17500.0,REFUNDED
PY04399,BK04399,2026-07-26T21:03:00.000+05:30,WALLET,22000.0,SUCCESS
PY04400,BK04400,2026-07-07T14:01:00.000+05:30,DEBIT CARD,22000.0,SUCCESS
PY04401,BK04401,2026-05-14T15:34:00.000+05:30,CREDIT CARD,12500.0,SUCCESS
PY04402,BK04402,2026-07-05T04:44:00.000+05:30,DEBIT CARD,22000.0,SUCCESS
PY04403,BK04403,2026-06-10T03:34:00.000+05:30,NET BANKING,10500.0,SUCCESS
PY04404,BK04404,2026-06-05T17:34:00.000+05:30,UPI,22000.0,SUCCESS
PY04405,BK04405,2026-07-11T07:04:00.000+05:30,UPI,5600.0,REFUNDED
PY04406,BK04406,2026-05-02T20:52:00.000+05:30,WALLET,10500.0,SUCCESS
PY04407,BK04407,2026-07-18T08:48:00.000+05:30,CREDIT CARD,5600.0,SUCCESS
PY04408,BK04408,2026-08-05T08:13:00.000+05:30,DEBIT CARD,14800.0,FAILED
PY04409,BK04409,2026-06-14T00:56:00.000+05:30,WALLET,5600.0,SUCCESS
PY04410,BK04410,2026-05-20T06:53:00.000+05:30,DEBIT CARD,5600.0,SUCCESS
PY04411,BK04411,2026-07-12T15:22:00.000+05:30,WALLET,12500.0,SUCCESS
PY04412,BK04412,2026-06-20T21:08:00.000+05:30,UPI,4200.0,SUCCESS
PY04413,BK04413,2026-07-08T17:09:00.000+05:30,NET BANKING,12500.0,SUCCESS
PY04414,BK04414,2026-07-04T15:36:00.000+05:30,WALLET,5600.0,SUCCESS
PY04415,BK04415,2026-05-03T01:51:00.000+05:30,WALLET,5600.0,SUCCESS
PY04416,BK04416,2026-05-19T00:35:00.000+05:30,NET BANKING,5600.0,SUCCESS
PY04417,BK04417,2026-06-18T03:30:00.000+05:30,DEBIT CARD,22000.0,SUCCESS
PY04418,BK04418,2026-05-09T23:28:00.000+05:30,DEBIT CARD,4200.0,SUCCESS
PY04419,BK04419,2026-07-30T23:45:00.000+05:30,WALLET,4200.0,SUCCESS
PY04420,BK04420,2026-04-23T02:35:00.000+05:30,NET BANKING,7200.0,SUCCESS
PY04421,BK04421,2026-06-24T10:49:00.000+05:30,CREDIT CARD,22000.0,SUCCESS
PY04422,BK04422,2026-07-22T11:12:00.000+05:30,WALLET,10500.0,SUCCESS
PY04423,BK04423,2026-06-01T08:09:00.000+05:30,DEBIT CARD,3500.0,SUCCESS
PY04424,BK04424,2026-04-29T20:53:00.000+05:30,DEBIT CARD,10500.0,SUCCESS
PY04425,BK04425,2026-05-21T03:18:00.000+05:30,DEBIT CARD,7200.0,SUCCESS
PY04426,BK04426,2026-04-23T05:36:00.000+05:30,CREDIT CARD,14800.0,SUCCESS
PY04427,BK04427,2026-05-12T17:34:00.000+05:30,DEBIT CARD,8900.0,SUCCESS
PY04428,BK04428,2026-07-30T05:55:00.000+05:30,CREDIT CARD,22000.0,SUCCESS
PY04429,BK04429,2026-06-24T23:47:00.000+05:30,UPI,10500.0,SUCCESS
PY04430,BK04430,2026-07-18T15:38:00.000+05:30,CREDIT CARD,10500.0,REFUNDED
PY04431,BK04431,2026-04-22T16:32:00.000+05:30,WALLET,14800.0,SUCCESS
PY04432,BK04432,2026-08-22T08:28:00.000+05:30,WALLET,22000.0,SUCCESS
PY04433,BK04433,2026-07-25T05:22:00.000+05:30,CREDIT CARD,17500.0,SUCCESS
PY04434,BK04434,2026-08-16T07:45:00.000+05:30,UPI,7200.0,SUCCESS
PY04435,BK04435,2026-04-11T10:29:00.000+05:30,CREDIT CARD,12500.0,REFUNDED
PY04436,BK04436,2026-06-16T03:15:00.000+05:30,DEBIT CARD,17500.0,SUCCESS
PY04437,BK04437,2026-08-12T17:15:00.000+05:30,NET BANKING,8900.0,SUCCESS
PY04438,BK04438,2026-05-05T06:36:00.000+05:30,CREDIT CARD,22000.0,SUCCESS
PY04439,BK04439,2026-07-09T03:38:00.000+05:30,DEBIT CARD,17500.0,SUCCESS
PY04440,BK04440,2026-08-22T12:56:00.000+05:30,DEBIT CARD,4200.0,SUCCESS
PY04441,BK04441,2026-07-22T00:13:00.000+05:30,UPI,8900.0,SUCCESS
PY04442,BK04442,2026-08-03T09:49:00.000+05:30,DEBIT CARD,12500.0,SUCCESS
PY04443,BK04443,2026-06-28T01:24:00.000+05:30,UPI,5600.0,REFUNDED
PY04444,BK04444,2026-06-04T04:16:00.000+05:30,DEBIT CARD,14800.0,SUCCESS
PY04445,BK04445,2026-08-19T02:08:00.000+05:30,WALLET,3500.0,SUCCESS
PY04446,BK04446,2026-06-16T10:07:00.000+05:30,NET BANKING,7200.0,SUCCESS
PY04447,BK04447,2026-08-02T10:16:00.000+05:30,UPI,12500.0,SUCCESS
PY04448,BK04448,2026-05-28T03:15:00.000+05:30,CREDIT CARD,12500.0,SUCCESS
PY04449,BK04449,2026-05-18T17:26:00.000+05:30,UPI,12500.0,SUCCESS
PY04450,BK04450,2026-07-27T13:00:00.000+05:30,NET BANKING,17500.0,SUCCESS
PY04451,BK04451,2026-06-15T15:55:00.000+05:30,WALLET,3500.0,SUCCESS
PY04452,BK04452,2026-07-27T05:02:00.000+05:30,WALLET,17500.0,SUCCESS
PY04453,BK04453,2026-04-04T05:41:00.000+05:30,CREDIT CARD,22000.0,REFUNDED
PY04454,BK04454,2026-06-02T19:25:00.000+05:30,WALLET,12500.0,SUCCESS
PY04455,BK04455,2026-07-24T12:06:00.000+05:30,NET BANKING,4200.0,SUCCESS
PY04456,BK04456,2026-05-17T01:29:00.000+05:30,CREDIT CARD,7200.0,SUCCESS
PY04457,BK04457,2026-04-22T21:49:00.000+05:30,NET BANKING,3500.0,SUCCESS
PY04458,BK04458,2026-08-07T10:55:00.000+05:30,WALLET,8900.0,REFUNDED
PY04459,BK04459,2026-05-16T08:56:00.000+05:30,NET BANKING,17500.0,SUCCESS
PY04460,BK04460,2026-07-28T07:46:00.000+05:30,CREDIT CARD,8900.0,REFUNDED
PY04461,BK04461,2026-04-16T17:50:00.000+05:30,WALLET,3500.0,SUCCESS
PY04462,BK04462,2026-06-17T10:30:00.000+05:30,UPI,10500.0,SUCCESS
PY04463,BK04463,2026-08-05T06:51:00.000+05:30,CREDIT CARD,4200.0,SUCCESS
PY04464,BK04464,2026-04-24T12:26:00.000+05:30,NET BANKING,7200.0,SUCCESS
PY04465,BK04465,2026-07-20T18:34:00.000+05:30,CREDIT CARD,12500.0,SUCCESS
PY04466,BK04466,2026-05-20T20:11:00.000+05:30,NET BANKING,5600.0,SUCCESS
PY04467,BK04467,2026-07-30T07:03:00.000+05:30,DEBIT CARD,12500.0,FAILED
PY04468,BK04468,2026-05-30T02:18:00.000+05:30,CREDIT CARD,14800.0,SUCCESS
PY04469,BK04469,2026-08-07T19:13:00.000+05:30,NET BANKING,22000.0,SUCCESS
PY04470,BK04470,2026-08-07T21:54:00.000+05:30,NET BANKING,12500.0,SUCCESS
PY04471,BK04471,2026-07-30T22:01:00.000+05:30,WALLET,17500.0,SUCCESS
PY04472,BK04472,2026-06-12T19:41:00.000+05:30,UPI,17500.0,SUCCESS
PY04473,BK04473,2026-05-09T20:11:00.000+05:30,NET BANKING,10500.0,SUCCESS
PY04474,BK04474,2026-05-17T06:31:00.000+05:30,CREDIT CARD,10500.0,SUCCESS
PY04475,BK04475,2026-06-22T22:09:00.000+05:30,WALLET,17500.0,SUCCESS
PY04476,BK04476,2026-05-25T16:05:00.000+05:30,WALLET,3500.0,SUCCESS
PY04477,BK04477,2026-07-15T21:09:00.000+05:30,UPI,5600.0,SUCCESS
PY04478,BK04478,2026-07-11T21:29:00.000+05:30,WALLET,5600.0,SUCCESS
PY04479,BK04479,2026-05-26T01:02:00.000+05:30,WALLET,22000.0,SUCCESS
PY04480,BK04480,2026-08-02T05:00:00.000+05:30,CREDIT CARD,4200.0,SUCCESS
PY04481,BK04481,2026-07-01T06:57:00.000+05:30,DEBIT CARD,22000.0,SUCCESS
PY04482,BK04482,2026-07-09T02:35:00.000+05:30,UPI,3500.0,FAILED
PY04483,BK04483,2026-06-03T12:39:00.000+05:30,WALLET,3500.0,SUCCESS
PY04484,BK04484,2026-08-14T05:14:00.000+05:30,CREDIT CARD,3500.0,FAILED
PY04485,BK04485,2026-07-14T06:04:00.000+05:30,CREDIT CARD,10500.0,SUCCESS
PY04486,BK04486,2026-08-18T18:32:00.000+05:30,NET BANKING,8900.0,SUCCESS
PY04487,BK04487,2026-06-21T09:14:00.000+05:30,NET BANKING,12500.0,SUCCESS
PY04488,BK04488,2026-05-16T15:34:00.000+05:30,NET BANKING,17500.0,REFUNDED
PY04489,BK04489,2026-05-30T21:06:00.000+05:30,NET BANKING,14800.0,SUCCESS
PY04490,BK04490,2026-07-19T10:56:00.000+05:30,WALLET,12500.0,SUCCESS
PY04491,BK04491,2026-06-12T01:26:00.000+05:30,DEBIT CARD,3500.0,SUCCESS
PY04492,BK04492,2026-05-02T19:14:00.000+05:30,CREDIT CARD,3500.0,SUCCESS
PY04493,BK04493,2026-06-06T06:45:00.000+05:30,WALLET,3500.0,SUCCESS
PY04494,BK04494,2026-05-21T02:43:00.000+05:30,UPI,12500.0,SUCCESS
PY04495,BK04495,2026-04-28T12:39:00.000+05:30,CREDIT CARD,7200.0,SUCCESS
PY04496,BK04496,2026-05-04T02:47:00.000+05:30,UPI,14800.0,SUCCESS
PY04497,BK04497,2026-06-16T01:53:00.000+05:30,DEBIT CARD,14800.0,SUCCESS
PY04498,BK04498,2026-06-27T11:46:00.000+05:30,WALLET,8900.0,SUCCESS
PY04499,BK04499,2026-08-17T09:19:00.000+05:30,UPI,10500.0,SUCCESS
PY04500,BK04500,2026-06-24T09:09:00.000+05:30,DEBIT CARD,4200.0,SUCCESS
PY04501,BK04501,2026-05-24T03:23:00.000+05:30,NET BANKING,5600.0,SUCCESS
PY04502,BK04502,2026-06-20T19:57:00.000+05:30,NET BANKING,4200.0,SUCCESS
PY04503,BK04503,2026-05-26T08:23:00.000+05:30,NET BANKING,17500.0,SUCCESS
PY04504,BK04504,2026-04-18T03:25:00.000+05:30,UPI,3500.0,SUCCESS
PY04505,BK04505,2026-07-05T01:39:00.000+05:30,DEBIT CARD,5600.0,SUCCESS
PY04506,BK04506,2026-07-10T01:16:00.000+05:30,UPI,10500.0,FAILED
PY04507,BK04507,2026-08-06T16:11:00.000+05:30,NET BANKING,10500.0,SUCCESS
PY04508,BK04508,2026-06-23T01:29:00.000+05:30,DEBIT CARD,5600.0,SUCCESS
PY04509,BK04509,2026-04-13T20:20:00.000+05:30,WALLET,12500.0,SUCCESS
PY04510,BK04510,2026-04-21T13:36:00.000+05:30,DEBIT CARD,10500.0,SUCCESS
PY04511,BK04511,2026-04-19T11:54:00.000+05:30,UPI,3500.0,SUCCESS
PY04512,BK04512,2026-06-16T21:09:00.000+05:30,UPI,22000.0,SUCCESS
PY04513,BK04513,2026-07-22T07:01:00.000+05:30,UPI,22000.0,SUCCESS
PY04514,BK04514,2026-08-02T11:59:00.000+05:30,NET BANKING,5600.0,SUCCESS
PY04515,BK04515,2026-07-23T12:31:00.000+05:30,UPI,12500.0,SUCCESS
PY04516,BK04516,2026-05-23T09:10:00.000+05:30,DEBIT CARD,8900.0,SUCCESS
PY04517,BK04517,2026-05-17T03:23:00.000+05:30,WALLET,22000.0,SUCCESS
PY04518,BK04518,2026-07-21T06:38:00.000+05:30,UPI,22000.0,REFUNDED
PY04519,BK04519,2026-06-13T07:33:00.000+05:30,UPI,17500.0,SUCCESS
PY04520,BK04520,2026-07-15T08:55:00.000+05:30,NET BANKING,12500.0,SUCCESS
PY04521,BK04521,2026-07-13T12:57:00.000+05:30,DEBIT CARD,10500.0,SUCCESS
PY04522,BK04522,2026-07-07T07:13:00.000+05:30,NET BANKING,14800.0,SUCCESS
PY04523,BK04523,2026-05-27T21:41:00.000+05:30,UPI,8900.0,SUCCESS
PY04524,BK04524,2026-05-27T08:14:00.000+05:30,NET BANKING,14800.0,SUCCESS
PY04525,BK04525,2026-05-24T23:30:00.000+05:30,WALLET,12500.0,SUCCESS
PY04526,BK04526,2026-04-11T13:26:00.000+05:30,CREDIT CARD,7200.0,SUCCESS
PY04527,BK04527,2026-05-24T00:23:00.000+05:30,WALLET,17500.0,SUCCESS
PY04528,BK04528,2026-05-15T02:00:00.000+05:30,WALLET,3500.0,SUCCESS
PY04529,BK04529,2026-06-13T15:29:00.000+05:30,NET BANKING,8900.0,SUCCESS
PY04530,BK04530,2026-06-13T10:38:00.000+05:30,CREDIT CARD,10500.0,REFUNDED
PY04531,BK04531,2026-04-12T23:06:00.000+05:30,WALLET,17500.0,SUCCESS
PY04532,BK04532,2026-07-06T15:05:00.000+05:30,NET BANKING,10500.0,SUCCESS
PY04533,BK04533,2026-06-02T09:25:00.000+05:30,NET BANKING,22000.0,SUCCESS
PY04534,BK04534,2026-07-10T14:42:00.000+05:30,CREDIT CARD,14800.0,FAILED
PY04535,BK04535,2026-04-18T22:06:00.000+05:30,NET BANKING,22000.0,SUCCESS
PY04536,BK04536,2026-05-14T22:25:00.000+05:30,UPI,10500.0,SUCCESS
PY04537,BK04537,2026-05-09T09:45:00.000+05:30,UPI,8900.0,SUCCESS
PY04538,BK04538,2026-04-22T13:01:00.000+05:30,NET BANKING,3500.0,SUCCESS
PY04539,BK04539,2026-04-17T13:12:00.000+05:30,CREDIT CARD,3500.0,SUCCESS
PY04540,BK04540,2026-05-29T02:49:00.000+05:30,CREDIT CARD,10500.0,SUCCESS
PY04541,BK04541,2026-04-18T15:15:00.000+05:30,CREDIT CARD,7200.0,SUCCESS
PY04542,BK04542,2026-05-03T18:11:00.000+05:30,UPI,8900.0,SUCCESS
PY04543,BK04543,2026-08-14T23:48:00.000+05:30,UPI,8900.0,SUCCESS
PY04544,BK04544,2026-07-29T16:47:00.000+05:30,NET BANKING,14800.0,REFUNDED
PY04545,BK04545,2026-05-06T13:00:00.000+05:30,UPI,22000.0,SUCCESS
PY04546,BK04546,2026-06-21T04:38:00.000+05:30,WALLET,4200.0,FAILED
PY04547,BK04547,2026-04-18T04:47:00.000+05:30,CREDIT CARD,22000.0,SUCCESS
PY04548,BK04548,2026-05-03T17:30:00.000+05:30,DEBIT CARD,7200.0,SUCCESS
PY04549,BK04549,2026-05-23T06:22:00.000+05:30,DEBIT CARD,14800.0,SUCCESS
PY04550,BK04550,2026-07-27T08:44:00.000+05:30,UPI,8900.0,SUCCESS
PY04551,BK04551,2026-06-07T02:50:00.000+05:30,UPI,5600.0,SUCCESS
PY04552,BK04552,2026-06-18T02:22:00.000+05:30,UPI,14800.0,SUCCESS
PY04553,BK04553,2026-07-22T02:18:00.000+05:30,DEBIT CARD,17500.0,SUCCESS
PY04554,BK04554,2026-04-15T06:19:00.000+05:30,WALLET,10500.0,SUCCESS
PY04555,BK04555,2026-08-02T03:01:00.000+05:30,DEBIT CARD,4200.0,SUCCESS
PY04556,BK04556,2026-05-24T08:40:00.000+05:30,UPI,7200.0,SUCCESS
PY04557,BK04557,2026-06-25T06:44:00.000+05:30,CREDIT CARD,17500.0,SUCCESS
PY04558,BK04558,2026-05-02T07:39:00.000+05:30,WALLET,17500.0,SUCCESS
PY04559,BK04559,2026-05-27T00:21:00.000+05:30,DEBIT CARD,12500.0,SUCCESS
PY04560,BK04560,2026-08-11T11:05:00.000+05:30,DEBIT CARD,22000.0,SUCCESS
PY04561,BK04561,2026-07-16T13:48:00.000+05:30,WALLET,22000.0,SUCCESS
PY04562,BK04562,2026-04-23T05:42:00.000+05:30,NET BANKING,10500.0,SUCCESS
PY04563,BK04563,2026-06-29T22:06:00.000+05:30,DEBIT CARD,8900.0,SUCCESS
PY04564,BK04564,2026-06-16T14:50:00.000+05:30,UPI,10500.0,SUCCESS
PY04565,BK04565,2026-08-04T00:33:00.000+05:30,DEBIT CARD,4200.0,SUCCESS
PY04566,BK04566,2026-06-05T01:50:00.000+05:30,NET BANKING,10500.0,SUCCESS
PY04567,BK04567,2026-07-20T13:16:00.000+05:30,UPI,4200.0,SUCCESS
PY04568,BK04568,2026-07-09T03:10:00.000+05:30,CREDIT CARD,3500.0,REFUNDED
PY04569,BK04569,2026-06-23T23:32:00.000+05:30,UPI,4200.0,SUCCESS
PY04570,BK04570,2026-07-12T23:22:00.000+05:30,DEBIT CARD,5600.0,SUCCESS
PY04571,BK04571,2026-05-18T08:09:00.000+05:30,NET BANKING,12500.0,SUCCESS
PY04572,BK04572,2026-06-29T04:22:00.000+05:30,UPI,22000.0,FAILED
PY04573,BK04573,2026-08-05T02:17:00.000+05:30,DEBIT CARD,3500.0,SUCCESS
PY04574,BK04574,2026-05-31T21:55:00.000+05:30,UPI,10500.0,SUCCESS
PY04575,BK04575,2026-04-29T03:55:00.000+05:30,CREDIT CARD,7200.0,SUCCESS
PY04576,BK04576,2026-06-23T19:31:00.000+05:30,DEBIT CARD,17500.0,SUCCESS
PY04577,BK04577,2026-04-27T13:22:00.000+05:30,DEBIT CARD,4200.0,SUCCESS
PY04578,BK04578,2026-06-06T21:03:00.000+05:30,UPI,8900.0,SUCCESS
PY04579,BK04579,2026-07-08T17:31:00.000+05:30,DEBIT CARD,12500.0,SUCCESS
PY04580,BK04580,2026-08-16T12:51:00.000+05:30,WALLET,4200.0,SUCCESS
PY04581,BK04581,2026-05-18T09:06:00.000+05:30,CREDIT CARD,3500.0,SUCCESS
PY04582,BK04582,2026-06-18T08:55:00.000+05:30,CREDIT CARD,4200.0,SUCCESS
PY04583,BK04583,2026-08-14T18:03:00.000+05:30,CREDIT CARD,10500.0,SUCCESS
PY04584,BK04584,2026-04-27T16:09:00.000+05:30,DEBIT CARD,4200.0,SUCCESS
PY04585,BK04585,2026-08-08T02:52:00.000+05:30,CREDIT CARD,14800.0,SUCCESS
PY04586,BK04586,2026-08-03T21:48:00.000+05:30,NET BANKING,8900.0,SUCCESS
PY04587,BK04587,2026-05-31T02:01:00.000+05:30,UPI,12500.0,SUCCESS
PY04588,BK04588,2026-07-20T06:53:00.000+05:30,CREDIT CARD,10500.0,REFUNDED
PY04589,BK04589,2026-05-31T11:41:00.000+05:30,CREDIT CARD,12500.0,SUCCESS
PY04590,BK04590,2026-06-08T00:15:00.000+05:30,WALLET,10500.0,SUCCESS
PY04591,BK04591,2026-06-17T10:29:00.000+05:30,NET BANKING,17500.0,SUCCESS
PY04592,BK04592,2026-05-30T08:32:00.000+05:30,UPI,3500.0,SUCCESS
PY04593,BK04593,2026-07-14T13:57:00.000+05:30,DEBIT CARD,10500.0,SUCCESS
PY04594,BK04594,2026-05-26T20:19:00.000+05:30,UPI,12500.0,SUCCESS
PY04595,BK04595,2026-05-18T04:14:00.000+05:30,WALLET,14800.0,SUCCESS
PY04596,BK04596,2026-08-03T05:49:00.000+05:30,NET BANKING,17500.0,SUCCESS
PY04597,BK04597,2026-07-16T02:50:00.000+05:30,DEBIT CARD,4200.0,SUCCESS
PY04598,BK04598,2026-05-28T04:31:00.000+05:30,WALLET,8900.0,SUCCESS
PY04599,BK04599,2026-05-03T17:40:00.000+05:30,CREDIT CARD,14800.0,SUCCESS
PY04600,BK04600,2026-05-22T00:37:00.000+05:30,DEBIT CARD,5600.0,REFUNDED
PY04601,BK04601,2026-06-12T14:07:00.000+05:30,DEBIT CARD,8900.0,SUCCESS
PY04602,BK04602,2026-06-24T09:07:00.000+05:30,NET BANKING,12500.0,SUCCESS
PY04603,BK04603,2026-06-20T22:12:00.000+05:30,DEBIT CARD,10500.0,REFUNDED
PY04604,BK04604,2026-08-11T20:38:00.000+05:30,DEBIT CARD,14800.0,SUCCESS
PY04605,BK04605,2026-07-27T00:46:00.000+05:30,NET BANKING,17500.0,SUCCESS
PY04606,BK04606,2026-06-15T20:36:00.000+05:30,DEBIT CARD,22000.0,SUCCESS
PY04607,BK04607,2026-06-02T12:08:00.000+05:30,CREDIT CARD,3500.0,SUCCESS
PY04608,BK04608,2026-06-19T07:03:00.000+05:30,DEBIT CARD,3500.0,SUCCESS
PY04609,BK04609,2026-06-30T01:04:00.000+05:30,WALLET,3500.0,SUCCESS
PY04610,BK04610,2026-07-26T05:40:00.000+05:30,UPI,3500.0,SUCCESS
PY04611,BK04611,2026-06-09T23:35:00.000+05:30,UPI,4200.0,SUCCESS
PY04612,BK04612,2026-06-29T20:11:00.000+05:30,UPI,14800.0,SUCCESS
PY04613,BK04613,2026-06-19T17:34:00.000+05:30,CREDIT CARD,12500.0,SUCCESS
PY04614,BK04614,2026-04-17T23:02:00.000+05:30,CREDIT CARD,5600.0,SUCCESS
PY04615,BK04615,2026-04-11T08:23:00.000+05:30,NET BANKING,7200.0,SUCCESS
PY04616,BK04616,2026-05-26T07:59:00.000+05:30,DEBIT CARD,7200.0,SUCCESS
PY04617,BK04617,2026-06-11T03:39:00.000+05:30,NET BANKING,5600.0,SUCCESS
PY04618,BK04618,2026-04-26T06:00:00.000+05:30,UPI,22000.0,FAILED
PY04619,BK04619,2026-06-05T00:50:00.000+05:30,UPI,4200.0,SUCCESS
PY04620,BK04620,2026-06-08T08:17:00.000+05:30,NET BANKING,5600.0,SUCCESS
PY04621,BK04621,2026-07-15T09:53:00.000+05:30,WALLET,8900.0,SUCCESS
PY04622,BK04622,2026-08-14T07:12:00.000+05:30,NET BANKING,3500.0,SUCCESS
PY04623,BK04623,2026-07-20T23:56:00.000+05:30,CREDIT CARD,14800.0,SUCCESS
PY04624,BK04624,2026-05-18T15:51:00.000+05:30,WALLET,4200.0,SUCCESS
PY04625,BK04625,2026-05-18T19:54:00.000+05:30,WALLET,7200.0,SUCCESS
PY04626,BK04626,2026-05-17T22:47:00.000+05:30,NET BANKING,4200.0,SUCCESS
PY04627,BK04627,2026-08-14T20:35:00.000+05:30,UPI,14800.0,SUCCESS
PY04628,BK04628,2026-06-09T03:43:00.000+05:30,UPI,8900.0,SUCCESS
PY04629,BK04629,2026-05-03T04:19:00.000+05:30,DEBIT CARD,3500.0,SUCCESS
PY04630,BK04630,2026-06-28T18:39:00.000+05:30,NET BANKING,5600.0,SUCCESS
PY04631,BK04631,2026-04-30T05:52:00.000+05:30,WALLET,5600.0,SUCCESS
PY04632,BK04632,2026-07-06T07:08:00.000+05:30,NET BANKING,10500.0,SUCCESS
PY04633,BK04633,2026-05-17T01:20:00.000+05:30,UPI,4200.0,SUCCESS
PY04634,BK04634,2026-08-13T17:41:00.000+05:30,CREDIT CARD,10500.0,SUCCESS
PY04635,BK04635,2026-07-03T23:14:00.000+05:30,CREDIT CARD,14800.0,SUCCESS
PY04636,BK04636,2026-07-11T08:00:00.000+05:30,DEBIT CARD,4200.0,FAILED
PY04637,BK04637,2026-06-30T04:35:00.000+05:30,UPI,14800.0,FAILED
PY04638,BK04638,2026-07-13T01:00:00.000+05:30,UPI,7200.0,SUCCESS
PY04639,BK04639,2026-07-04T21:02:00.000+05:30,WALLET,12500.0,SUCCESS
PY04640,BK04640,2026-05-08T00:39:00.000+05:30,DEBIT CARD,10500.0,SUCCESS
PY04641,BK04641,2026-05-16T19:48:00.000+05:30,NET BANKING,3500.0,SUCCESS
PY04642,BK04642,2026-06-08T14:50:00.000+05:30,CREDIT CARD,14800.0,SUCCESS
PY04643,BK04643,2026-06-17T10:50:00.000+05:30,DEBIT CARD,3500.0,SUCCESS
PY04644,BK04644,2026-07-02T08:53:00.000+05:30,DEBIT CARD,12500.0,SUCCESS
PY04645,BK04645,2026-05-16T11:54:00.000+05:30,UPI,14800.0,SUCCESS
PY04646,BK04646,2026-06-12T19:16:00.000+05:30,UPI,4200.0,FAILED
PY04647,BK04647,2026-08-13T08:30:00.000+05:30,WALLET,7200.0,SUCCESS
PY04648,BK04648,2026-08-07T11:48:00.000+05:30,UPI,5600.0,SUCCESS
PY04649,BK04649,2026-06-15T06:50:00.000+05:30,DEBIT CARD,7200.0,SUCCESS
PY04650,BK04650,2026-07-26T16:32:00.000+05:30,UPI,4200.0,SUCCESS
PY04651,BK04651,2026-06-24T04:42:00.000+05:30,NET BANKING,3500.0,REFUNDED
PY04652,BK04652,2026-07-18T02:01:00.000+05:30,UPI,17500.0,SUCCESS
PY04653,BK04653,2026-04-29T01:44:00.000+05:30,NET BANKING,8900.0,SUCCESS
PY04654,BK04654,2026-07-04T15:35:00.000+05:30,DEBIT CARD,7200.0,SUCCESS
PY04655,BK04655,2026-05-05T10:52:00.000+05:30,DEBIT CARD,12500.0,SUCCESS
PY04656,BK04656,2026-08-05T16:15:00.000+05:30,DEBIT CARD,17500.0,SUCCESS
PY04657,BK04657,2026-07-29T19:10:00.000+05:30,DEBIT CARD,12500.0,SUCCESS
PY04658,BK04658,2026-07-08T06:21:00.000+05:30,CREDIT CARD,12500.0,SUCCESS
PY04659,BK04659,2026-04-28T00:11:00.000+05:30,DEBIT CARD,22000.0,SUCCESS
PY04660,BK04660,2026-08-12T00:15:00.000+05:30,NET BANKING,8900.0,SUCCESS
PY04661,BK04661,2026-04-29T00:06:00.000+05:30,DEBIT CARD,12500.0,SUCCESS
PY04662,BK04662,2026-05-24T16:10:00.000+05:30,WALLET,14800.0,SUCCESS
PY04663,BK04663,2026-07-30T21:40:00.000+05:30,NET BANKING,22000.0,SUCCESS
PY04664,BK04664,2026-05-12T07:23:00.000+05:30,CREDIT CARD,4200.0,SUCCESS
PY04665,BK04665,2026-07-18T18:48:00.000+05:30,CREDIT CARD,17500.0,SUCCESS
PY04666,BK04666,2026-07-01T23:51:00.000+05:30,WALLET,5600.0,SUCCESS
PY04667,BK04667,2026-07-16T03:11:00.000+05:30,NET BANKING,7200.0,SUCCESS
PY04668,BK04668,2026-05-22T23:22:00.000+05:30,NET BANKING,14800.0,SUCCESS
PY04669,BK04669,2026-06-29T21:45:00.000+05:30,UPI,4200.0,SUCCESS
PY04670,BK04670,2026-06-04T01:56:00.000+05:30,DEBIT CARD,7200.0,SUCCESS
PY04671,BK04671,2026-08-14T04:31:00.000+05:30,DEBIT CARD,12500.0,REFUNDED
PY04672,BK04672,2026-08-03T20:49:00.000+05:30,DEBIT CARD,4200.0,SUCCESS
PY04673,BK04673,2026-07-24T00:53:00.000+05:30,NET BANKING,10500.0,FAILED
PY04674,BK04674,2026-08-25T21:48:00.000+05:30,CREDIT CARD,14800.0,FAILED
PY04675,BK04675,2026-04-20T21:24:00.000+05:30,WALLET,3500.0,SUCCESS
PY04676,BK04676,2026-05-29T05:56:00.000+05:30,WALLET,14800.0,SUCCESS
PY04677,BK04677,2026-05-03T02:55:00.000+05:30,NET BANKING,10500.0,SUCCESS
PY04678,BK04678,2026-05-14T11:07:00.000+05:30,CREDIT CARD,22000.0,FAILED
PY04679,BK04679,2026-04-10T20:51:00.000+05:30,WALLET,7200.0,SUCCESS
PY04680,BK04680,2026-05-05T22:57:00.000+05:30,WALLET,8900.0,SUCCESS
PY04681,BK04681,2026-07-21T17:30:00.000+05:30,DEBIT CARD,22000.0,SUCCESS
PY04682,BK04682,2026-05-22T17:55:00.000+05:30,UPI,4200.0,SUCCESS
PY04683,BK04683,2026-07-28T09:20:00.000+05:30,DEBIT CARD,4200.0,FAILED
PY04684,BK04684,2026-06-16T19:20:00.000+05:30,WALLET,17500.0,SUCCESS
PY04685,BK04685,2026-04-26T17:05:00.000+05:30,WALLET,3500.0,SUCCESS
PY04686,BK04686,2026-07-13T17:52:00.000+05:30,DEBIT CARD,12500.0,SUCCESS
PY04687,BK04687,2026-07-02T19:49:00.000+05:30,UPI,3500.0,SUCCESS
PY04688,BK04688,2026-07-12T02:18:00.000+05:30,DEBIT CARD,4200.0,SUCCESS
PY04689,BK04689,2026-04-27T13:40:00.000+05:30,UPI,14800.0,SUCCESS
PY04690,BK04690,2026-05-22T05:38:00.000+05:30,CREDIT CARD,3500.0,SUCCESS
PY04691,BK04691,2026-05-29T00:12:00.000+05:30,UPI,10500.0,SUCCESS
PY04692,BK04692,2026-06-24T02:38:00.000+05:30,NET BANKING,7200.0,SUCCESS
PY04693,BK04693,2026-07-26T02:53:00.000+05:30,WALLET,17500.0,SUCCESS
PY04694,BK04694,2026-04-17T15:11:00.000+05:30,UPI,5600.0,SUCCESS
PY04695,BK04695,2026-04-26T10:36:00.000+05:30,UPI,14800.0,SUCCESS
PY04696,BK04696,2026-04-22T11:14:00.000+05:30,UPI,12500.0,SUCCESS
PY04697,BK04697,2026-07-27T15:38:00.000+05:30,WALLET,12500.0,SUCCESS
PY04698,BK04698,2026-08-11T21:55:00.000+05:30,DEBIT CARD,22000.0,SUCCESS
PY04699,BK04699,2026-08-11T21:53:00.000+05:30,UPI,12500.0,SUCCESS
PY04700,BK04700,2026-08-17T09:23:00.000+05:30,DEBIT CARD,4200.0,SUCCESS
PY04701,BK04701,2026-04-14T19:05:00.000+05:30,WALLET,3500.0,REFUNDED
PY04702,BK04702,2026-05-06T08:23:00.000+05:30,NET BANKING,5600.0,SUCCESS
PY04703,BK04703,2026-04-25T00:41:00.000+05:30,CREDIT CARD,22000.0,SUCCESS
PY04704,BK04704,2026-05-20T21:15:00.000+05:30,NET BANKING,8900.0,FAILED
PY04705,BK04705,2026-04-21T08:03:00.000+05:30,CREDIT CARD,22000.0,SUCCESS
PY04706,BK04706,2026-06-26T06:26:00.000+05:30,CREDIT CARD,4200.0,SUCCESS
PY04707,BK04707,2026-08-08T08:45:00.000+05:30,NET BANKING,8900.0,SUCCESS
PY04708,BK04708,2026-06-30T01:18:00.000+05:30,UPI,17500.0,SUCCESS
PY04709,BK04709,2026-07-19T18:12:00.000+05:30,NET BANKING,10500.0,SUCCESS
PY04710,BK04710,2026-05-01T21:31:00.000+05:30,WALLET,10500.0,SUCCESS
PY04711,BK04711,2026-05-15T20:21:00.000+05:30,DEBIT CARD,10500.0,FAILED
PY04712,BK04712,2026-08-18T07:43:00.000+05:30,WALLET,4200.0,SUCCESS
PY04713,BK04713,2026-05-09T08:54:00.000+05:30,UPI,7200.0,SUCCESS
PY04714,BK04714,2026-04-30T12:21:00.000+05:30,DEBIT CARD,4200.0,SUCCESS
PY04715,BK04715,2026-07-21T04:47:00.000+05:30,DEBIT CARD,12500.0,FAILED
PY04716,BK04716,2026-08-21T09:15:00.000+05:30,UPI,22000.0,SUCCESS
PY04717,BK04717,2026-05-10T20:43:00.000+05:30,CREDIT CARD,10500.0,SUCCESS
PY04718,BK04718,2026-04-15T09:01:00.000+05:30,WALLET,12500.0,SUCCESS
PY04719,BK04719,2026-05-29T02:47:00.000+05:30,CREDIT CARD,4200.0,SUCCESS
PY04720,BK04720,2026-05-31T01:05:00.000+05:30,WALLET,3500.0,SUCCESS
PY04721,BK04721,2026-05-21T09:56:00.000+05:30,DEBIT CARD,3500.0,SUCCESS
PY04722,BK04722,2026-08-09T10:08:00.000+05:30,UPI,4200.0,SUCCESS
PY04723,BK04723,2026-06-03T11:14:00.000+05:30,DEBIT CARD,10500.0,SUCCESS
PY04724,BK04724,2026-08-07T13:31:00.000+05:30,UPI,8900.0,SUCCESS
PY04725,BK04725,2026-07-06T12:20:00.000+05:30,DEBIT CARD,12500.0,SUCCESS
PY04726,BK04726,2026-08-03T16:02:00.000+05:30,CREDIT CARD,8900.0,REFUNDED
PY04727,BK04727,2026-06-20T23:57:00.000+05:30,DEBIT CARD,17500.0,SUCCESS
PY04728,BK04728,2026-07-06T05:04:00.000+05:30,DEBIT CARD,12500.0,SUCCESS
PY04729,BK04729,2026-04-30T11:48:00.000+05:30,UPI,22000.0,SUCCESS
PY04730,BK04730,2026-08-18T07:34:00.000+05:30,DEBIT CARD,4200.0,SUCCESS
PY04731,BK04731,2026-08-18T01:50:00.000+05:30,UPI,3500.0,SUCCESS
PY04732,BK04732,2026-06-10T16:47:00.000+05:30,CREDIT CARD,17500.0,SUCCESS
PY04733,BK04733,2026-06-24T20:36:00.000+05:30,UPI,8900.0,SUCCESS
PY04734,BK04734,2026-07-07T01:01:00.000+05:30,NET BANKING,17500.0,SUCCESS
PY04735,BK04735,2026-07-24T06:59:00.000+05:30,UPI,4200.0,SUCCESS
PY04736,BK04736,2026-07-09T21:22:00.000+05:30,WALLET,8900.0,FAILED
PY04737,BK04737,2026-04-30T23:02:00.000+05:30,UPI,4200.0,FAILED
PY04738,BK04738,2026-06-02T20:16:00.000+05:30,CREDIT CARD,22000.0,SUCCESS
PY04739,BK04739,2026-04-15T07:19:00.000+05:30,DEBIT CARD,10500.0,SUCCESS
PY04740,BK04740,2026-07-15T00:45:00.000+05:30,WALLET,4200.0,SUCCESS
PY04741,BK04741,2026-05-08T14:08:00.000+05:30,WALLET,10500.0,SUCCESS
PY04742,BK04742,2026-06-20T21:12:00.000+05:30,WALLET,17500.0,SUCCESS
PY04743,BK04743,2026-04-30T21:11:00.000+05:30,NET BANKING,10500.0,SUCCESS
PY04744,BK04744,2026-07-17T14:52:00.000+05:30,UPI,10500.0,SUCCESS
PY04745,BK04745,2026-07-06T14:16:00.000+05:30,CREDIT CARD,7200.0,SUCCESS
PY04746,BK04746,2026-04-24T01:35:00.000+05:30,CREDIT CARD,12500.0,SUCCESS
PY04747,BK04747,2026-07-06T06:30:00.000+05:30,UPI,22000.0,SUCCESS
PY04748,BK04748,2026-07-16T05:14:00.000+05:30,CREDIT CARD,17500.0,SUCCESS
PY04749,BK04749,2026-08-14T03:25:00.000+05:30,DEBIT CARD,8900.0,SUCCESS
PY04750,BK04750,2026-06-28T04:38:00.000+05:30,NET BANKING,4200.0,SUCCESS
PY04751,BK04751,2026-07-05T19:27:00.000+05:30,WALLET,10500.0,SUCCESS
PY04752,BK04752,2026-08-05T11:07:00.000+05:30,NET BANKING,4200.0,SUCCESS
PY04753,BK04753,2026-06-08T23:56:00.000+05:30,UPI,3500.0,SUCCESS
PY04754,BK04754,2026-05-07T19:33:00.000+05:30,DEBIT CARD,4200.0,SUCCESS
PY04755,BK04755,2026-05-01T03:52:00.000+05:30,NET BANKING,14800.0,SUCCESS
PY04756,BK04756,2026-07-09T17:11:00.000+05:30,UPI,7200.0,SUCCESS
PY04757,BK04757,2026-07-09T18:15:00.000+05:30,CREDIT CARD,12500.0,SUCCESS
PY04758,BK04758,2026-08-01T17:38:00.000+05:30,UPI,3500.0,SUCCESS
PY04759,BK04759,2026-08-18T02:56:00.000+05:30,DEBIT CARD,14800.0,SUCCESS
PY04760,BK04760,2026-05-25T01:17:00.000+05:30,DEBIT CARD,17500.0,SUCCESS
PY04761,BK04761,2026-07-22T06:09:00.000+05:30,NET BANKING,7200.0,REFUNDED
PY04762,BK04762,2026-06-08T23:19:00.000+05:30,WALLET,14800.0,SUCCESS
PY04763,BK04763,2026-08-08T19:12:00.000+05:30,NET BANKING,22000.0,SUCCESS
PY04764,BK04764,2026-06-10T09:23:00.000+05:30,DEBIT CARD,4200.0,SUCCESS
PY04765,BK04765,2026-07-22T02:26:00.000+05:30,UPI,5600.0,SUCCESS
PY04766,BK04766,2026-04-27T17:25:00.000+05:30,WALLET,5600.0,SUCCESS
PY04767,BK04767,2026-06-20T08:28:00.000+05:30,CREDIT CARD,4200.0,SUCCESS
PY04768,BK04768,2026-08-11T08:03:00.000+05:30,UPI,7200.0,FAILED
PY04769,BK04769,2026-05-26T08:48:00.000+05:30,DEBIT CARD,12500.0,SUCCESS
PY04770,BK04770,2026-06-30T23:09:00.000+05:30,CREDIT CARD,4200.0,SUCCESS
PY04771,BK04771,2026-05-18T15:18:00.000+05:30,WALLET,4200.0,SUCCESS
PY04772,BK04772,2026-08-07T20:11:00.000+05:30,DEBIT CARD,14800.0,SUCCESS
PY04773,BK04773,2026-06-03T02:50:00.000+05:30,WALLET,8900.0,SUCCESS
PY04774,BK04774,2026-07-23T11:08:00.000+05:30,UPI,12500.0,SUCCESS
PY04775,BK04775,2026-05-06T02:07:00.000+05:30,UPI,8900.0,SUCCESS
PY04776,BK04776,2026-04-20T17:37:00.000+05:30,NET BANKING,17500.0,SUCCESS
PY04777,BK04777,2026-06-07T04:24:00.000+05:30,CREDIT CARD,12500.0,SUCCESS
PY04778,BK04778,2026-07-28T18:00:00.000+05:30,CREDIT CARD,3500.0,SUCCESS
PY04779,BK04779,2026-04-29T17:52:00.000+05:30,NET BANKING,5600.0,SUCCESS
PY04780,BK04780,2026-06-12T11:28:00.000+05:30,UPI,8900.0,FAILED
PY04781,BK04781,2026-07-19T02:10:00.000+05:30,NET BANKING,7200.0,SUCCESS
PY04782,BK04782,2026-08-10T17:42:00.000+05:30,DEBIT CARD,10500.0,SUCCESS
PY04783,BK04783,2026-06-25T03:17:00.000+05:30,WALLET,12500.0,SUCCESS
PY04784,BK04784,2026-07-09T11:07:00.000+05:30,NET BANKING,3500.0,SUCCESS
PY04785,BK04785,2026-07-25T11:26:00.000+05:30,NET BANKING,4200.0,SUCCESS
PY04786,BK04786,2026-06-23T12:32:00.000+05:30,CREDIT CARD,8900.0,REFUNDED
PY04787,BK04787,2026-07-31T16:36:00.000+05:30,CREDIT CARD,17500.0,FAILED
PY04788,BK04788,2026-06-18T03:03:00.000+05:30,CREDIT CARD,10500.0,SUCCESS
PY04789,BK04789,2026-06-28T05:05:00.000+05:30,CREDIT CARD,7200.0,SUCCESS
PY04790,BK04790,2026-08-06T02:36:00.000+05:30,DEBIT CARD,4200.0,SUCCESS
PY04791,BK04791,2026-06-07T00:38:00.000+05:30,NET BANKING,12500.0,SUCCESS
PY04792,BK04792,2026-06-03T12:36:00.000+05:30,UPI,4200.0,SUCCESS
PY04793,BK04793,2026-07-23T10:21:00.000+05:30,NET BANKING,14800.0,SUCCESS
PY04794,BK04794,2026-07-07T23:53:00.000+05:30,WALLET,5600.0,SUCCESS
PY04795,BK04795,2026-07-01T02:11:00.000+05:30,WALLET,3500.0,SUCCESS
PY04796,BK04796,2026-06-24T11:44:00.000+05:30,WALLET,8900.0,REFUNDED
PY04797,BK04797,2026-06-09T19:32:00.000+05:30,WALLET,10500.0,SUCCESS
PY04798,BK04798,2026-05-14T02:04:00.000+05:30,UPI,5600.0,SUCCESS
PY04799,BK04799,2026-07-23T08:27:00.000+05:30,WALLET,14800.0,SUCCESS
PY04800,BK04800,2026-07-13T15:46:00.000+05:30,DEBIT CARD,12500.0,SUCCESS
PY04801,BK04801,2026-07-23T10:04:00.000+05:30,CREDIT CARD,3500.0,SUCCESS
PY04802,BK04802,2026-06-24T15:43:00.000+05:30,NET BANKING,4200.0,SUCCESS
PY04803,BK04803,2026-07-16T06:57:00.000+05:30,CREDIT CARD,14800.0,SUCCESS
PY04804,BK04804,2026-08-26T04:12:00.000+05:30,WALLET,7200.0,FAILED
PY04805,BK04805,2026-08-20T09:29:00.000+05:30,WALLET,10500.0,SUCCESS
PY04806,BK04806,2026-08-17T19:27:00.000+05:30,UPI,5600.0,SUCCESS
PY04807,BK04807,2026-04-30T21:32:00.000+05:30,NET BANKING,3500.0,SUCCESS
PY04808,BK04808,2026-07-06T20:08:00.000+05:30,DEBIT CARD,14800.0,SUCCESS
PY04809,BK04809,2026-08-03T05:29:00.000+05:30,CREDIT CARD,7200.0,SUCCESS
PY04810,BK04810,2026-07-10T00:36:00.000+05:30,NET BANKING,5600.0,SUCCESS
PY04811,BK04811,2026-04-19T06:39:00.000+05:30,UPI,10500.0,SUCCESS
PY04812,BK04812,2026-07-31T01:31:00.000+05:30,DEBIT CARD,4200.0,SUCCESS
PY04813,BK04813,2026-06-14T02:03:00.000+05:30,CREDIT CARD,10500.0,SUCCESS
PY04814,BK04814,2026-05-31T09:24:00.000+05:30,CREDIT CARD,3500.0,SUCCESS
PY04815,BK04815,2026-06-17T14:52:00.000+05:30,CREDIT CARD,14800.0,SUCCESS
PY04816,BK04816,2026-07-14T00:37:00.000+05:30,UPI,22000.0,SUCCESS
PY04817,BK04817,2026-07-04T08:34:00.000+05:30,UPI,3500.0,SUCCESS
PY04818,BK04818,2026-06-17T23:04:00.000+05:30,NET BANKING,4200.0,FAILED
PY04819,BK04819,2026-06-07T12:11:00.000+05:30,WALLET,17500.0,SUCCESS
PY04820,BK04820,2026-08-12T09:37:00.000+05:30,UPI,4200.0,SUCCESS
PY04821,BK04821,2026-07-07T06:54:00.000+05:30,CREDIT CARD,7200.0,SUCCESS
PY04822,BK04822,2026-07-05T00:39:00.000+05:30,DEBIT CARD,10500.0,SUCCESS
PY04823,BK04823,2026-07-20T17:53:00.000+05:30,CREDIT CARD,8900.0,SUCCESS
PY04824,BK04824,2026-05-23T02:27:00.000+05:30,NET BANKING,17500.0,REFUNDED
PY04825,BK04825,2026-08-04T17:39:00.000+05:30,NET BANKING,3500.0,SUCCESS
PY04826,BK04826,2026-07-14T07:56:00.000+05:30,DEBIT CARD,5600.0,SUCCESS
PY04827,BK04827,2026-06-30T00:12:00.000+05:30,CREDIT CARD,14800.0,FAILED
PY04828,BK04828,2026-07-22T19:54:00.000+05:30,CREDIT CARD,12500.0,SUCCESS
PY04829,BK04829,2026-05-29T21:00:00.000+05:30,CREDIT CARD,12500.0,SUCCESS
PY04830,BK04830,2026-06-06T00:23:00.000+05:30,WALLET,12500.0,SUCCESS
PY04831,BK04831,2026-04-22T00:02:00.000+05:30,DEBIT CARD,5600.0,SUCCESS
PY04832,BK04832,2026-06-20T08:35:00.000+05:30,WALLET,3500.0,SUCCESS
PY04833,BK04833,2026-06-16T17:04:00.000+05:30,CREDIT CARD,5600.0,SUCCESS
PY04834,BK04834,2026-08-12T14:08:00.000+05:30,CREDIT CARD,4200.0,SUCCESS
PY04835,BK04835,2026-06-03T02:32:00.000+05:30,CREDIT CARD,14800.0,SUCCESS
PY04836,BK04836,2026-07-09T23:53:00.000+05:30,UPI,7200.0,FAILED
PY04837,BK04837,2026-05-29T07:06:00.000+05:30,CREDIT CARD,17500.0,SUCCESS
PY04838,BK04838,2026-05-18T14:31:00.000+05:30,DEBIT CARD,7200.0,SUCCESS
PY04839,BK04839,2026-06-13T08:45:00.000+05:30,DEBIT CARD,8900.0,SUCCESS
PY04840,BK04840,2026-05-12T16:17:00.000+05:30,DEBIT CARD,12500.0,SUCCESS
PY04841,BK04841,2026-06-17T09:13:00.000+05:30,WALLET,3500.0,SUCCESS
PY04842,BK04842,2026-07-30T00:22:00.000+05:30,WALLET,3500.0,SUCCESS
PY04843,BK04843,2026-04-15T07:59:00.000+05:30,NET BANKING,3500.0,SUCCESS
PY04844,BK04844,2026-06-19T07:03:00.000+05:30,DEBIT CARD,4200.0,SUCCESS
PY04845,BK04845,2026-07-12T18:40:00.000+05:30,WALLET,14800.0,SUCCESS
PY04846,BK04846,2026-07-26T23:25:00.000+05:30,UPI,4200.0,SUCCESS
PY04847,BK04847,2026-07-27T04:35:00.000+05:30,UPI,4200.0,SUCCESS
PY04848,BK04848,2026-05-16T00:26:00.000+05:30,DEBIT CARD,22000.0,SUCCESS
PY04849,BK04849,2026-08-18T10:17:00.000+05:30,NET BANKING,5600.0,SUCCESS
PY04850,BK04850,2026-06-06T06:52:00.000+05:30,DEBIT CARD,5600.0,SUCCESS
PY04851,BK04851,2026-04-28T07:57:00.000+05:30,UPI,5600.0,SUCCESS
PY04852,BK04852,2026-06-05T21:27:00.000+05:30,CREDIT CARD,8900.0,SUCCESS
PY04853,BK04853,2026-08-15T08:10:00.000+05:30,CREDIT CARD,14800.0,SUCCESS
PY04854,BK04854,2026-08-15T10:00:00.000+05:30,UPI,22000.0,SUCCESS
PY04855,BK04855,2026-06-19T21:39:00.000+05:30,NET BANKING,4200.0,SUCCESS
PY04856,BK04856,2026-07-29T17:47:00.000+05:30,NET BANKING,4200.0,SUCCESS
PY04857,BK04857,2026-05-09T19:32:00.000+05:30,NET BANKING,10500.0,SUCCESS
PY04858,BK04858,2026-08-08T13:58:00.000+05:30,DEBIT CARD,22000.0,SUCCESS
PY04859,BK04859,2026-06-21T23:51:00.000+05:30,CREDIT CARD,5600.0,SUCCESS
PY04860,BK04860,2026-05-21T03:58:00.000+05:30,UPI,3500.0,SUCCESS
PY04861,BK04861,2026-04-27T09:09:00.000+05:30,DEBIT CARD,7200.0,SUCCESS
PY04862,BK04862,2026-07-16T06:56:00.000+05:30,WALLET,8900.0,SUCCESS
PY04863,BK04863,2026-05-20T20:47:00.000+05:30,NET BANKING,22000.0,SUCCESS
PY04864,BK04864,2026-06-10T01:15:00.000+05:30,CREDIT CARD,5600.0,SUCCESS
PY04865,BK04865,2026-08-05T19:09:00.000+05:30,NET BANKING,22000.0,SUCCESS
PY04866,BK04866,2026-07-31T16:43:00.000+05:30,UPI,17500.0,SUCCESS
PY04867,BK04867,2026-05-12T04:47:00.000+05:30,UPI,14800.0,SUCCESS
PY04868,BK04868,2026-05-23T06:15:00.000+05:30,UPI,12500.0,SUCCESS
PY04869,BK04869,2026-06-12T06:34:00.000+05:30,NET BANKING,8900.0,FAILED
PY04870,BK04870,2026-05-09T07:02:00.000+05:30,CREDIT CARD,4200.0,SUCCESS
PY04871,BK04871,2026-04-17T08:18:00.000+05:30,WALLET,7200.0,SUCCESS
PY04872,BK04872,2026-04-30T22:12:00.000+05:30,WALLET,3500.0,SUCCESS
PY04873,BK04873,2026-06-28T14:06:00.000+05:30,NET BANKING,4200.0,SUCCESS
PY04874,BK04874,2026-05-03T12:32:00.000+05:30,NET BANKING,22000.0,SUCCESS
PY04875,BK04875,2026-04-12T12:18:00.000+05:30,DEBIT CARD,12500.0,SUCCESS
PY04876,BK04876,2026-06-26T19:28:00.000+05:30,WALLET,4200.0,SUCCESS
PY04877,BK04877,2026-08-08T16:44:00.000+05:30,NET BANKING,7200.0,SUCCESS
PY04878,BK04878,2026-06-09T11:24:00.000+05:30,CREDIT CARD,14800.0,SUCCESS
PY04879,BK04879,2026-05-10T13:49:00.000+05:30,WALLET,5600.0,SUCCESS
PY04880,BK04880,2026-05-24T03:18:00.000+05:30,CREDIT CARD,22000.0,SUCCESS
PY04881,BK04881,2026-07-08T18:16:00.000+05:30,WALLET,12500.0,SUCCESS
PY04882,BK04882,2026-07-20T21:39:00.000+05:30,UPI,12500.0,SUCCESS
PY04883,BK04883,2026-07-15T14:30:00.000+05:30,WALLET,3500.0,SUCCESS
PY04884,BK04884,2026-04-25T13:51:00.000+05:30,NET BANKING,4200.0,SUCCESS
PY04885,BK04885,2026-04-19T03:45:00.000+05:30,WALLET,5600.0,SUCCESS
PY04886,BK04886,2026-05-20T01:28:00.000+05:30,WALLET,14800.0,SUCCESS
PY04887,BK04887,2026-08-04T09:06:00.000+05:30,DEBIT CARD,22000.0,SUCCESS
PY04888,BK04888,2026-04-30T08:25:00.000+05:30,WALLET,4200.0,SUCCESS
PY04889,BK04889,2026-06-11T23:27:00.000+05:30,DEBIT CARD,12500.0,SUCCESS
PY04890,BK04890,2026-06-22T06:24:00.000+05:30,DEBIT CARD,12500.0,SUCCESS
PY04891,BK04891,2026-07-03T11:49:00.000+05:30,DEBIT CARD,10500.0,SUCCESS
PY04892,BK04892,2026-06-29T02:36:00.000+05:30,UPI,4200.0,SUCCESS
PY04893,BK04893,2026-05-29T21:37:00.000+05:30,DEBIT CARD,10500.0,SUCCESS
PY04894,BK04894,2026-07-20T16:08:00.000+05:30,DEBIT CARD,8900.0,SUCCESS
PY04895,BK04895,2026-06-16T14:59:00.000+05:30,NET BANKING,22000.0,SUCCESS
PY04896,BK04896,2026-08-02T00:07:00.000+05:30,CREDIT CARD,22000.0,SUCCESS
PY04897,BK04897,2026-08-17T00:20:00.000+05:30,UPI,22000.0,FAILED
PY04898,BK04898,2026-07-06T08:17:00.000+05:30,UPI,8900.0,SUCCESS
PY04899,BK04899,2026-04-08T02:51:00.000+05:30,NET BANKING,4200.0,SUCCESS
PY04900,BK04900,2026-05-27T05:08:00.000+05:30,DEBIT CARD,7200.0,SUCCESS
PY04901,BK04901,2026-05-21T15:38:00.000+05:30,NET BANKING,8900.0,SUCCESS
PY04902,BK04902,2026-04-10T07:56:00.000+05:30,WALLET,10500.0,SUCCESS
PY04903,BK04903,2026-08-02T11:02:00.000+05:30,UPI,12500.0,SUCCESS
PY04904,BK04904,2026-07-11T17:31:00.000+05:30,WALLET,4200.0,SUCCESS
PY04905,BK04905,2026-04-22T12:16:00.000+05:30,UPI,22000.0,REFUNDED
PY04906,BK04906,2026-07-11T21:42:00.000+05:30,DEBIT CARD,17500.0,SUCCESS
PY04907,BK04907,2026-05-15T06:09:00.000+05:30,NET BANKING,22000.0,SUCCESS
PY04908,BK04908,2026-06-04T10:14:00.000+05:30,CREDIT CARD,14800.0,SUCCESS
PY04909,BK04909,2026-07-03T17:56:00.000+05:30,DEBIT CARD,12500.0,SUCCESS
PY04910,BK04910,2026-07-01T14:23:00.000+05:30,NET BANKING,5600.0,SUCCESS
PY04911,BK04911,2026-06-18T08:36:00.000+05:30,UPI,5600.0,SUCCESS
PY04912,BK04912,2026-08-09T09:39:00.000+05:30,DEBIT CARD,14800.0,SUCCESS
PY04913,BK04913,2026-04-26T05:50:00.000+05:30,WALLET,3500.0,SUCCESS
PY04914,BK04914,2026-05-30T08:38:00.000+05:30,CREDIT CARD,12500.0,SUCCESS
PY04915,BK04915,2026-07-05T06:51:00.000+05:30,UPI,8900.0,SUCCESS
PY04916,BK04916,2026-07-18T02:26:00.000+05:30,WALLET,10500.0,SUCCESS
PY04917,BK04917,2026-04-27T14:09:00.000+05:30,WALLET,12500.0,SUCCESS
PY04918,BK04918,2026-07-25T02:24:00.000+05:30,DEBIT CARD,3500.0,SUCCESS
PY04919,BK04919,2026-07-16T18:47:00.000+05:30,NET BANKING,3500.0,SUCCESS
PY04920,BK04920,2026-06-08T02:46:00.000+05:30,DEBIT CARD,4200.0,SUCCESS
PY04921,BK04921,2026-07-05T01:34:00.000+05:30,DEBIT CARD,8900.0,SUCCESS
PY04922,BK04922,2026-05-23T12:16:00.000+05:30,DEBIT CARD,3500.0,SUCCESS
PY04923,BK04923,2026-08-12T20:16:00.000+05:30,DEBIT CARD,7200.0,SUCCESS
PY04924,BK04924,2026-04-25T21:46:00.000+05:30,WALLET,3500.0,SUCCESS
PY04925,BK04925,2026-08-03T12:54:00.000+05:30,WALLET,7200.0,SUCCESS
PY04926,BK04926,2026-07-15T03:53:00.000+05:30,CREDIT CARD,17500.0,SUCCESS
PY04927,BK04927,2026-04-13T03:52:00.000+05:30,UPI,7200.0,REFUNDED
PY04928,BK04928,2026-06-08T09:18:00.000+05:30,DEBIT CARD,10500.0,FAILED
PY04929,BK04929,2026-08-20T00:19:00.000+05:30,NET BANKING,8900.0,SUCCESS
PY04930,BK04930,2026-06-11T11:15:00.000+05:30,CREDIT CARD,10500.0,SUCCESS
PY04931,BK04931,2026-07-25T00:34:00.000+05:30,DEBIT CARD,17500.0,SUCCESS
PY04932,BK04932,2026-05-07T21:47:00.000+05:30,DEBIT CARD,4200.0,SUCCESS
PY04933,BK04933,2026-07-16T00:41:00.000+05:30,WALLET,12500.0,SUCCESS
PY04934,BK04934,2026-07-25T18:40:00.000+05:30,DEBIT CARD,7200.0,SUCCESS
PY04935,BK04935,2026-05-16T21:46:00.000+05:30,CREDIT CARD,5600.0,FAILED
PY04936,BK04936,2026-05-19T06:13:00.000+05:30,UPI,3500.0,SUCCESS
PY04937,BK04937,2026-06-05T12:13:00.000+05:30,WALLET,4200.0,SUCCESS
PY04938,BK04938,2026-06-28T08:10:00.000+05:30,UPI,4200.0,SUCCESS
PY04939,BK04939,2026-04-23T13:11:00.000+05:30,DEBIT CARD,12500.0,SUCCESS
PY04940,BK04940,2026-04-28T21:22:00.000+05:30,WALLET,10500.0,FAILED
PY04941,BK04941,2026-06-30T15:44:00.000+05:30,DEBIT CARD,8900.0,SUCCESS
PY04942,BK04942,2026-06-03T05:54:00.000+05:30,UPI,22000.0,SUCCESS
PY04943,BK04943,2026-04-21T02:19:00.000+05:30,NET BANKING,14800.0,SUCCESS
PY04944,BK04944,2026-06-02T20:56:00.000+05:30,UPI,10500.0,SUCCESS
PY04945,BK04945,2026-04-28T21:58:00.000+05:30,NET BANKING,8900.0,SUCCESS
PY04946,BK04946,2026-06-03T23:45:00.000+05:30,CREDIT CARD,5600.0,FAILED
PY04947,BK04947,2026-07-24T12:54:00.000+05:30,CREDIT CARD,12500.0,SUCCESS
PY04948,BK04948,2026-06-27T03:30:00.000+05:30,NET BANKING,17500.0,FAILED
PY04949,BK04949,2026-08-11T15:45:00.000+05:30,UPI,4200.0,SUCCESS
PY04950,BK04950,2026-08-11T03:30:00.000+05:30,NET BANKING,8900.0,REFUNDED
PY04951,BK04951,2026-04-26T02:06:00.000+05:30,CREDIT CARD,5600.0,SUCCESS
PY04952,BK04952,2026-07-21T03:57:00.000+05:30,NET BANKING,5600.0,SUCCESS
PY04953,BK04953,2026-06-19T13:01:00.000+05:30,WALLET,10500.0,SUCCESS
PY04954,BK04954,2026-07-07T17:11:00.000+05:30,CREDIT CARD,4200.0,SUCCESS
PY04955,BK04955,2026-07-07T01:10:00.000+05:30,UPI,10500.0,SUCCESS
PY04956,BK04956,2026-07-14T00:35:00.000+05:30,WALLET,8900.0,SUCCESS
PY04957,BK04957,2026-07-14T04:12:00.000+05:30,WALLET,22000.0,SUCCESS
PY04958,BK04958,2026-04-27T04:14:00.000+05:30,CREDIT CARD,8900.0,SUCCESS
PY04959,BK04959,2026-08-20T01:20:00.000+05:30,WALLET,8900.0,SUCCESS
PY04960,BK04960,2026-06-26T01:39:00.000+05:30,WALLET,8900.0,SUCCESS
PY04961,BK04961,2026-04-25T08:33:00.000+05:30,UPI,7200.0,SUCCESS
PY04962,BK04962,2026-06-05T20:43:00.000+05:30,WALLET,4200.0,SUCCESS
PY04963,BK04963,2026-05-20T01:54:00.000+05:30,UPI,8900.0,SUCCESS
PY04964,BK04964,2026-06-10T17:46:00.000+05:30,CREDIT CARD,10500.0,SUCCESS
PY04965,BK04965,2026-08-09T00:50:00.000+05:30,UPI,10500.0,SUCCESS
PY04966,BK04966,2026-06-05T04:35:00.000+05:30,WALLET,17500.0,SUCCESS
PY04967,BK04967,2026-07-08T00:08:00.000+05:30,DEBIT CARD,14800.0,SUCCESS
PY04968,BK04968,2026-04-24T16:22:00.000+05:30,WALLET,3500.0,SUCCESS
PY04969,BK04969,2026-07-17T13:46:00.000+05:30,DEBIT CARD,10500.0,FAILED
PY04970,BK04970,2026-06-09T10:59:00.000+05:30,UPI,7200.0,SUCCESS
PY04971,BK04971,2026-06-17T17:52:00.000+05:30,UPI,22000.0,SUCCESS
PY04972,BK04972,2026-07-09T20:45:00.000+05:30,CREDIT CARD,12500.0,SUCCESS
PY04973,BK04973,2026-04-07T03:24:00.000+05:30,NET BANKING,3500.0,SUCCESS
PY04974,BK04974,2026-06-20T16:42:00.000+05:30,DEBIT CARD,5600.0,SUCCESS
PY04975,BK04975,2026-04-25T02:46:00.000+05:30,WALLET,12500.0,SUCCESS
PY04976,BK04976,2026-05-29T01:53:00.000+05:30,CREDIT CARD,12500.0,REFUNDED
PY04977,BK04977,2026-04-27T14:17:00.000+05:30,WALLET,12500.0,SUCCESS
PY04978,BK04978,2026-06-15T17:46:00.000+05:30,UPI,14800.0,SUCCESS
PY04979,BK04979,2026-04-18T16:26:00.000+05:30,DEBIT CARD,7200.0,SUCCESS
PY04980,BK04980,2026-05-02T13:46:00.000+05:30,CREDIT CARD,17500.0,SUCCESS
PY04981,BK04981,2026-07-12T07:25:00.000+05:30,WALLET,10500.0,REFUNDED
PY04982,BK04982,2026-06-08T12:20:00.000+05:30,UPI,22000.0,SUCCESS
PY04983,BK04983,2026-06-02T08:31:00.000+05:30,WALLET,3500.0,SUCCESS
PY04984,BK04984,2026-08-02T18:06:00.000+05:30,WALLET,17500.0,SUCCESS
PY04985,BK04985,2026-06-09T11:09:00.000+05:30,WALLET,7200.0,SUCCESS
PY04986,BK04986,2026-04-27T17:52:00.000+05:30,DEBIT CARD,7200.0,SUCCESS
PY04987,BK04987,2026-06-30T08:42:00.000+05:30,DEBIT CARD,8900.0,SUCCESS
PY04988,BK04988,2026-04-23T11:30:00.000+05:30,WALLET,17500.0,SUCCESS
PY04989,BK04989,2026-08-11T02:37:00.000+05:30,UPI,3500.0,SUCCESS
PY04990,BK04990,2026-04-28T23:52:00.000+05:30,WALLET,22000.0,SUCCESS
PY04991,BK04991,2026-07-29T07:59:00.000+05:30,CREDIT CARD,3500.0,SUCCESS
PY04992,BK04992,2026-05-17T03:09:00.000+05:30,NET BANKING,4200.0,SUCCESS
PY04993,BK04993,2026-05-15T06:08:00.000+05:30,UPI,14800.0,SUCCESS
PY04994,BK04994,2026-04-11T01:13:00.000+05:30,NET BANKING,14800.0,SUCCESS
PY04995,BK04995,2026-05-14T09:24:00.000+05:30,DEBIT CARD,7200.0,SUCCESS
PY04996,BK04996,2026-07-10T01:46:00.000+05:30,WALLET,3500.0,SUCCESS
PY04997,BK04997,2026-05-08T16:15:00.000+05:30,NET BANKING,8900.0,SUCCESS
PY04998,BK04998,2026-07-02T18:59:00.000+05:30,UPI,5600.0,SUCCESS
PY04999,BK04999,2026-07-09T12:22:00.000+05:30,WALLET,10500.0,SUCCESS
PY05000,BK05000,2026-05-05T12:26:00.000+05:30,DEBIT CARD,17500.0,SUCCESS
